profile,trajectory_id,operating_point_key,samples,start_s,end_s,span_s,median_sample_interval_s,vgs_V,vds_V,tcase_C,peak_id_A,peak_ploss_W,total_loss_energy_J,conduction_energy_J,miller_energy_J,thermal_exposure_Ks,cumulative_electrical_stress,cumulative_conduction_stress,max_vds_rating_utilisation,max_id_continuous_rating_utilisation,samples_outside_rated_envelope
capacitance,capacitance::0.0|0.0|25.0,0.0|0.0|25.0,1,0.0,0.0,0.0,,0.0,0.0,25.0,0.0,0.0,0.0,0.0,0.0,0.0,0.0,0.0,0.0,0.0,0
capacitance,capacitance::0.0|1.0|25.0,0.0|1.0|25.0,1,1e-09,1e-09,0.0,,0.0,1.0,25.0,6.6098013118876455,0.3437327792200853,0.0,0.0,0.0,0.0,0.0,0.0,0.006666666666666667,0.05747653314684909,0
capacitance,capacitance::0.0|2.0|25.0,0.0|2.0|25.0,1,2e-09,2e-09,0.0,,0.0,2.0,25.0,6.211300152561617,0.5584782277033229,0.0,0.0,0.0,0.0,0.0,0.0,0.013333333333333334,0.054011305674448847,0
capacitance,capacitance::0.0|3.0|25.0,0.0|3.0|25.0,1,3.0000000000000004e-09,3.0000000000000004e-09,0.0,,0.0,3.0,25.0,5.858117578297624,0.705370545761213,0.0,0.0,0.0,0.0,0.0,0.0,0.02,0.05094015285476195,0
capacitance,capacitance::0.0|4.0|25.0,0.0|4.0|25.0,1,4e-09,4e-09,0.0,,0.0,4.0,25.0,5.542938899421687,0.8121815395577734,0.0,0.0,0.0,0.0,0.0,0.0,0.02666666666666667,0.048199468690623366,0
capacitance,capacitance::0.0|5.0|25.0,0.0|5.0|25.0,1,5e-09,5e-09,0.0,,0.0,5.0,25.0,5.2599432314360905,0.8933467557961833,0.0,0.0,0.0,0.0,0.0,0.0,0.03333333333333333,0.04573863679509644,0
capacitance,capacitance::0.0|6.0|25.0,0.0|6.0|25.0,1,6.000000000000001e-09,6.000000000000001e-09,0.0,,0.0,6.0,25.0,5.004440689981199,0.9571126781531676,0.0,0.0,0.0,0.0,0.0,0.0,0.04,0.0435168755650539,0
capacitance,capacitance::0.0|7.0|25.0,0.0|7.0|25.0,1,7.000000000000001e-09,7.000000000000001e-09,0.0,,0.0,7.0,25.0,4.7726104242987315,1.0085324845371286,0.0,0.0,0.0,0.0,0.0,0.0,0.04666666666666667,0.04150096021129332,0
capacitance,capacitance::0.0|8.0|25.0,0.0|8.0|25.0,1,8e-09,8e-09,0.0,,0.0,8.0,25.0,4.561308239839701,1.0508753085314564,0.0,0.0,0.0,0.0,0.0,0.0,0.05333333333333334,0.039663549911649575,0
capacitance,capacitance::0.0|9.0|25.0,0.0|9.0|25.0,1,9.000000000000001e-09,9.000000000000001e-09,0.0,,0.0,9.0,25.0,4.36792315788453,1.0863497129284447,0.0,0.0,0.0,0.0,0.0,0.0,0.06,0.037981940503343734,0
capacitance,capacitance::0.0|10.0|25.0,0.0|10.0|25.0,1,1e-08,1e-08,0.0,,0.0,10.0,25.0,4.190268979553415,1.1165015117702977,0.0,0.0,0.0,0.0,0.0,0.0,0.06666666666666667,0.036437121561334045,0
capacitance,capacitance::0.0|11.0|25.0,0.0|11.0|25.0,1,1.1000000000000001e-08,1.1000000000000001e-08,0.0,,0.0,11.0,25.0,4.02650127773497,1.1424450201698524,0.0,0.0,0.0,0.0,0.0,0.0,0.07333333333333333,0.03501305458899974,0
capacitance,capacitance::0.0|12.0|25.0,0.0|12.0|25.0,1,1.2000000000000002e-08,1.2000000000000002e-08,0.0,,0.0,12.0,25.0,3.8750531220292053,1.1650037937055233,0.0,0.0,0.0,0.0,0.0,0.0,0.08,0.033696114104601785,0
capacitance,capacitance::0.0|13.0|25.0,0.0|13.0|25.0,1,1.3e-08,1.3e-08,0.0,,0.0,13.0,25.0,3.7345847832846095,1.1847996561708807,0.0,0.0,0.0,0.0,0.0,0.0,0.08666666666666667,0.03247465028943139,0
capacitance,capacitance::0.0|14.0|25.0,0.0|14.0|25.0,1,1.4000000000000001e-08,1.4000000000000001e-08,0.0,,0.0,14.0,25.0,3.6039439945552685,1.2023109035897357,0.0,0.0,0.0,0.0,0.0,0.0,0.09333333333333334,0.03133864343091538,0
capacitance,capacitance::0.0|15.0|25.0,0.0|15.0|25.0,1,1.5000000000000002e-08,1.5000000000000002e-08,0.0,,0.0,15.0,25.0,3.482134270902201,1.217911455882994,0.0,0.0,0.0,0.0,0.0,0.0,0.1,0.030279428442627834,0
capacitance,capacitance::0.0|16.0|25.0,0.0|16.0|25.0,1,1.6e-08,1.6e-08,0.0,,0.0,16.0,25.0,3.368289443708586,1.2318978557430094,0.0,0.0,0.0,0.0,0.0,0.0,0.10666666666666667,0.029289473423552922,0
capacitance,capacitance::0.0|17.0|25.0,0.0|17.0|25.0,1,1.7e-08,1.7e-08,0.0,,0.0,17.0,25.0,3.261653032294594,1.2445082992085492,0.0,0.0,0.0,0.0,0.0,0.0,0.11333333333333333,0.028362200280822557,0
capacitance,capacitance::0.0|18.0|25.0,0.0|18.0|25.0,1,1.8000000000000002e-08,1.8000000000000002e-08,0.0,,0.0,18.0,25.0,3.1615614137225605,1.2559363129822896,0.0,0.0,0.0,0.0,0.0,0.0,0.12,0.027491838380196178,0
capacitance,capacitance::0.0|19.0|25.0,0.0|19.0|25.0,1,1.9e-08,1.9e-08,0.0,,0.0,19.0,25.0,3.067429999188473,1.2663407566494889,0.0,0.0,0.0,0.0,0.0,0.0,0.12666666666666668,0.02667330434076933,0
capacitance,capacitance::0.0|20.0|25.0,0.0|20.0|25.0,1,2e-08,2e-08,0.0,,0.0,20.0,25.0,2.9787418084961264,1.2758532524985353,0.0,0.0,0.0,0.0,0.0,0.0,0.13333333333333333,0.02590210268257501,0
capacitance,capacitance::0.0|21.0|25.0,0.0|21.0|25.0,1,2.1000000000000003e-08,2.1000000000000003e-08,0.0,,0.0,21.0,25.0,2.895037970904022,1.2845837830584026,0.0,0.0,0.0,0.0,0.0,0.0,0.14,0.025174243225252364,0
capacitance,capacitance::0.0|22.0|25.0,0.0|22.0|25.0,1,2.2000000000000002e-08,2.2000000000000002e-08,0.0,,0.0,22.0,25.0,2.8159097837786473,1.2926249627141082,0.0,0.0,0.0,0.0,0.0,0.0,0.14666666666666667,0.024486172032857804,0
capacitance,capacitance::0.0|23.0|25.0,0.0|23.0|25.0,1,2.3e-08,2.3e-08,0.0,,0.0,23.0,25.0,2.7409920389339977,1.3000553359089038,0.0,0.0,0.0,0.0,0.0,0.0,0.15333333333333332,0.023834713382034762,0
capacitance,capacitance::0.0|24.0|25.0,0.0|24.0|25.0,1,2.4000000000000003e-08,2.4000000000000003e-08,0.0,,0.0,24.0,25.0,2.6699573866865265,1.306941951254978,0.0,0.0,0.0,0.0,0.0,0.0,0.16,0.02321702075379588,0
capacitance,capacitance::0.0|25.0|25.0,0.0|25.0|25.0,1,2.5000000000000002e-08,2.5000000000000002e-08,0.0,,0.0,25.0,25.0,2.602511554129139,1.3133423904687183,0.0,0.0,0.0,0.0,0.0,0.0,0.16666666666666666,0.02263053525329686,0
capacitance,capacitance::0.0|26.0|25.0,0.0|26.0|25.0,1,2.6e-08,2.6e-08,0.0,,0.0,26.0,25.0,2.5383892702966273,1.3193063822452717,0.0,0.0,0.0,0.0,0.0,0.0,0.17333333333333334,0.022072950176492412,0
capacitance,capacitance::0.0|27.0|25.0,0.0|27.0|25.0,1,2.7e-08,2.7e-08,0.0,,0.0,27.0,25.0,2.4773507792363003,1.324877096867075,0.0,0.0,0.0,0.0,0.0,0.0,0.18,0.021542180689011307,0
capacitance,capacitance::0.0|28.0|25.0,0.0|28.0|25.0,1,2.8000000000000003e-08,2.8000000000000003e-08,0.0,,0.0,28.0,25.0,2.419178844349373,1.3300921928799818,0.0,0.0,0.0,0.0,0.0,0.0,0.18666666666666668,0.02103633777695107,0
capacitance,capacitance::0.0|29.0|25.0,0.0|29.0|25.0,1,2.9e-08,2.9e-08,0.0,,0.0,29.0,25.0,2.3636761651052294,1.3349846695190863,0.0,0.0,0.0,0.0,0.0,0.0,0.19333333333333333,0.020553705783523734,0
capacitance,capacitance::0.0|30.0|25.0,0.0|30.0|25.0,1,3.0000000000000004e-08,3.0000000000000004e-08,0.0,,0.0,30.0,25.0,2.310663141386963,1.3395835656812374,0.0,0.0,0.0,0.0,0.0,0.0,0.2,0.020092722968582288,0
capacitance,capacitance::0.0|31.0|25.0,0.0|31.0|25.0,1,3.1e-08,3.1e-08,0.0,,0.0,31.0,25.0,2.2599759320881354,1.3439145367341323,0.0,0.0,0.0,0.0,0.0,0.0,0.20666666666666667,0.01965196462685335,0
capacitance,capacitance::0.0|32.0|25.0,0.0|32.0|25.0,1,3.2e-08,3.2e-08,0.0,,0.0,32.0,25.0,2.211464763747241,1.3480003333666675,0.0,0.0,0.0,0.0,0.0,0.0,0.21333333333333335,0.01923012838041079,0
capacitance,capacitance::0.0|33.0|25.0,0.0|33.0|25.0,1,3.3000000000000004e-08,3.3000000000000004e-08,0.0,,0.0,33.0,25.0,2.1649924524393294,1.351861201355202,0.0,0.0,0.0,0.0,0.0,0.0,0.22,0.018826021325559387,0
capacitance,capacitance::0.0|34.0|25.0,0.0|34.0|25.0,1,3.4e-08,3.4e-08,0.0,,0.0,34.0,25.0,2.1204331082002765,1.3555152170754454,0.0,0.0,0.0,0.0,0.0,0.0,0.22666666666666666,0.018438548766958926,0
capacitance,capacitance::0.0|35.0|25.0,0.0|35.0|25.0,1,3.5e-08,3.5e-08,0.0,,0.0,35.0,25.0,2.077670996216133,1.3589785704944783,0.0,0.0,0.0,0.0,0.0,0.0,0.23333333333333334,0.018066704314922896,0
capacitance,capacitance::0.0|36.0|25.0,0.0|36.0|25.0,1,3.6000000000000005e-08,3.6000000000000005e-08,0.0,,0.0,36.0,25.0,2.03659953308494,1.3622658049905298,0.0,0.0,0.0,0.0,0.0,0.0,0.24,0.01770956115726035,0
capacitance,capacitance::0.0|37.0|25.0,0.0|37.0|25.0,1,3.7e-08,3.7e-08,0.0,,0.0,37.0,25.0,1.9971203998224916,1.365390021493881,0.0,0.0,0.0,0.0,0.0,0.0,0.24666666666666667,0.017366264346282537,0
capacitance,capacitance::0.0|38.0|25.0,0.0|38.0|25.0,1,3.8e-08,3.8e-08,0.0,,0.0,38.0,25.0,1.9591427560718417,1.3683630529918183,0.0,0.0,0.0,0.0,0.0,0.0,0.25333333333333335,0.0170360239658421,0
capacitance,capacitance::0.0|39.0|25.0,0.0|39.0|25.0,1,3.9000000000000005e-08,3.9000000000000005e-08,0.0,,0.0,39.0,25.0,1.9225825422963434,1.3711956142984847,0.0,0.0,0.0,0.0,0.0,0.0,0.26,0.016718109063446465,0
capacitance,capacitance::0.0|40.0|25.0,0.0|40.0|25.0,1,4e-08,4e-08,0.0,,0.0,40.0,25.0,1.8873618586735268,1.3738974310856358,0.0,0.0,0.0,0.0,0.0,0.0,0.26666666666666666,0.016411842249335017,0
capacitance,capacitance::0.0|41.0|25.0,0.0|41.0|25.0,1,4.1e-08,4.1e-08,0.0,,0.0,41.0,25.0,1.8534084110309195,1.3764773514491602,0.0,0.0,0.0,0.0,0.0,0.0,0.2733333333333333,0.016116594878529733,0
capacitance,capacitance::0.0|42.0|25.0,0.0|42.0|25.0,1,4.2000000000000006e-08,4.2000000000000006e-08,0.0,,0.0,42.0,25.0,1.8206550155304408,1.3789434427082645,0.0,0.0,0.0,0.0,0.0,0.0,0.28,0.015831782743742962,0
capacitance,capacitance::0.0|43.0|25.0,0.0|43.0|25.0,1,4.3e-08,4.3e-08,0.0,,0.0,43.0,25.0,1.7890391549601323,1.381303075668532,0.0,0.0,0.0,0.0,0.0,0.0,0.2866666666666667,0.015556862217044628,0
capacitance,capacitance::0.0|44.0|25.0,0.0|44.0|25.0,1,4.4000000000000004e-08,4.4000000000000004e-08,0.0,,0.0,44.0,25.0,1.7585025804671277,1.383562998202933,0.0,0.0,0.0,0.0,0.0,0.0,0.29333333333333333,0.015291326786670676,0
capacitance,capacitance::0.0|45.0|25.0,0.0|45.0|25.0,1,4.5000000000000006e-08,4.5000000000000006e-08,0.0,,0.0,45.0,25.0,1.7289909533935965,1.3857293996979543,0.0,0.0,0.0,0.0,0.0,0.0,0.3,0.015034703942553013,0
capacitance,capacitance::0.0|46.0|25.0,0.0|46.0|25.0,1,4.6e-08,4.6e-08,0.0,,0.0,46.0,25.0,1.7004535225822928,1.3878079676611126,0.0,0.0,0.0,0.0,0.0,0.0,0.30666666666666664,0.014786552370280807,0
capacitance,capacitance::0.0|47.0|25.0,0.0|47.0|25.0,1,4.7000000000000004e-08,4.7000000000000004e-08,0.0,,0.0,47.0,25.0,1.6728428331201977,1.389803937580068,0.0,0.0,0.0,0.0,0.0,0.0,0.31333333333333335,0.014546459418436502,0
capacitance,capacitance::0.0|48.0|25.0,0.0|48.0|25.0,1,4.8000000000000006e-08,4.8000000000000006e-08,0.0,,0.0,48.0,25.0,1.646114463004058,1.3917221369536357,0.0,0.0,0.0,0.0,0.0,0.0,0.32,0.01431403880873094,0
capacitance,capacitance::0.0|49.0|25.0,0.0|49.0|25.0,1,4.9e-08,4.9e-08,0.0,,0.0,49.0,25.0,1.6202267846540164,1.3935670242743075,0.0,0.0,0.0,0.0,0.0,0.0,0.32666666666666666,0.014088928562208837,0
capacitance,capacitance::0.0|50.0|25.0,0.0|50.0|25.0,1,5.0000000000000004e-08,5.0000000000000004e-08,0.0,,0.0,50.0,25.0,1.59514074858226,1.3953427236249438,0.0,0.0,0.0,0.0,0.0,0.0,0.3333333333333333,0.013870789118106608,0
capacitance,capacitance::0.0|51.0|25.0,0.0|51.0|25.0,1,5.1e-08,5.1e-08,0.0,,0.0,51.0,25.0,1.5708196868520945,1.3970530554547165,0.0,0.0,0.0,0.0,0.0,0.0,0.34,0.013659301624800821,0
capacitance,capacitance::0.0|52.0|25.0,0.0|52.0|25.0,1,5.2e-08,5.2e-08,0.0,,0.0,52.0,25.0,1.5472291342469664,1.3987015640176803,0.0,0.0,0.0,0.0,0.0,0.0,0.3466666666666667,0.01345416638475623,0
capacitance,capacitance::0.0|53.0|25.0,0.0|53.0|25.0,1,5.3000000000000005e-08,5.3000000000000005e-08,0.0,,0.0,53.0,25.0,1.524336665315187,1.4002915418887114,0.0,0.0,0.0,0.0,0.0,0.0,0.35333333333333333,0.013255101437523367,0
capacitance,capacitance::0.0|54.0|25.0,0.0|54.0|25.0,1,5.4e-08,5.4e-08,0.0,,0.0,54.0,25.0,1.5021117456700805,1.4018260519136547,0.0,0.0,0.0,0.0,0.0,0.0,0.36,0.013061841266696352,0
capacitance,capacitance::0.0|55.0|25.0,0.0|55.0|25.0,1,5.5e-08,5.5e-08,0.0,,0.0,55.0,25.0,1.480525596111546,1.4033079469016088,0.0,0.0,0.0,0.0,0.0,0.0,0.36666666666666664,0.01287413561836127,0
capacitance,capacitance::0.0|56.0|25.0,0.0|56.0|25.0,1,5.6000000000000005e-08,5.6000000000000005e-08,0.0,,0.0,56.0,25.0,1.4595510682975439,1.40473988732573,0.0,0.0,0.0,0.0,0.0,0.0,0.37333333333333335,0.012691748419978643,0
capacitance,capacitance::0.0|57.0|25.0,0.0|57.0|25.0,1,5.7e-08,5.7e-08,0.0,,0.0,57.0,25.0,1.439162530836118,1.4061243572636313,0.0,0.0,0.0,0.0,0.0,0.0,0.38,0.012514456789879287,0
capacitance,capacitance::0.0|58.0|25.0,0.0|58.0|25.0,1,5.8e-08,5.8e-08,0.0,,0.0,58.0,25.0,1.4193357647930311,1.4074636787783035,0.0,0.0,0.0,0.0,0.0,0.0,0.38666666666666666,0.012342050128635054,0
capacitance,capacitance::0.0|59.0|25.0,0.0|59.0|25.0,1,5.9000000000000006e-08,5.9000000000000006e-08,0.0,,0.0,59.0,25.0,1.4000478677193458,1.4087600249146937,0.0,0.0,0.0,0.0,0.0,0.0,0.3933333333333333,0.01217432928451605,0
capacitance,capacitance::0.0|60.0|25.0,0.0|60.0|25.0,1,6.000000000000001e-08,6.000000000000001e-08,0.0,,0.0,60.0,25.0,1.3812771653993459,1.4100154314649616,0.0,0.0,0.0,0.0,0.0,0.0,0.4,0.012011105786081269,0
capacitance,capacitance::0.0|61.0|25.0,0.0|61.0|25.0,1,6.1e-08,6.1e-08,0.0,,0.0,61.0,25.0,1.3630031306038328,1.411231807636394,0.0,0.0,0.0,0.0,0.0,0.0,0.4066666666666667,0.011852201135685502,0
capacitance,capacitance::0.0|62.0|25.0,0.0|62.0|25.0,1,6.2e-08,6.2e-08,0.0,,0.0,62.0,25.0,1.3452063082084997,1.4124109457395595,0.0,0.0,0.0,0.0,0.0,0.0,0.41333333333333333,0.01169744615833478,0
capacitance,capacitance::0.0|63.0|25.0,0.0|63.0|25.0,1,6.300000000000001e-08,6.300000000000001e-08,0.0,,0.0,63.0,25.0,1.327868246103118,1.4135545300000996,0.0,0.0,0.0,0.0,0.0,0.0,0.42,0.011546680400896677,0
capacitance,capacitance::0.0|64.0|25.0,0.0|64.0|25.0,1,6.4e-08,6.4e-08,0.0,,0.0,64.0,25.0,1.310971431375731,1.4146641445852683,0.0,0.0,0.0,0.0,0.0,0.0,0.4266666666666667,0.01139975157718027,0
capacitance,capacitance::0.0|65.0|25.0,0.0|65.0|25.0,1,6.5e-08,6.5e-08,0.0,,0.0,65.0,25.0,1.2944992313078885,1.4157412809256669,0.0,0.0,0.0,0.0,0.0,0.0,0.43333333333333335,0.011256515054851203,0
capacitance,capacitance::0.0|66.0|25.0,0.0|66.0|25.0,1,6.600000000000001e-08,6.600000000000001e-08,0.0,,0.0,66.0,25.0,1.2784358387630248,1.4167873444033303,0.0,0.0,0.0,0.0,0.0,0.0,0.44,0.011116833380548042,0
capacitance,capacitance::0.0|67.0|25.0,0.0|67.0|25.0,1,6.7e-08,6.7e-08,0.0,,0.0,67.0,25.0,1.2627662215910531,1.4178036604692403,0.0,0.0,0.0,0.0,0.0,0.0,0.44666666666666666,0.0109805758399222,0
capacitance,capacitance::0.0|68.0|25.0,0.0|68.0|25.0,1,6.8e-08,6.8e-08,0.0,,0.0,68.0,25.0,1.2474760757087653,1.418791480246253,0.0,0.0,0.0,0.0,0.0,0.0,0.4533333333333333,0.010847618049641437,0
capacitance,capacitance::0.0|69.0|25.0,0.0|69.0|25.0,1,6.900000000000001e-08,6.900000000000001e-08,0.0,,0.0,69.0,25.0,1.2325517815482083,1.4197519856672443,0.0,0.0,0.0,0.0,0.0,0.0,0.46,0.010717841578680073,0
capacitance,capacitance::0.0|70.0|25.0,0.0|70.0|25.0,1,7e-08,7e-08,0.0,,0.0,70.0,25.0,1.2179803635943105,1.4206862941928424,0.0,0.0,0.0,0.0,0.0,0.0,0.4666666666666667,0.010591133596472265,0
capacitance,capacitance::0.0|71.0|25.0,0.0|71.0|25.0,1,7.1e-08,7.1e-08,0.0,,0.0,71.0,25.0,1.2037494527591013,1.421595463148337,0.0,0.0,0.0,0.0,0.0,0.0,0.47333333333333333,0.010467386545731315,0
capacitance,capacitance::0.0|72.0|25.0,0.0|72.0|25.0,1,7.200000000000001e-08,7.200000000000001e-08,0.0,,0.0,72.0,25.0,1.1898472513632,1.4224804937151545,0.0,0.0,0.0,0.0,0.0,0.0,0.48,0.010346497837940869,0
capacitance,capacitance::0.0|73.0|25.0,0.0|73.0|25.0,1,7.3e-08,7.3e-08,0.0,,0.0,73.0,25.0,1.176262500516198,1.4233423346085774,0.0,0.0,0.0,0.0,0.0,0.0,0.4866666666666667,0.01022836956970607,0
capacitance,capacitance::0.0|74.0|25.0,0.0|74.0|25.0,1,7.4e-08,7.4e-08,0.0,,0.0,74.0,25.0,1.162984449706374,1.4241818854701116,0.0,0.0,0.0,0.0,0.0,0.0,0.49333333333333335,0.010112908258316296,0
capacitance,capacitance::0.0|75.0|25.0,0.0|75.0|25.0,1,7.500000000000001e-08,7.500000000000001e-08,0.0,,0.0,75.0,25.0,1.1500028284271244,1.4249999999999996,0.0,0.0,0.0,0.0,0.0,0.0,0.5,0.010000024595018473,0
capacitance,capacitance::0.0|76.0|25.0,0.0|76.0|25.0,1,7.6e-08,7.6e-08,0.0,,0.0,76.0,25.0,1.1373078196827047,1.4257974888528104,0.0,0.0,0.0,0.0,0.0,0.0,0.5066666666666667,0.009889633214632215,0
capacitance,capacitance::0.0|77.0|25.0,0.0|77.0|25.0,1,7.7e-08,7.7e-08,0.0,,0.0,77.0,25.0,1.1248900352296618,1.4265751223167504,0.0,0.0,0.0,0.0,0.0,0.0,0.5133333333333333,0.009781652480257929,0
capacitance,capacitance::0.0|78.0|25.0,0.0|78.0|25.0,1,7.800000000000001e-08,7.800000000000001e-08,0.0,,0.0,78.0,25.0,1.1127404924227247,1.427333632795315,0.0,0.0,0.0,0.0,0.0,0.0,0.52,0.009676004281936736,0
capacitance,capacitance::0.0|79.0|25.0,0.0|79.0|25.0,1,7.9e-08,7.9e-08,0.0,,0.0,79.0,25.0,1.1008505925451406,1.428073717108078,0.0,0.0,0.0,0.0,0.0,0.0,0.5266666666666666,0.009572613848218614,0
capacitance,capacitance::0.0|80.0|25.0,0.0|80.0|25.0,1,8e-08,8e-08,0.0,,0.0,80.0,25.0,1.089212100513608,1.4287960386258212,0.0,0.0,0.0,0.0,0.0,0.0,0.5333333333333333,0.009471409569683547,0
capacitance,capacitance::0.0|81.0|25.0,0.0|81.0|25.0,1,8.100000000000001e-08,8.100000000000001e-08,0.0,,0.0,81.0,25.0,1.0778171258571305,1.429501229253749,0.0,0.0,0.0,0.0,0.0,0.0,0.54,0.009372322833540265,0
capacitance,capacitance::0.0|82.0|25.0,0.0|82.0|25.0,1,8.2e-08,8.2e-08,0.0,,0.0,82.0,25.0,1.0666581048774777,1.4301898912752535,0.0,0.0,0.0,0.0,0.0,0.0,0.5466666666666666,0.009275287868499807,0
capacitance,capacitance::0.0|83.0|25.0,0.0|83.0|25.0,1,8.3e-08,8.3e-08,0.0,,0.0,83.0,25.0,1.0557277839064834,1.4308625990675345,0.0,0.0,0.0,0.0,0.0,0.0,0.5533333333333333,0.009180241599186812,0
capacitance,capacitance::0.0|84.0|25.0,0.0|84.0|25.0,1,8.400000000000001e-08,8.400000000000001e-08,0.0,,0.0,84.0,25.0,1.0450192035823131,1.4315199006993478,0.0,0.0,0.0,0.0,0.0,0.0,0.56,0.009087123509411418,0
capacitance,capacitance::0.0|85.0|25.0,0.0|85.0|25.0,1,8.500000000000001e-08,8.500000000000001e-08,0.0,,0.0,85.0,25.0,1.0345256840730654,1.4321623194202262,0.0,0.0,0.0,0.0,0.0,0.0,0.5666666666666667,0.00899587551367883,0
capacitance,capacitance::0.0|86.0|25.0,0.0|86.0|25.0,1,8.6e-08,8.6e-08,0.0,,0.0,86.0,25.0,1.0242408111817922,1.4327903550496686,0.0,0.0,0.0,0.0,0.0,0.0,0.5733333333333334,0.00890644183636341,0
capacitance,capacitance::0.0|87.0|25.0,0.0|87.0|25.0,1,8.700000000000001e-08,8.700000000000001e-08,0.0,,0.0,87.0,25.0,1.0141584232721923,1.4334044852740582,0.0,0.0,0.0,0.0,0.0,0.0,0.58,0.008818768898019063,0
capacitance,capacitance::0.0|88.0|25.0,0.0|88.0|25.0,1,8.800000000000001e-08,8.800000000000001e-08,0.0,,0.0,88.0,25.0,1.0042725989589858,1.4340051668583778,0.0,0.0,0.0,0.0,0.0,0.0,0.5866666666666667,0.008732805208339007,0
capacitance,capacitance::0.0|89.0|25.0,0.0|89.0|25.0,1,8.9e-08,8.9e-08,0.0,,0.0,89.0,25.0,0.9945776455112928,1.4345928367791814,0.0,0.0,0.0,0.0,0.0,0.0,0.5933333333333334,0.00864850126531559,0
capacitance,capacitance::0.0|90.0|25.0,0.0|90.0|25.0,1,9.000000000000001e-08,9.000000000000001e-08,0.0,,0.0,90.0,25.0,0.9850680879212952,1.435167913284731,0.0,0.0,0.0,0.0,0.0,0.0,0.6,0.008565809460185175,0
capacitance,capacitance::0.0|91.0|25.0,0.0|91.0|25.0,1,9.100000000000001e-08,9.100000000000001e-08,0.0,,0.0,91.0,25.0,0.9757386585940746,1.4357307968876987,0.0,0.0,0.0,0.0,0.0,0.0,0.6066666666666667,0.008484683987774562,0
capacitance,capacitance::0.0|92.0|25.0,0.0|92.0|25.0,1,9.2e-08,9.2e-08,0.0,,0.0,92.0,25.0,0.9665842876178348,1.4362818712953915,0.0,0.0,0.0,0.0,0.0,0.0,0.6133333333333333,0.008405080761894215,0
capacitance,capacitance::0.0|93.0|25.0,0.0|93.0|25.0,1,9.300000000000001e-08,9.300000000000001e-08,0.0,,0.0,93.0,25.0,0.9576000935767415,1.4368215042820345,0.0,0.0,0.0,0.0,0.0,0.0,0.62,0.008326957335449926,0
capacitance,capacitance::0.0|94.0|25.0,0.0|94.0|25.0,1,9.400000000000001e-08,9.400000000000001e-08,0.0,,0.0,94.0,25.0,0.948781374871404,1.4373500485072805,0.0,0.0,0.0,0.0,0.0,0.0,0.6266666666666667,0.00825027282496873,0
capacitance,capacitance::0.0|95.0|25.0,0.0|95.0|25.0,1,9.5e-08,9.5e-08,0.0,,0.0,95.0,25.0,0.9401236015145712,1.4378678422847782,0.0,0.0,0.0,0.0,0.0,0.0,0.6333333333333333,0.008174987839257141,0
capacitance,capacitance::0.0|96.0|25.0,0.0|96.0|25.0,1,9.600000000000001e-08,9.600000000000001e-08,0.0,,0.0,96.0,25.0,0.9316224073719591,1.4383752103043101,0.0,0.0,0.0,0.0,0.0,0.0,0.64,0.008101064411930078,0
capacitance,capacitance::0.0|97.0|25.0,0.0|97.0|25.0,1,9.700000000000001e-08,9.700000000000001e-08,0.0,,0.0,97.0,25.0,0.9232735828202906,1.4388724643107498,0.0,0.0,0.0,0.0,0.0,0.0,0.6466666666666666,0.008028465937567744,0
capacitance,capacitance::0.0|98.0|25.0,0.0|98.0|25.0,1,9.8e-08,9.8e-08,0.0,,0.0,98.0,25.0,0.9150730677966032,1.4393599037428122,0.0,0.0,0.0,0.0,0.0,0.0,0.6533333333333333,0.00795715711127481,0
capacitance,capacitance::0.0|99.0|25.0,0.0|99.0|25.0,1,9.9e-08,9.9e-08,0.0,,0.0,99.0,25.0,0.9070169452147152,1.4398378163343526,0.0,0.0,0.0,0.0,0.0,0.0,0.66,0.007887103871432306,0
capacitance,capacitance::0.0|100.0|25.0,0.0|100.0|25.0,1,1.0000000000000001e-07,1.0000000000000001e-07,0.0,,0.0,100.0,25.0,0.8991014347264183,1.440306478680753,0.0,0.0,0.0,0.0,0.0,0.0,0.6666666666666666,0.007818273345447116,0
capacitance,capacitance::0.0|101.0|25.0,0.0|101.0|25.0,1,1.01e-07,1.01e-07,0.0,,0.0,101.0,25.0,0.8913228868065227,1.4407661567727297,0.0,0.0,0.0,0.0,0.0,0.0,0.6733333333333333,0.007750633798317589,0
capacitance,capacitance::0.0|102.0|25.0,0.0|102.0|25.0,1,1.02e-07,1.02e-07,0.0,,0.0,102.0,25.0,0.8836777771423074,1.4412171064997403,0.0,0.0,0.0,0.0,0.0,0.0,0.68,0.0076841545838461514,0
capacitance,capacitance::0.0|103.0|25.0,0.0|103.0|25.0,1,1.0300000000000001e-07,1.0300000000000001e-07,0.0,,0.0,103.0,25.0,0.8761627013092568,1.4416595741249787,0.0,0.0,0.0,0.0,0.0,0.0,0.6866666666666666,0.007618806098341363,0
capacitance,capacitance::0.0|104.0|25.0,0.0|104.0|25.0,1,1.04e-07,1.04e-07,0.0,,0.0,104.0,25.0,0.8687743697161824,1.4420937967338177,0.0,0.0,0.0,0.0,0.0,0.0,0.6933333333333334,0.007554559736662456,0
capacitance,capacitance::0.0|105.0|25.0,0.0|105.0|25.0,1,1.05e-07,1.05e-07,0.0,,0.0,105.0,25.0,0.8615096028039614,1.442520002657418,0.0,0.0,0.0,0.0,0.0,0.0,0.7,0.007491387850469229,0
capacitance,capacitance::0.0|106.0|25.0,0.0|106.0|25.0,1,1.0600000000000001e-07,1.0600000000000001e-07,0.0,,0.0,106.0,25.0,0.8543653264831721,1.4429384118730837,0.0,0.0,0.0,0.0,0.0,0.0,0.7066666666666667,0.007429263708549323,0
capacitance,capacitance::0.0|107.0|25.0,0.0|107.0|25.0,1,1.07e-07,1.07e-07,0.0,,0.0,107.0,25.0,0.8473385677968692,1.4433492363828486,0.0,0.0,0.0,0.0,0.0,0.0,0.7133333333333334,0.007368161459103211,0
capacitance,capacitance::0.0|108.0|25.0,0.0|108.0|25.0,1,1.08e-07,1.08e-07,0.0,,0.0,108.0,25.0,0.8404264507956463,1.4437526805716616,0.0,0.0,0.0,0.0,0.0,0.0,0.72,0.007308056093875185,0
capacitance,capacitance::0.0|109.0|25.0,0.0|109.0|25.0,1,1.0900000000000001e-07,1.0900000000000001e-07,0.0,,0.0,109.0,25.0,0.833626192612958,1.4441489415464315,0.0,0.0,0.0,0.0,0.0,0.0,0.7266666666666667,0.007248923414025722,0
capacitance,capacitance::0.0|110.0|25.0,0.0|110.0|25.0,1,1.1e-07,1.1e-07,0.0,,0.0,110.0,25.0,0.826935099729451,1.4445382094571335,0.0,0.0,0.0,0.0,0.0,0.0,0.7333333333333333,0.0071907399976474,0
capacitance,capacitance::0.0|111.0|25.0,0.0|111.0|25.0,1,1.11e-07,1.11e-07,0.0,,0.0,111.0,25.0,0.8203505644157724,1.444920667801053,0.0,0.0,0.0,0.0,0.0,0.0,0.74,0.007133483168832803,0
capacitance,capacitance::0.0|112.0|25.0,0.0|112.0|25.0,1,1.1200000000000001e-07,1.1200000000000001e-07,0.0,,0.0,112.0,25.0,0.8138700613439805,1.4452964937112098,0.0,0.0,0.0,0.0,0.0,0.0,0.7466666666666667,0.007077130968208526,0
capacitance,capacitance::0.0|113.0|25.0,0.0|113.0|25.0,1,1.13e-07,1.13e-07,0.0,,0.0,113.0,25.0,0.8074911443583126,1.4456658582298976,0.0,0.0,0.0,0.0,0.0,0.0,0.7533333333333333,0.007021662124854892,0
capacitance,capacitance::0.0|114.0|25.0,0.0|114.0|25.0,1,1.14e-07,1.14e-07,0.0,,0.0,114.0,25.0,0.801211443396629,1.4460289265682464,0.0,0.0,0.0,0.0,0.0,0.0,0.76,0.006967056029535904,0
capacitance,capacitance::0.0|115.0|25.0,0.0|115.0|25.0,1,1.1500000000000001e-07,1.1500000000000001e-07,0.0,,0.0,115.0,25.0,0.7950286615544017,1.446385858352611,0.0,0.0,0.0,0.0,0.0,0.0,0.7666666666666667,0.0069132927091687104,0
capacitance,capacitance::0.0|116.0|25.0,0.0|116.0|25.0,1,1.16e-07,1.16e-07,0.0,,0.0,116.0,25.0,0.7889405722835995,1.4467368078585818,0.0,0.0,0.0,0.0,0.0,0.0,0.7733333333333333,0.006860352802466082,0
capacitance,capacitance::0.0|117.0|25.0,0.0|117.0|25.0,1,1.17e-07,1.17e-07,0.0,,0.0,117.0,25.0,0.7829450167192974,1.4470819242333188,0.0,0.0,0.0,0.0,0.0,0.0,0.78,0.006808217536689543,0
capacitance,capacitance::0.0|118.0|25.0,0.0|118.0|25.0,1,1.1800000000000001e-07,1.1800000000000001e-07,0.0,,0.0,118.0,25.0,0.7770399011272666,1.447421351706898,0.0,0.0,0.0,0.0,0.0,0.0,0.7866666666666666,0.006756868705454493,0
capacitance,capacitance::0.0|119.0|25.0,0.0|119.0|25.0,1,1.1900000000000001e-07,1.1900000000000001e-07,0.0,,0.0,119.0,25.0,0.7712231944662044,1.447755229793284,0.0,0.0,0.0,0.0,0.0,0.0,0.7933333333333333,0.006706288647532211,0
capacitance,capacitance::0.0|120.0|25.0,0.0|120.0|25.0,1,1.2000000000000002e-07,1.2000000000000002e-07,0.0,,0.0,120.0,25.0,0.7654929260586423,1.4480836934815322,0.0,0.0,0.0,0.0,0.0,0.0,0.8,0.006656460226596889,0
capacitance,capacitance::0.0|121.0|25.0,0.0|121.0|25.0,1,1.21e-07,1.21e-07,0.0,,0.0,121.0,25.0,0.7598471833649219,1.4484068734177606,0.0,0.0,0.0,0.0,0.0,0.0,0.8066666666666666,0.006607366811868885,0
capacitance,capacitance::0.0|122.0|25.0,0.0|122.0|25.0,1,1.22e-07,1.22e-07,0.0,,0.0,122.0,25.0,0.7542841098549553,1.4487248960784098,0.0,0.0,0.0,0.0,0.0,0.0,0.8133333333333334,0.006558992259608307,0
capacitance,capacitance::0.0|123.0|25.0,0.0|123.0|25.0,1,1.23e-07,1.23e-07,0.0,,0.0,123.0,25.0,0.7488019029727969,1.449037883935273,0.0,0.0,0.0,0.0,0.0,0.0,0.82,0.0065113208954156255,0
capacitance,capacitance::0.0|124.0|25.0,0.0|124.0|25.0,1,1.24e-07,1.24e-07,0.0,,0.0,124.0,25.0,0.7433988121893353,1.4493459556127553,0.0,0.0,0.0,0.0,0.0,0.0,0.8266666666666667,0.006464337497298568,0
capacitance,capacitance::0.0|125.0|25.0,0.0|125.0|25.0,1,1.2500000000000002e-07,1.2500000000000002e-07,0.0,,0.0,125.0,25.0,0.7380731371386903,1.4496492260377707,0.0,0.0,0.0,0.0,0.0,0.0,0.8333333333333334,0.006418027279466872,0
capacitance,capacitance::0.0|126.0|25.0,0.0|126.0|25.0,1,1.2600000000000002e-07,1.2600000000000002e-07,0.0,,0.0,126.0,25.0,0.7328232258341446,1.449947806582695,0.0,0.0,0.0,0.0,0.0,0.0,0.84,0.0063723758768186485,0
capacitance,capacitance::0.0|127.0|25.0,0.0|127.0|25.0,1,1.27e-07,1.27e-07,0.0,,0.0,127.0,25.0,0.7276474729596791,1.4502418052017298,0.0,0.0,0.0,0.0,0.0,0.0,0.8466666666666667,0.006327369330084166,0
capacitance,capacitance::0.0|128.0|25.0,0.0|128.0|25.0,1,1.28e-07,1.28e-07,0.0,,0.0,128.0,25.0,0.7225443182333995,1.4505313265610422,0.0,0.0,0.0,0.0,0.0,0.0,0.8533333333333334,0.006282994071594778,0
capacitance,capacitance::0.0|129.0|25.0,0.0|129.0|25.0,1,1.29e-07,1.29e-07,0.0,,0.0,129.0,25.0,0.7175122448393491,1.4508164721629986,0.0,0.0,0.0,0.0,0.0,0.0,0.86,0.006239236911646514,0
capacitance,capacitance::0.0|130.0|25.0,0.0|130.0|25.0,1,1.3e-07,1.3e-07,0.0,,0.0,130.0,25.0,0.7125497779243989,1.4510973404648124,0.0,0.0,0.0,0.0,0.0,0.0,0.8666666666666667,0.006196085025429556,0
capacitance,capacitance::0.0|131.0|25.0,0.0|131.0|25.0,1,1.31e-07,1.31e-07,0.0,,0.0,131.0,25.0,0.7076554831570848,1.451374026991889,0.0,0.0,0.0,0.0,0.0,0.0,0.8733333333333333,0.00615352594049639,0
capacitance,capacitance::0.0|132.0|25.0,0.0|132.0|25.0,1,1.3200000000000002e-07,1.3200000000000002e-07,0.0,,0.0,132.0,25.0,0.7028279653454321,1.4516466244461483,0.0,0.0,0.0,0.0,0.0,0.0,0.88,0.006111547524742888,0
capacitance,capacitance::0.0|133.0|25.0,0.0|133.0|25.0,1,1.33e-07,1.33e-07,0.0,,0.0,133.0,25.0,0.6980658671109724,1.4519152228095769,0.0,0.0,0.0,0.0,0.0,0.0,0.8866666666666667,0.006070137974878021,0
capacitance,capacitance::0.0|134.0|25.0,0.0|134.0|25.0,1,1.34e-07,1.34e-07,0.0,,0.0,134.0,25.0,0.6933678676163036,1.452179909443257,0.0,0.0,0.0,0.0,0.0,0.0,0.8933333333333333,0.006029285805359162,0
capacitance,capacitance::0.0|135.0|25.0,0.0|135.0|25.0,1,1.35e-07,1.35e-07,0.0,,0.0,135.0,25.0,0.6887326813436894,1.4524407691821017,0.0,0.0,0.0,0.0,0.0,0.0,0.9,0.005988979837771212,0
capacitance,capacitance::0.0|136.0|25.0,0.0|136.0|25.0,1,1.36e-07,1.36e-07,0.0,,0.0,136.0,25.0,0.6841590569223219,1.452697884425509,0.0,0.0,0.0,0.0,0.0,0.0,0.9066666666666666,0.005949209190628886,0
capacitance,capacitance::0.0|137.0|25.0,0.0|137.0|25.0,1,1.37e-07,1.37e-07,0.0,,0.0,137.0,25.0,0.6796457760020064,1.452951335224139,0.0,0.0,0.0,0.0,0.0,0.0,0.9133333333333333,0.005909963269582664,0
capacitance,capacitance::0.0|138.0|25.0,0.0|138.0|25.0,1,1.3800000000000002e-07,1.3800000000000002e-07,0.0,,0.0,138.0,25.0,0.6751916521711314,1.4532011993630107,0.0,0.0,0.0,0.0,0.0,0.0,0.92,0.005871231758009838,0
capacitance,capacitance::0.0|139.0|25.0,0.0|139.0|25.0,1,1.3900000000000001e-07,1.3900000000000001e-07,0.0,,0.0,139.0,25.0,0.6707955299169122,1.45344755244109,0.0,0.0,0.0,0.0,0.0,0.0,0.9266666666666666,0.005833004607973149,0
capacitance,capacitance::0.0|140.0|25.0,0.0|140.0|25.0,1,1.4e-07,1.4e-07,0.0,,0.0,140.0,25.0,0.6664562836259873,1.453690467947552,0.0,0.0,0.0,0.0,0.0,0.0,0.9333333333333333,0.005795272031530324,0
capacitance,capacitance::0.0|141.0|25.0,0.0|141.0|25.0,1,1.41e-07,1.41e-07,0.0,,0.0,141.0,25.0,0.6621728166235601,1.4539300173348682,0.0,0.0,0.0,0.0,0.0,0.0,0.94,0.005758024492378783,0
capacitance,capacitance::0.0|142.0|25.0,0.0|142.0|25.0,1,1.42e-07,1.42e-07,0.0,,0.0,142.0,25.0,0.6579440602493529,1.4541662700888804,0.0,0.0,0.0,0.0,0.0,0.0,0.9466666666666667,0.00572125269782046,0
capacitance,capacitance::0.0|143.0|25.0,0.0|143.0|25.0,1,1.43e-07,1.43e-07,0.0,,0.0,143.0,25.0,0.6537689729687484,1.4543992937959977,0.0,0.0,0.0,0.0,0.0,0.0,0.9533333333333334,0.0056849475910325945,0
capacitance,capacitance::0.0|144.0|25.0,0.0|144.0|25.0,1,1.4400000000000002e-07,1.4400000000000002e-07,0.0,,0.0,144.0,25.0,0.6496465395175565,1.454629154207659,0.0,0.0,0.0,0.0,0.0,0.0,0.96,0.005649100343630926,0
capacitance,capacitance::0.0|145.0|25.0,0.0|145.0|25.0,1,1.4500000000000001e-07,1.4500000000000001e-07,0.0,,0.0,145.0,25.0,0.6455757700789378,1.454855915302188,0.0,0.0,0.0,0.0,0.0,0.0,0.9666666666666667,0.005613702348512503,0
capacitance,capacitance::0.0|146.0|25.0,0.0|146.0|25.0,1,1.46e-07,1.46e-07,0.0,,0.0,146.0,25.0,0.6415556994910785,1.4550796393441598,0.0,0.0,0.0,0.0,0.0,0.0,0.9733333333333334,0.0055787452129659,0
capacitance,capacitance::0.0|147.0|25.0,0.0|147.0|25.0,1,1.47e-07,1.47e-07,0.0,,0.0,147.0,25.0,0.6375853864842869,1.4553003869414058,0.0,0.0,0.0,0.0,0.0,0.0,0.98,0.005544220752037277,0
capacitance,capacitance::0.0|148.0|25.0,0.0|148.0|25.0,1,1.48e-07,1.48e-07,0.0,,0.0,148.0,25.0,0.633663912946242,1.455518217099747,0.0,0.0,0.0,0.0,0.0,0.0,0.9866666666666667,0.005510120982141235,0
capacitance,capacitance::0.0|149.0|25.0,0.0|149.0|25.0,1,1.49e-07,1.49e-07,0.0,,0.0,149.0,25.0,0.6297903832141926,1.455733187275582,0.0,0.0,0.0,0.0,0.0,0.0,0.9933333333333333,0.005476438114906022,0
capacitance,capacitance::0.0|150.0|25.0,0.0|150.0|25.0,1,1.5000000000000002e-07,1.5000000000000002e-07,0.0,,0.0,150.0,25.0,0.6259639233929585,1.4559453534264113,0.0,0.0,0.0,0.0,0.0,0.0,1.0,0.0054431645512431175,0
capacitance,capacitance::4.0|0.0|25.0,4.0|0.0|25.0,1,1.5100000000000002e-07,1.5100000000000002e-07,0.0,,4.0,0.0,25.0,1.7878588319170376,0.0,0.0,0.0,0.0,0.0,0.0,0.0,0.0,0.015546598538409022,0
capacitance,capacitance::4.0|1.0|25.0,4.0|1.0|25.0,1,1.52e-07,1.52e-07,0.0,,4.0,1.0,25.0,399.09684794401204,392.83077941134445,0.0,0.0,0.0,0.0,0.0,0.0,0.006666666666666667,3.4704073734261915,1
capacitance,capacitance::4.0|2.0|25.0,4.0|2.0|25.0,1,1.53e-07,1.53e-07,0.0,,4.0,2.0,25.0,574.3375961016045,1136.8110701257892,0.0,0.0,0.0,0.0,0.0,0.0,0.013333333333333334,4.994239966100909,1
capacitance,capacitance::4.0|3.0|25.0,4.0|3.0|25.0,1,1.54e-07,1.54e-07,0.0,,4.0,3.0,25.0,579.5542791738999,1721.793855332568,0.0,0.0,0.0,0.0,0.0,0.0,0.02,5.03960242759913,1
capacitance,capacitance::4.0|4.0|25.0,4.0|4.0|25.0,1,1.55e-07,1.55e-07,0.0,,4.0,4.0,25.0,584.8089661415831,2317.8762905082035,0.0,0.0,0.0,0.0,0.0,0.0,0.02666666666666667,5.085295357752897,1
capacitance,capacitance::4.0|5.0|25.0,4.0|5.0|25.0,1,1.5600000000000002e-07,1.5600000000000002e-07,0.0,,4.0,5.0,25.0,590.0958361201567,2925.0728111993994,0.0,0.0,0.0,0.0,0.0,0.0,0.03333333333333333,5.131268140175276,1
capacitance,capacitance::4.0|6.0|25.0,4.0|6.0|25.0,1,1.5700000000000002e-07,1.5700000000000002e-07,0.0,,4.0,6.0,25.0,595.4101992252611,3543.3916638898327,0.0,0.0,0.0,0.0,0.0,0.0,0.04,5.17747999326314,1
capacitance,capacitance::4.0|7.0|25.0,4.0|7.0|25.0,1,1.58e-07,1.58e-07,0.0,,4.0,7.0,25.0,600.748234606138,4172.837901757411,0.0,0.0,0.0,0.0,0.0,0.0,0.04666666666666667,5.223897692227287,1
capacitance,capacitance::4.0|8.0|25.0,4.0|8.0|25.0,1,1.59e-07,1.59e-07,0.0,,4.0,8.0,25.0,606.1067980682382,4813.414793935719,0.0,0.0,0.0,0.0,0.0,0.0,0.05333333333333334,5.270493896245549,1
capacitance,capacitance::4.0|9.0|25.0,4.0|9.0|25.0,1,1.6e-07,1.6e-07,0.0,,4.0,9.0,25.0,611.4832786328423,5465.124548987548,0.0,0.0,0.0,0.0,0.0,0.0,0.06,5.31724590115515,1
capacitance,capacitance::4.0|10.0|25.0,4.0|10.0|25.0,1,1.61e-07,1.61e-07,0.0,,4.0,10.0,25.0,616.8754901010705,6127.96871272694,0.0,0.0,0.0,0.0,0.0,0.0,0.06666666666666667,5.364134696531047,1
capacitance,capacitance::4.0|11.0|25.0,4.0|11.0|25.0,1,1.6200000000000002e-07,1.6200000000000002e-07,0.0,,4.0,11.0,25.0,622.2815880458111,6801.948399469007,0.0,0.0,0.0,0.0,0.0,0.0,0.07333333333333333,5.411144243876618,1
capacitance,capacitance::4.0|12.0|25.0,4.0|12.0|25.0,1,1.6300000000000002e-07,1.6300000000000002e-07,0.0,,4.0,12.0,25.0,627.7000055366647,7487.06443276933,0.0,0.0,0.0,0.0,0.0,0.0,0.08,5.458260917710128,1
capacitance,capacitance::4.0|13.0|25.0,4.0|13.0|25.0,1,1.64e-07,1.64e-07,0.0,,4.0,13.0,25.0,633.1294028444793,8183.3174344517,0.0,0.0,0.0,0.0,0.0,0.0,0.08666666666666667,5.505473068212863,1
capacitance,capacitance::4.0|14.0|25.0,4.0|14.0|25.0,1,1.65e-07,1.65e-07,0.0,,4.0,14.0,25.0,638.5686277023092,8890.707882812143,0.0,0.0,0.0,0.0,0.0,0.0,0.09333333333333334,5.552770675672254,1
capacitance,capacitance::4.0|15.0|25.0,4.0|15.0|25.0,1,1.66e-07,1.66e-07,0.0,,4.0,15.0,25.0,644.0166836252153,9609.236151770578,0.0,0.0,0.0,0.0,0.0,0.0,0.1,5.600145075001872,1
capacitance,capacitance::4.0|16.0|25.0,4.0|16.0|25.0,1,1.67e-07,1.67e-07,0.0,,4.0,16.0,25.0,649.4727044445809,10338.9025378697,0.0,0.0,0.0,0.0,0.0,0.0,0.10666666666666667,5.647588734300704,1
capacitance,capacitance::4.0|17.0|25.0,4.0|17.0|25.0,1,1.6800000000000002e-07,1.6800000000000002e-07,0.0,,4.0,17.0,25.0,654.9359336797263,11079.707279305547,0.0,0.0,0.0,0.0,0.0,0.0,0.11333333333333333,5.695095075475881,1
capacitance,capacitance::4.0|18.0|25.0,4.0|18.0|25.0,1,1.6900000000000002e-07,1.6900000000000002e-07,0.0,,4.0,18.0,25.0,660.4057077077134,11831.650569604815,0.0,0.0,0.0,0.0,0.0,0.0,0.12,5.74265832789316,1
capacitance,capacitance::4.0|19.0|25.0,4.0|19.0|25.0,1,1.7000000000000001e-07,1.7000000000000001e-07,0.0,,4.0,19.0,25.0,665.8814419397385,12594.7325676271,0.0,0.0,0.0,0.0,0.0,0.0,0.12666666666666668,5.790273408171639,1
capacitance,capacitance::4.0|20.0|25.0,4.0|20.0|25.0,1,1.71e-07,1.71e-07,0.0,,4.0,20.0,25.0,671.3626193956054,13368.953404994683,0.0,0.0,0.0,0.0,0.0,0.0,0.13333333333333333,5.837935820831351,1
capacitance,capacitance::4.0|21.0|25.0,4.0|21.0|25.0,1,1.72e-07,1.72e-07,0.0,,4.0,21.0,25.0,676.8487812045727,14154.313191690098,0.0,0.0,0.0,0.0,0.0,0.0,0.14,5.8856415756919365,1
capacitance,capacitance::4.0|22.0|25.0,4.0|22.0|25.0,1,1.73e-07,1.73e-07,0.0,,4.0,22.0,25.0,682.3395186640065,14950.812020327727,0.0,0.0,0.0,0.0,0.0,0.0,0.14666666666666667,5.933387118817448,1
capacitance,capacitance::4.0|23.0|25.0,4.0|23.0|25.0,1,1.7400000000000002e-07,1.7400000000000002e-07,0.0,,4.0,23.0,25.0,687.834466565721,15758.449969452011,0.0,0.0,0.0,0.0,0.0,0.0,0.15333333333333332,5.98116927448453,1
capacitance,capacitance::4.0|24.0|25.0,4.0|24.0|25.0,1,1.7500000000000002e-07,1.7500000000000002e-07,0.0,,4.0,24.0,25.0,693.3332975600329,16577.227106111568,0.0,0.0,0.0,0.0,0.0,0.0,0.16,6.028985196174199,1
capacitance,capacitance::4.0|25.0|25.0,4.0|25.0|25.0,1,1.7600000000000001e-07,1.7600000000000001e-07,0.0,,4.0,25.0,25.0,698.8357173740347,17407.14348788811,0.0,0.0,0.0,0.0,0.0,0.0,0.16666666666666666,6.0768323249916065,1
capacitance,capacitance::4.0|26.0|25.0,4.0|26.0|25.0,1,1.77e-07,1.77e-07,0.0,,4.0,26.0,25.0,704.3414607367614,18248.199164510326,0.0,0.0,0.0,0.0,0.0,0.0,0.17333333333333334,6.124708354232708,1
capacitance,capacitance::4.0|27.0|25.0,4.0|27.0|25.0,1,1.78e-07,1.78e-07,0.0,,4.0,27.0,25.0,709.8502878922603,19100.394179148516,0.0,0.0,0.0,0.0,0.0,0.0,0.18,6.172611199063133,1
capacitance,capacitance::4.0|28.0|25.0,4.0|28.0|25.0,1,1.79e-07,1.79e-07,0.0,,4.0,28.0,25.0,715.3619816039327,19963.72856946121,0.0,0.0,0.0,0.0,0.0,0.0,0.18666666666666668,6.22053897046898,1
capacitance,capacitance::4.0|29.0|25.0,4.0|29.0|25.0,1,1.8000000000000002e-07,1.8000000000000002e-07,0.0,,4.0,29.0,25.0,720.8763445712477,20838.202368447655,0.0,0.0,0.0,0.0,0.0,0.0,0.19333333333333333,6.268489952793458,1
capacitance,capacitance::4.0|30.0|25.0,4.0|30.0|25.0,1,1.8100000000000002e-07,1.8100000000000002e-07,0.0,,4.0,30.0,25.0,726.3931971940888,21723.815605146734,0.0,0.0,0.0,0.0,0.0,0.0,0.2,6.316462584296424,1
capacitance,capacitance::4.0|31.0|25.0,4.0|31.0|25.0,1,1.8200000000000002e-07,1.8200000000000002e-07,0.0,,4.0,31.0,25.0,731.9123756313493,22620.568305213827,0.0,0.0,0.0,0.0,0.0,0.0,0.20666666666666667,6.364455440272603,1
capacitance,capacitance::4.0|32.0|25.0,4.0|32.0|25.0,1,1.83e-07,1.83e-07,0.0,,4.0,32.0,25.0,737.4337301095676,23528.46049139962,0.0,0.0,0.0,0.0,0.0,0.0,0.21333333333333335,6.412467218344066,1
capacitance,capacitance::4.0|33.0|25.0,4.0|33.0|25.0,1,1.84e-07,1.84e-07,0.0,,4.0,33.0,25.0,742.9571234448188,24447.49218394988,0.0,0.0,0.0,0.0,0.0,0.0,0.22,6.460496725607119,1
capacitance,capacitance::4.0|34.0|25.0,4.0|34.0|25.0,1,1.85e-07,1.85e-07,0.0,,4.0,34.0,25.0,748.4824297471391,25377.66340094099,0.0,0.0,0.0,0.0,0.0,0.0,0.22666666666666666,6.508542867366427,1
capacitance,capacitance::4.0|35.0|25.0,4.0|35.0|25.0,1,1.8600000000000002e-07,1.8600000000000002e-07,0.0,,4.0,35.0,25.0,754.0095332817141,26318.974158562924,0.0,0.0,0.0,0.0,0.0,0.0,0.23333333333333334,6.556604637232296,1
capacitance,capacitance::4.0|36.0|25.0,4.0|36.0|25.0,1,1.8700000000000002e-07,1.8700000000000002e-07,0.0,,4.0,36.0,25.0,759.5383274651421,27271.42447135905,0.0,0.0,0.0,0.0,0.0,0.0,0.24,6.60468110839254,1
capacitance,capacitance::4.0|37.0|25.0,4.0|37.0|25.0,1,1.8800000000000002e-07,1.8800000000000002e-07,0.0,,4.0,37.0,25.0,765.068713978439,28235.014352430306,0.0,0.0,0.0,0.0,0.0,0.0,0.24666666666666667,6.652771425899469,1
capacitance,capacitance::4.0|38.0|25.0,4.0|38.0|25.0,1,1.89e-07,1.89e-07,0.0,,4.0,38.0,25.0,770.6006019812476,29209.743813609668,0.0,0.0,0.0,0.0,0.0,0.0,0.25333333333333335,6.700874799836935,1
capacitance,capacitance::4.0|39.0|25.0,4.0|39.0|25.0,1,1.9e-07,1.9e-07,0.0,,4.0,39.0,25.0,776.1339074140315,30195.612865611965,0.0,0.0,0.0,0.0,0.0,0.0,0.26,6.748990499252447,1
capacitance,capacitance::4.0|40.0|25.0,4.0|40.0|25.0,1,1.91e-07,1.91e-07,0.0,,4.0,40.0,25.0,781.6685523769677,31192.621518162854,0.0,0.0,0.0,0.0,0.0,0.0,0.26666666666666666,6.79711784675624,1
capacitance,capacitance::4.0|41.0|25.0,4.0|41.0|25.0,1,1.9200000000000003e-07,1.9200000000000003e-07,0.0,,4.0,41.0,25.0,787.2044645758842,32200.769780110437,0.0,0.0,0.0,0.0,0.0,0.0,0.2733333333333333,6.845256213703341,1
capacitance,capacitance::4.0|42.0|25.0,4.0|42.0|25.0,1,1.9300000000000002e-07,1.9300000000000002e-07,0.0,,4.0,42.0,25.0,792.7415768269432,33220.05765952204,0.0,0.0,0.0,0.0,0.0,0.0,0.28,6.893405015886462,1
capacitance,capacitance::4.0|43.0|25.0,4.0|43.0|25.0,1,1.9400000000000002e-07,1.9400000000000002e-07,0.0,,4.0,43.0,25.0,798.2798266129321,34250.48516376846,0.0,0.0,0.0,0.0,0.0,0.0,0.2866666666666667,6.94156370967767,1
capacitance,capacitance::4.0|44.0|25.0,4.0|44.0|25.0,1,1.95e-07,1.95e-07,0.0,,4.0,44.0,25.0,803.8191556849983,35292.05229959758,0.0,0.0,0.0,0.0,0.0,0.0,0.29333333333333333,6.989731788565203,1
capacitance,capacitance::4.0|45.0|25.0,4.0|45.0|25.0,1,1.96e-07,1.96e-07,0.0,,4.0,45.0,25.0,809.359509704484,36344.759073198766,0.0,0.0,0.0,0.0,0.0,0.0,0.3,7.0379087800389915,1
capacitance,capacitance::4.0|46.0|25.0,4.0|46.0|25.0,1,1.97e-07,1.97e-07,0.0,,4.0,46.0,25.0,814.900837920232,37408.60549025954,0.0,0.0,0.0,0.0,0.0,0.0,0.30666666666666664,7.086094242784626,1
capacitance,capacitance::4.0|47.0|25.0,4.0|47.0|25.0,1,1.98e-07,1.98e-07,0.0,,4.0,47.0,25.0,820.443092877329,38483.591556015395,0.0,0.0,0.0,0.0,0.0,0.0,0.31333333333333335,7.134287764150687,1
capacitance,capacitance::4.0|48.0|25.0,4.0|48.0|25.0,1,1.9900000000000002e-07,1.9900000000000002e-07,0.0,,4.0,48.0,25.0,825.9862301537721,39569.71727529383,0.0,0.0,0.0,0.0,0.0,0.0,0.32,7.1824889578588875,1
capacitance,capacitance::4.0|49.0|25.0,4.0|49.0|25.0,1,2.0000000000000002e-07,2.0000000000000002e-07,0.0,,4.0,49.0,25.0,831.5302081219814,40666.98265255331,0.0,0.0,0.0,0.0,0.0,0.0,0.32666666666666666,7.230697461930274,1
capacitance,capacitance::4.0|50.0|25.0,4.0|50.0|25.0,1,2.01e-07,2.01e-07,0.0,,4.0,50.0,25.0,837.0749877324689,41775.38769191796,0.0,0.0,0.0,0.0,0.0,0.0,0.3333333333333333,7.278912936804078,1
capacitance,capacitance::4.0|51.0|25.0,4.0|51.0|25.0,1,2.02e-07,2.02e-07,0.0,,4.0,51.0,25.0,842.6205323172981,42894.9323972082,0.0,0.0,0.0,0.0,0.0,0.0,0.34,7.3271350636286785,1
capacitance,capacitance::4.0|52.0|25.0,4.0|52.0|25.0,1,2.03e-07,2.03e-07,0.0,,4.0,52.0,25.0,848.1668074112521,44025.616771968285,0.0,0.0,0.0,0.0,0.0,0.0,0.3466666666666667,7.37536354270654,1
capacitance,capacitance::4.0|53.0|25.0,4.0|53.0|25.0,1,2.04e-07,2.04e-07,0.0,,4.0,53.0,25.0,853.7137805888796,45167.4408194908,0.0,0.0,0.0,0.0,0.0,0.0,0.35333333333333333,7.4235980920772136,1
capacitance,capacitance::4.0|54.0|25.0,4.0|54.0|25.0,1,2.0500000000000002e-07,2.0500000000000002e-07,0.0,,4.0,54.0,25.0,859.2614213157937,46320.40454283859,0.0,0.0,0.0,0.0,0.0,0.0,0.36,7.471838446224293,1
capacitance,capacitance::4.0|55.0|25.0,4.0|55.0|25.0,1,2.0600000000000002e-07,2.0600000000000002e-07,0.0,,4.0,55.0,25.0,864.8097008127944,47484.50794486446,0.0,0.0,0.0,0.0,0.0,0.0,0.36666666666666664,7.520084354893864,1
capacitance,capacitance::4.0|56.0|25.0,4.0|56.0|25.0,1,2.0700000000000001e-07,2.0700000000000001e-07,0.0,,4.0,56.0,25.0,870.3585919315396,48659.751028228886,0.0,0.0,0.0,0.0,0.0,0.0,0.37333333333333335,7.568335582013388,1
capacitance,capacitance::4.0|57.0|25.0,4.0|57.0|25.0,1,2.08e-07,2.08e-07,0.0,,4.0,57.0,25.0,875.9080690406374,49846.13379541594,0.0,0.0,0.0,0.0,0.0,0.0,0.38,7.616591904701195,1
capacitance,capacitance::4.0|58.0|25.0,4.0|58.0|25.0,1,2.09e-07,2.09e-07,0.0,,4.0,58.0,25.0,881.4581079211537,51043.6562487477,0.0,0.0,0.0,0.0,0.0,0.0,0.38666666666666666,7.664853112357858,1
capacitance,capacitance::4.0|59.0|25.0,4.0|59.0|25.0,1,2.1e-07,2.1e-07,0.0,,4.0,59.0,25.0,887.0086856706391,52252.31839039718,0.0,0.0,0.0,0.0,0.0,0.0,0.3933333333333333,7.713119005831644,1
capacitance,capacitance::4.0|60.0|25.0,4.0|60.0|25.0,1,2.1100000000000002e-07,2.1100000000000002e-07,0.0,,4.0,60.0,25.0,892.5597806148786,53472.12022240022,0.0,0.0,0.0,0.0,0.0,0.0,0.4,7.7613893966511185,1
capacitance,capacitance::4.0|61.0|25.0,4.0|61.0|25.0,1,2.1200000000000002e-07,2.1200000000000002e-07,0.0,,4.0,61.0,25.0,898.1113722266421,54703.06174666597,0.0,0.0,0.0,0.0,0.0,0.0,0.4066666666666667,7.8096641063186265,1
capacitance,capacitance::4.0|62.0|25.0,4.0|62.0|25.0,1,2.1300000000000001e-07,2.1300000000000001e-07,0.0,,4.0,62.0,25.0,903.6634410508061,55945.14296498679,0.0,0.0,0.0,0.0,0.0,0.0,0.41333333333333333,7.857942965659183,1
capacitance,capacitance::4.0|63.0|25.0,4.0|63.0|25.0,1,2.14e-07,2.14e-07,0.0,,4.0,63.0,25.0,909.2159686352599,57198.363879046876,0.0,0.0,0.0,0.0,0.0,0.0,0.42,7.906225814219651,1
capacitance,capacitance::4.0|64.0|25.0,4.0|64.0|25.0,1,2.15e-07,2.15e-07,0.0,,4.0,64.0,25.0,914.7689374670919,58462.72449043042,0.0,0.0,0.0,0.0,0.0,0.0,0.4266666666666667,7.954512499713842,1
capacitance,capacitance::4.0|65.0|25.0,4.0|65.0|25.0,1,2.16e-07,2.16e-07,0.0,,4.0,65.0,25.0,920.3223309135832,59738.22480062882,0.0,0.0,0.0,0.0,0.0,0.0,0.43333333333333335,8.002802877509419,1
capacitance,capacitance::4.0|66.0|25.0,4.0|66.0|25.0,1,2.1700000000000002e-07,2.1700000000000002e-07,0.0,,4.0,66.0,25.0,925.8761331675977,61024.86481104749,0.0,0.0,0.0,0.0,0.0,0.0,0.44,8.051096810153023,1
capacitance,capacitance::4.0|67.0|25.0,4.0|67.0|25.0,1,2.1800000000000002e-07,2.1800000000000002e-07,0.0,,4.0,67.0,25.0,931.4303291969849,62322.644523011855,0.0,0.0,0.0,0.0,0.0,0.0,0.44666666666666666,8.099394166930303,1
capacitance,capacitance::4.0|68.0|25.0,4.0|68.0|25.0,1,2.1900000000000002e-07,2.1900000000000002e-07,0.0,,4.0,68.0,25.0,936.9849046976619,63631.56393777306,0.0,0.0,0.0,0.0,0.0,0.0,0.4533333333333333,8.14769482345793,1
capacitance,capacitance::4.0|69.0|25.0,4.0|69.0|25.0,1,2.2e-07,2.2e-07,0.0,,4.0,69.0,25.0,942.5398460500604,64951.62305651301,0.0,0.0,0.0,0.0,0.0,0.0,0.46,8.195998661304873,1
capacitance,capacitance::4.0|70.0|25.0,4.0|70.0|25.0,1,2.21e-07,2.21e-07,0.0,,4.0,70.0,25.0,948.0951402786659,66282.8218803492,0.0,0.0,0.0,0.0,0.0,0.0,0.4666666666666667,8.244305567640573,1
capacitance,capacitance::4.0|71.0|25.0,4.0|71.0|25.0,1,2.22e-07,2.22e-07,0.0,,4.0,71.0,25.0,953.6507750143898,67625.16041033894,0.0,0.0,0.0,0.0,0.0,0.0,0.47333333333333333,8.292615434907736,1
capacitance,capacitance::4.0|72.0|25.0,4.0|72.0|25.0,1,2.2300000000000002e-07,2.2300000000000002e-07,0.0,,4.0,72.0,25.0,959.2067384595532,68978.6386474834,0.0,0.0,0.0,0.0,0.0,0.0,0.48,8.340928160517853,1
capacitance,capacitance::4.0|73.0|25.0,4.0|73.0|25.0,1,2.2400000000000002e-07,2.2400000000000002e-07,0.0,,4.0,73.0,25.0,964.7630193552654,70343.2565927313,0.0,0.0,0.0,0.0,0.0,0.0,0.4866666666666667,8.389243646567525,1
capacitance,capacitance::4.0|74.0|25.0,4.0|74.0|25.0,1,2.2500000000000002e-07,2.2500000000000002e-07,0.0,,4.0,74.0,25.0,970.319606951015,71719.0142469823,0.0,0.0,0.0,0.0,0.0,0.0,0.49333333333333335,8.437561799574043,1
capacitance,capacitance::4.0|75.0|25.0,4.0|75.0|25.0,1,2.26e-07,2.26e-07,0.0,,4.0,75.0,25.0,975.8764909762948,73105.91161109008,0.0,0.0,0.0,0.0,0.0,0.0,0.5,8.48588253022865,1
capacitance,capacitance::4.0|76.0|25.0,4.0|76.0|25.0,1,2.27e-07,2.27e-07,0.0,,4.0,76.0,25.0,981.4336616141097,74503.9486858653,0.0,0.0,0.0,0.0,0.0,0.0,0.5066666666666667,8.534205753166171,1
capacitance,capacitance::4.0|77.0|25.0,4.0|77.0|25.0,1,2.28e-07,2.28e-07,0.0,,4.0,77.0,25.0,986.9911094762158,75913.12547207826,0.0,0.0,0.0,0.0,0.0,0.0,0.5133333333333333,8.582531386749702,1
capacitance,capacitance::4.0|78.0|25.0,4.0|78.0|25.0,1,2.2900000000000003e-07,2.2900000000000003e-07,0.0,,4.0,78.0,25.0,992.5488255799684,77333.44197046134,0.0,0.0,0.0,0.0,0.0,0.0,0.52,8.63085935286929,1
capacitance,capacitance::4.0|79.0|25.0,4.0|79.0|25.0,1,2.3000000000000002e-07,2.3000000000000002e-07,0.0,,4.0,79.0,25.0,998.1068013266499,78764.89818171138,0.0,0.0,0.0,0.0,0.0,0.0,0.5266666666666666,8.679189576753478,1
capacitance,capacitance::4.0|80.0|25.0,4.0|80.0|25.0,1,2.3100000000000002e-07,2.3100000000000002e-07,0.0,,4.0,80.0,25.0,1003.6650284811776,80207.49410649175,0.0,0.0,0.0,0.0,0.0,0.0,0.5333333333333333,8.72752198679285,1
capacitance,capacitance::4.0|81.0|25.0,4.0|81.0|25.0,1,2.32e-07,2.32e-07,0.0,,4.0,81.0,25.0,1009.2234991530805,81661.22974543435,0.0,0.0,0.0,0.0,0.0,0.0,0.54,8.775856514374613,1
capacitance,capacitance::4.0|82.0|25.0,4.0|82.0|25.0,1,2.33e-07,2.33e-07,0.0,,4.0,82.0,25.0,1014.7822057786598,83126.10509914144,0.0,0.0,0.0,0.0,0.0,0.0,0.5466666666666666,8.824193093727477,1
capacitance,capacitance::4.0|83.0|25.0,4.0|83.0|25.0,1,2.34e-07,2.34e-07,0.0,,4.0,83.0,25.0,1020.3411411042482,84602.12016818742,0.0,0.0,0.0,0.0,0.0,0.0,0.5533333333333333,8.87253166177607,1
capacitance,capacitance::4.0|84.0|25.0,4.0|84.0|25.0,1,2.3500000000000003e-07,2.3500000000000003e-07,0.0,,4.0,84.0,25.0,1025.9002981704834,86089.27495312037,0.0,0.0,0.0,0.0,0.0,0.0,0.56,8.920872158004205,1
capacitance,capacitance::4.0|85.0|25.0,4.0|85.0|25.0,1,2.3600000000000002e-07,2.3600000000000002e-07,0.0,,4.0,85.0,25.0,1031.4596702975336,87587.56945446356,0.0,0.0,0.0,0.0,0.0,0.0,0.5666666666666667,8.969214524326379,1
capacitance,capacitance::4.0|86.0|25.0,4.0|86.0|25.0,1,2.3700000000000002e-07,2.3700000000000002e-07,0.0,,4.0,86.0,25.0,1037.0192510712013,89097.00367271672,0.0,0.0,0.0,0.0,0.0,0.0,0.5733333333333334,9.017558704966968,1
capacitance,capacitance::4.0|87.0|25.0,4.0|87.0|25.0,1,2.3800000000000001e-07,2.3800000000000001e-07,0.0,,4.0,87.0,25.0,1042.579034329851,90617.57760835762,0.0,0.0,0.0,0.0,0.0,0.0,0.58,9.065904646346532,1
capacitance,capacitance::4.0|88.0|25.0,4.0|88.0|25.0,1,2.39e-07,2.39e-07,0.0,,4.0,88.0,25.0,1048.1390141520972,92149.291261843,0.0,0.0,0.0,0.0,0.0,0.0,0.5866666666666667,9.114252296974758,1
capacitance,capacitance::4.0|89.0|25.0,4.0|89.0|25.0,1,2.4000000000000003e-07,2.4000000000000003e-07,0.0,,4.0,89.0,25.0,1053.6991848452085,93692.14463360983,0.0,0.0,0.0,0.0,0.0,0.0,0.5933333333333334,9.16260160734964,1
capacitance,capacitance::4.0|90.0|25.0,4.0|90.0|25.0,1,2.41e-07,2.41e-07,0.0,,4.0,90.0,25.0,1059.259540934178,95246.13772407637,0.0,0.0,0.0,0.0,0.0,0.0,0.6,9.210952529862418,1
capacitance,capacitance::4.0|91.0|25.0,4.0|91.0|25.0,1,2.42e-07,2.42e-07,0.0,,4.0,91.0,25.0,1064.8200771514098,96811.27053364312,0.0,0.0,0.0,0.0,0.0,0.0,0.6066666666666667,9.259305018707911,1
capacitance,capacitance::4.0|92.0|25.0,4.0|92.0|25.0,1,2.43e-07,2.43e-07,0.0,,4.0,92.0,25.0,1070.3807884269927,98387.5430626938,0.0,0.0,0.0,0.0,0.0,0.0,0.6133333333333333,9.307659029799936,1
capacitance,capacitance::4.0|93.0|25.0,4.0|93.0|25.0,1,2.44e-07,2.44e-07,0.0,,4.0,93.0,25.0,1075.941669879511,99974.95531159616,0.0,0.0,0.0,0.0,0.0,0.0,0.62,9.3560145206914,1
capacitance,capacitance::4.0|94.0|25.0,4.0|94.0|25.0,1,2.4500000000000004e-07,2.4500000000000004e-07,0.0,,4.0,94.0,25.0,1081.5027168073648,101573.50728070288,0.0,0.0,0.0,0.0,0.0,0.0,0.6266666666666667,9.404371450498823,1
capacitance,capacitance::4.0|95.0|25.0,4.0|95.0|25.0,1,2.46e-07,2.46e-07,0.0,,4.0,95.0,25.0,1087.0639246805672,103183.19897035227,0.0,0.0,0.0,0.0,0.0,0.0,0.6333333333333333,9.452729779831019,1
capacitance,capacitance::4.0|96.0|25.0,4.0|96.0|25.0,1,2.4700000000000003e-07,2.4700000000000003e-07,0.0,,4.0,96.0,25.0,1092.6252891329837,104804.03038086904,0.0,0.0,0.0,0.0,0.0,0.0,0.64,9.501089470721597,1
capacitance,capacitance::4.0|97.0|25.0,4.0|97.0|25.0,1,2.48e-07,2.48e-07,0.0,,4.0,97.0,25.0,1098.1868059549915,106436.00151256491,0.0,0.0,0.0,0.0,0.0,0.0,0.6466666666666666,9.549450486565144,1
capacitance,capacitance::4.0|98.0|25.0,4.0|98.0|25.0,1,2.49e-07,2.49e-07,0.0,,4.0,98.0,25.0,1103.7484710865272,108079.11236573932,0.0,0.0,0.0,0.0,0.0,0.0,0.6533333333333333,9.597812792056757,1
capacitance,capacitance::4.0|99.0|25.0,4.0|99.0|25.0,1,2.5000000000000004e-07,2.5000000000000004e-07,0.0,,4.0,99.0,25.0,1109.3102806105044,109733.36294068,0.0,0.0,0.0,0.0,0.0,0.0,0.66,9.646176353134821,1
capacitance,capacitance::4.0|100.0|25.0,4.0|100.0|25.0,1,2.51e-07,2.51e-07,0.0,,4.0,100.0,25.0,1114.8722307465755,111398.75323766356,0.0,0.0,0.0,0.0,0.0,0.0,0.6666666666666666,9.694541136926743,1
capacitance,capacitance::4.0|101.0|25.0,4.0|101.0|25.0,1,2.5200000000000003e-07,2.5200000000000003e-07,0.0,,4.0,101.0,25.0,1120.4343178452145,113075.28325695597,0.0,0.0,0.0,0.0,0.0,0.0,0.6733333333333333,9.742907111697518,1
capacitance,capacitance::4.0|102.0|25.0,4.0|102.0|25.0,1,2.53e-07,2.53e-07,0.0,,4.0,102.0,25.0,1125.9965383821097,114762.95299881318,0.0,0.0,0.0,0.0,0.0,0.0,0.68,9.791274246800954,1
capacitance,capacitance::4.0|103.0|25.0,4.0|103.0|25.0,1,2.54e-07,2.54e-07,0.0,,4.0,103.0,25.0,1131.5588889528358,116461.76246348137,0.0,0.0,0.0,0.0,0.0,0.0,0.6866666666666666,9.839642512633354,1
capacitance,capacitance::4.0|104.0|25.0,4.0|104.0|25.0,1,2.55e-07,2.55e-07,0.0,,4.0,104.0,25.0,1137.121366267802,118171.71165119768,0.0,0.0,0.0,0.0,0.0,0.0,0.6933333333333334,9.888011880589582,1
capacitance,capacitance::4.0|105.0|25.0,4.0|105.0|25.0,1,2.56e-07,2.56e-07,0.0,,4.0,105.0,25.0,1142.683967147449,119892.80056219039,0.0,0.0,0.0,0.0,0.0,0.0,0.7,9.936382323021297,1
capacitance,capacitance::4.0|106.0|25.0,4.0|106.0|25.0,1,2.5700000000000004e-07,2.5700000000000004e-07,0.0,,4.0,106.0,25.0,1148.2466885176875,121625.02919667955,0.0,0.0,0.0,0.0,0.0,0.0,0.7066666666666667,9.984753813197283,1
capacitance,capacitance::4.0|107.0|25.0,4.0|107.0|25.0,1,2.58e-07,2.58e-07,0.0,,4.0,107.0,25.0,1153.8095274055609,123368.39755487711,0.0,0.0,0.0,0.0,0.0,0.0,0.7133333333333334,10.033126325265746,1
capacitance,capacitance::4.0|108.0|25.0,4.0|108.0|25.0,1,2.5900000000000003e-07,2.5900000000000003e-07,0.0,,4.0,108.0,25.0,1159.3724809351183,125122.90563698743,0.0,0.0,0.0,0.0,0.0,0.0,0.72,10.08149983421842,1
capacitance,capacitance::4.0|109.0|25.0,4.0|109.0|25.0,1,2.6e-07,2.6e-07,0.0,,4.0,109.0,25.0,1164.935546323495,126888.5534432077,0.0,0.0,0.0,0.0,0.0,0.0,0.7266666666666667,10.129874315856478,1
capacitance,capacitance::4.0|110.0|25.0,4.0|110.0|25.0,1,2.61e-07,2.61e-07,0.0,,4.0,110.0,25.0,1170.4987208771709,128665.340973728,0.0,0.0,0.0,0.0,0.0,0.0,0.7333333333333333,10.178249746758008,1
capacitance,capacitance::4.0|111.0|25.0,4.0|111.0|25.0,1,2.62e-07,2.62e-07,0.0,,4.0,111.0,25.0,1176.0620019884166,130453.26822873189,0.0,0.0,0.0,0.0,0.0,0.0,0.74,10.226626104247101,1
capacitance,capacitance::4.0|112.0|25.0,4.0|112.0|25.0,1,2.63e-07,2.63e-07,0.0,,4.0,112.0,25.0,1181.6253871319038,132252.3352083964,0.0,0.0,0.0,0.0,0.0,0.0,0.7466666666666667,10.27500336636438,1
capacitance,capacitance::4.0|113.0|25.0,4.0|113.0|25.0,1,2.6400000000000003e-07,2.6400000000000003e-07,0.0,,4.0,113.0,25.0,1187.1888738614773,134062.5419128927,0.0,0.0,0.0,0.0,0.0,0.0,0.7533333333333333,10.323381511838933,1
capacitance,capacitance::4.0|114.0|25.0,4.0|114.0|25.0,1,2.65e-07,2.65e-07,0.0,,4.0,114.0,25.0,1192.7524598070747,135883.88834238585,0.0,0.0,0.0,0.0,0.0,0.0,0.76,10.37176052006152,1
capacitance,capacitance::4.0|115.0|25.0,4.0|115.0|25.0,1,2.66e-07,2.66e-07,0.0,,4.0,115.0,25.0,1198.3161426717918,137716.37449703563,0.0,0.0,0.0,0.0,0.0,0.0,0.7666666666666667,10.420140371059059,1
capacitance,capacitance::4.0|116.0|25.0,4.0|116.0|25.0,1,2.67e-07,2.67e-07,0.0,,4.0,116.0,25.0,1203.8799202290804,139560.0003769963,0.0,0.0,0.0,0.0,0.0,0.0,0.7733333333333333,10.468521045470265,1
capacitance,capacitance::4.0|117.0|25.0,4.0|117.0|25.0,1,2.68e-07,2.68e-07,0.0,,4.0,117.0,25.0,1209.4437903200753,141414.7659824169,0.0,0.0,0.0,0.0,0.0,0.0,0.78,10.516902524522393,1
capacitance,capacitance::4.0|118.0|25.0,4.0|118.0|25.0,1,2.6900000000000004e-07,2.6900000000000004e-07,0.0,,4.0,118.0,25.0,1215.0077508510424,143280.6713134417,0.0,0.0,0.0,0.0,0.0,0.0,0.7866666666666666,10.565284790009065,1
capacitance,capacitance::4.0|119.0|25.0,4.0|119.0|25.0,1,2.7e-07,2.7e-07,0.0,,4.0,119.0,25.0,1220.5717997909405,145157.71637021026,0.0,0.0,0.0,0.0,0.0,0.0,0.7933333333333333,10.613667824269049,1
capacitance,capacitance::4.0|120.0|25.0,4.0|120.0|25.0,1,2.7100000000000003e-07,2.7100000000000003e-07,0.0,,4.0,120.0,25.0,1226.1359351690928,147045.90115285755,0.0,0.0,0.0,0.0,0.0,0.0,0.8,10.662051610166024,1
capacitance,capacitance::4.0|121.0|25.0,4.0|121.0|25.0,1,2.72e-07,2.72e-07,0.0,,4.0,121.0,25.0,1231.7001550729578,148945.22566151418,0.0,0.0,0.0,0.0,0.0,0.0,0.8066666666666666,10.710436131069198,1
capacitance,capacitance::4.0|122.0|25.0,4.0|122.0|25.0,1,2.73e-07,2.73e-07,0.0,,4.0,122.0,25.0,1237.264457646007,150855.6898963066,0.0,0.0,0.0,0.0,0.0,0.0,0.8133333333333334,10.758821370834843,1
capacitance,capacitance::4.0|123.0|25.0,4.0|123.0|25.0,1,2.74e-07,2.74e-07,0.0,,4.0,123.0,25.0,1242.8288410856842,152777.29385735744,0.0,0.0,0.0,0.0,0.0,0.0,0.82,10.807207313788558,1
capacitance,capacitance::4.0|124.0|25.0,4.0|124.0|25.0,1,2.75e-07,2.75e-07,0.0,,4.0,124.0,25.0,1248.39330364146,154710.0375447852,0.0,0.0,0.0,0.0,0.0,0.0,0.8266666666666667,10.855593944708348,1
capacitance,capacitance::4.0|125.0|25.0,4.0|125.0|25.0,1,2.7600000000000004e-07,2.7600000000000004e-07,0.0,,4.0,125.0,25.0,1253.9578436129686,156653.92095870478,0.0,0.0,0.0,0.0,0.0,0.0,0.8333333333333334,10.903981248808423,1
capacitance,capacitance::4.0|126.0|25.0,4.0|126.0|25.0,1,2.77e-07,2.77e-07,0.0,,4.0,126.0,25.0,1259.5224593482233,158608.9440992276,0.0,0.0,0.0,0.0,0.0,0.0,0.84,10.952369211723681,1
capacitance,capacitance::4.0|127.0|25.0,4.0|127.0|25.0,1,2.7800000000000003e-07,2.7800000000000003e-07,0.0,,4.0,127.0,25.0,1265.0871492419085,160575.10696646167,0.0,0.0,0.0,0.0,0.0,0.0,0.8466666666666667,11.000757819494856,1
capacitance,capacitance::4.0|128.0|25.0,4.0|128.0|25.0,1,2.79e-07,2.79e-07,0.0,,4.0,128.0,25.0,1270.6519117337411,162552.40956051156,0.0,0.0,0.0,0.0,0.0,0.0,0.8533333333333334,11.04914705855427,1
capacitance,capacitance::4.0|129.0|25.0,4.0|129.0|25.0,1,2.8e-07,2.8e-07,0.0,,4.0,129.0,25.0,1276.2167453069062,164540.8518814788,0.0,0.0,0.0,0.0,0.0,0.0,0.86,11.097536915712228,1
capacitance,capacitance::4.0|130.0|25.0,4.0|130.0|25.0,1,2.8100000000000004e-07,2.8100000000000004e-07,0.0,,4.0,130.0,25.0,1281.7816484865505,166540.43392946187,0.0,0.0,0.0,0.0,0.0,0.0,0.8666666666666667,11.145927378143917,1
capacitance,capacitance::4.0|131.0|25.0,4.0|131.0|25.0,1,2.82e-07,2.82e-07,0.0,,4.0,131.0,25.0,1287.3466198383426,168551.1557045563,0.0,0.0,0.0,0.0,0.0,0.0,0.8733333333333333,11.194318433376893,1
capacitance,capacitance::4.0|132.0|25.0,4.0|132.0|25.0,1,2.8300000000000003e-07,2.8300000000000003e-07,0.0,,4.0,132.0,25.0,1292.9116579670904,170573.01720685477,0.0,0.0,0.0,0.0,0.0,0.0,0.88,11.242710069279047,1
capacitance,capacitance::4.0|133.0|25.0,4.0|133.0|25.0,1,2.84e-07,2.84e-07,0.0,,4.0,133.0,25.0,1298.4767615154149,172606.01843644722,0.0,0.0,0.0,0.0,0.0,0.0,0.8866666666666667,11.291102274047086,1
capacitance,capacitance::4.0|134.0|25.0,4.0|134.0|25.0,1,2.85e-07,2.85e-07,0.0,,4.0,134.0,25.0,1304.0419291624796,174650.1593934211,0.0,0.0,0.0,0.0,0.0,0.0,0.8933333333333333,11.339495036195474,1
capacitance,capacitance::4.0|135.0|25.0,4.0|135.0|25.0,1,2.86e-07,2.86e-07,0.0,,4.0,135.0,25.0,1309.607159622766,176705.44007786122,0.0,0.0,0.0,0.0,0.0,0.0,0.9,11.387888344545791,1
capacitance,capacitance::4.0|136.0|25.0,4.0|136.0|25.0,1,2.87e-07,2.87e-07,0.0,,4.0,136.0,25.0,1315.1724516449044,178771.86048985,0.0,0.0,0.0,0.0,0.0,0.0,0.9066666666666666,11.43628218821656,1
capacitance,capacitance::4.0|137.0|25.0,4.0|137.0|25.0,1,2.8800000000000004e-07,2.8800000000000004e-07,0.0,,4.0,137.0,25.0,1320.7378040105432,180849.42062946735,0.0,0.0,0.0,0.0,0.0,0.0,0.9133333333333333,11.484676556613419,1
capacitance,capacitance::4.0|138.0|25.0,4.0|138.0|25.0,1,2.89e-07,2.89e-07,0.0,,4.0,138.0,25.0,1326.3032155332712,182938.12049679118,0.0,0.0,0.0,0.0,0.0,0.0,0.92,11.53307143941975,1
capacitance,capacitance::4.0|139.0|25.0,4.0|139.0|25.0,1,2.9000000000000003e-07,2.9000000000000003e-07,0.0,,4.0,139.0,25.0,1331.8686850575764,185037.96009189708,0.0,0.0,0.0,0.0,0.0,0.0,0.9266666666666666,11.58146682658762,1
capacitance,capacitance::4.0|140.0|25.0,4.0|140.0|25.0,1,2.91e-07,2.91e-07,0.0,,4.0,140.0,25.0,1337.4342114578444,187148.93941485856,0.0,0.0,0.0,0.0,0.0,0.0,0.9333333333333333,11.629862708329082,1
capacitance,capacitance::4.0|141.0|25.0,4.0|141.0|25.0,1,2.92e-07,2.92e-07,0.0,,4.0,141.0,25.0,1342.9997936374016,189271.05846574705,0.0,0.0,0.0,0.0,0.0,0.0,0.94,11.67825907510784,1
capacitance,capacitance::4.0|142.0|25.0,4.0|142.0|25.0,1,2.9300000000000004e-07,2.9300000000000004e-07,0.0,,4.0,142.0,25.0,1348.5654305275866,191404.31724463197,0.0,0.0,0.0,0.0,0.0,0.0,0.9466666666666667,11.726655917631188,1
capacitance,capacitance::4.0|143.0|25.0,4.0|143.0|25.0,1,2.94e-07,2.94e-07,0.0,,4.0,143.0,25.0,1354.131121086865,193548.71575158092,0.0,0.0,0.0,0.0,0.0,0.0,0.9533333333333334,11.775053226842305,1
capacitance,capacitance::4.0|144.0|25.0,4.0|144.0|25.0,1,2.9500000000000003e-07,2.9500000000000003e-07,0.0,,4.0,144.0,25.0,1359.6968642999734,195704.2539866598,0.0,0.0,0.0,0.0,0.0,0.0,0.96,11.823450993912813,1
capacitance,capacitance::4.0|145.0|25.0,4.0|145.0|25.0,1,2.96e-07,2.96e-07,0.0,,4.0,145.0,25.0,1365.2626591770938,197870.93194993248,0.0,0.0,0.0,0.0,0.0,0.0,0.9666666666666667,11.871849210235599,1
capacitance,capacitance::4.0|146.0|25.0,4.0|146.0|25.0,1,2.97e-07,2.97e-07,0.0,,4.0,146.0,25.0,1370.8285047530653,200048.74964146115,0.0,0.0,0.0,0.0,0.0,0.0,0.9733333333333334,11.92024786741796,1
capacitance,capacitance::4.0|147.0|25.0,4.0|147.0|25.0,1,2.98e-07,2.98e-07,0.0,,4.0,147.0,25.0,1376.3944000866177,202237.70706130652,0.0,0.0,0.0,0.0,0.0,0.0,0.98,11.968646957274936,1
capacitance,capacitance::4.0|148.0|25.0,4.0|148.0|25.0,1,2.99e-07,2.99e-07,0.0,,4.0,148.0,25.0,1381.9603442596388,204437.80420952762,0.0,0.0,0.0,0.0,0.0,0.0,0.9866666666666667,12.017046471822946,1
capacitance,capacitance::4.0|149.0|25.0,4.0|149.0|25.0,1,3.0000000000000004e-07,3.0000000000000004e-07,0.0,,4.0,149.0,25.0,1387.5263363764661,206649.0410861818,0.0,0.0,0.0,0.0,0.0,0.0,0.9933333333333333,12.065446403273619,1
capacitance,capacitance::4.0|150.0|25.0,4.0|150.0|25.0,1,3.01e-07,3.01e-07,0.0,,4.0,150.0,25.0,1393.092375563204,208871.4176913251,0.0,0.0,0.0,0.0,0.0,0.0,1.0,12.113846744027862,1
capacitance,capacitance::5.0|0.0|25.0,5.0|0.0|25.0,1,3.0200000000000003e-07,3.0200000000000003e-07,0.0,,5.0,0.0,25.0,0.4469647079792594,0.0,0.0,0.0,0.0,0.0,0.0,0.0,0.0,0.0038866496346022556,0
capacitance,capacitance::5.0|1.0|25.0,5.0|1.0|25.0,1,3.03e-07,3.03e-07,0.0,,5.0,1.0,25.0,562.6331173740638,556.3670488413962,0.0,0.0,0.0,0.0,0.0,0.0,0.006666666666666667,4.89246189020925,1
capacitance,capacitance::5.0|2.0|25.0,5.0|2.0|25.0,1,3.04e-07,3.04e-07,0.0,,5.0,2.0,25.0,848.9955693545046,1686.1270166315894,0.0,0.0,0.0,0.0,0.0,0.0,0.013333333333333334,7.38257016830004,1
capacitance,capacitance::5.0|3.0|25.0,5.0|3.0|25.0,1,3.0500000000000004e-07,3.0500000000000004e-07,0.0,,5.0,3.0,25.0,856.9049776547695,2553.845950775177,0.0,0.0,0.0,0.0,0.0,0.0,0.02,7.451347631780604,1
capacitance,capacitance::5.0|4.0|25.0,5.0|4.0|25.0,1,3.06e-07,3.06e-07,0.0,,5.0,4.0,25.0,864.8523898504225,3438.049985343561,0.0,0.0,0.0,0.0,0.0,0.0,0.02666666666666667,7.520455563916717,1
capacitance,capacitance::5.0|5.0|25.0,5.0|5.0|25.0,1,3.0700000000000004e-07,3.0700000000000004e-07,0.0,,5.0,5.0,25.0,872.8319850569657,4338.753555883444,0.0,0.0,0.0,0.0,0.0,0.0,0.03333333333333333,7.58984334832144,1
capacitance,capacitance::5.0|6.0|25.0,5.0|6.0|25.0,1,3.08e-07,3.08e-07,0.0,,5.0,6.0,25.0,880.8390733900396,5255.964908878504,0.0,0.0,0.0,0.0,0.0,0.0,0.04,7.659470203391649,1
capacitance,capacitance::5.0|7.0|25.0,5.0|7.0|25.0,1,3.0900000000000003e-07,3.0900000000000003e-07,0.0,,5.0,7.0,25.0,888.8698339988862,6189.689097506648,0.0,0.0,0.0,0.0,0.0,0.0,0.04666666666666667,7.729302904338141,1
capacitance,capacitance::5.0|8.0|25.0,5.0|8.0|25.0,1,3.1e-07,3.1e-07,0.0,,5.0,8.0,25.0,896.9211226889558,7139.9293909014605,0.0,0.0,0.0,0.0,0.0,0.0,0.05333333333333334,7.799314110338747,1
capacitance,capacitance::5.0|9.0|25.0,5.0|9.0|25.0,1,3.11e-07,3.11e-07,0.0,,5.0,9.0,25.0,904.9903284815296,8106.687997625733,0.0,0.0,0.0,0.0,0.0,0.0,0.06,7.869481117230692,1
capacitance,capacitance::5.0|10.0|25.0,5.0|10.0|25.0,1,3.1200000000000004e-07,3.1200000000000004e-07,0.0,,5.0,10.0,25.0,913.0752651777274,9089.966463493509,0.0,0.0,0.0,0.0,0.0,0.0,0.06666666666666667,7.939784914588934,1
capacitance,capacitance::5.0|11.0|25.0,5.0|11.0|25.0,1,3.13e-07,3.13e-07,0.0,,5.0,11.0,25.0,921.1740883504377,10089.765902819901,0.0,0.0,0.0,0.0,0.0,0.0,0.07333333333333333,8.01020946391685,1
capacitance,capacitance::5.0|12.0|25.0,5.0|12.0|25.0,1,3.1400000000000003e-07,3.1400000000000003e-07,0.0,,5.0,12.0,25.0,929.2852310692609,11106.087139160485,0.0,0.0,0.0,0.0,0.0,0.0,0.08,8.080741139732703,1
capacitance,capacitance::5.0|13.0|25.0,5.0|13.0|25.0,1,3.15e-07,3.15e-07,0.0,,5.0,13.0,25.0,937.407353605045,12138.930794339054,0.0,0.0,0.0,0.0,0.0,0.0,0.08666666666666667,8.151368292217782,1
capacitance,capacitance::5.0|14.0|25.0,5.0|14.0|25.0,1,3.16e-07,3.16e-07,0.0,,5.0,14.0,25.0,945.5393036908446,13188.29734665164,0.0,0.0,0.0,0.0,0.0,0.0,0.09333333333333334,8.222080901659519,1
capacitance,capacitance::5.0|15.0|25.0,5.0|15.0|25.0,1,3.1700000000000005e-07,3.1700000000000005e-07,0.0,,5.0,15.0,25.0,953.6800848417201,14254.187170018151,0.0,0.0,0.0,0.0,0.0,0.0,0.1,8.29287030297148,1
capacitance,capacitance::5.0|16.0|25.0,5.0|16.0|25.0,1,3.18e-07,3.18e-07,0.0,,5.0,16.0,25.0,961.8288308890554,15336.600560981293,0.0,0.0,0.0,0.0,0.0,0.0,0.10666666666666667,8.363728964252656,1
capacitance,capacitance::5.0|17.0|25.0,5.0|17.0|25.0,1,3.1900000000000004e-07,3.1900000000000004e-07,0.0,,5.0,17.0,25.0,969.9847853521704,16435.537757737096,0.0,0.0,0.0,0.0,0.0,0.0,0.11333333333333333,8.434650307410177,1
capacitance,capacitance::5.0|18.0|25.0,5.0|18.0|25.0,1,3.2e-07,3.2e-07,0.0,,5.0,18.0,25.0,978.1472846081273,17550.998953812268,0.0,0.0,0.0,0.0,0.0,0.0,0.12,8.505628561809802,1
capacitance,capacitance::5.0|19.0|25.0,5.0|19.0|25.0,1,3.2100000000000003e-07,3.2100000000000003e-07,0.0,,5.0,19.0,25.0,986.315744068122,18682.98430806639,0.0,0.0,0.0,0.0,0.0,0.0,0.12666666666666668,8.576658644070626,1
capacitance,capacitance::5.0|20.0|25.0,5.0|20.0|25.0,1,3.22e-07,3.22e-07,0.0,,5.0,20.0,25.0,994.4896467519584,19831.493952121742,0.0,0.0,0.0,0.0,0.0,0.0,0.13333333333333333,8.647736058712681,1
capacitance,capacitance::5.0|21.0|25.0,5.0|21.0|25.0,1,3.23e-07,3.23e-07,0.0,,5.0,21.0,25.0,1002.6685337888953,20996.52799596087,0.0,0.0,0.0,0.0,0.0,0.0,0.14,8.718856815555611,1
capacitance,capacitance::5.0|22.0|25.0,5.0|22.0|25.0,1,3.2400000000000004e-07,3.2400000000000004e-07,0.0,,5.0,22.0,25.0,1010.8519964762987,22178.086532198155,0.0,0.0,0.0,0.0,0.0,0.0,0.14666666666666667,8.790017360663468,1
capacitance,capacitance::5.0|23.0|25.0,5.0|23.0|25.0,1,3.25e-07,3.25e-07,0.0,,5.0,23.0,25.0,1019.0396696059828,23376.169639378033,0.0,0.0,0.0,0.0,0.0,0.0,0.15333333333333332,8.861214518312893,1
capacitance,capacitance::5.0|24.0|25.0,5.0|24.0|25.0,1,3.2600000000000003e-07,3.2600000000000003e-07,0.0,,5.0,24.0,25.0,1027.231225828264,24590.77738454912,0.0,0.0,0.0,0.0,0.0,0.0,0.16,8.932445441984905,1
capacitance,capacitance::5.0|25.0|25.0,5.0|25.0|25.0,1,3.27e-07,3.27e-07,0.0,,5.0,25.0,25.0,1035.4263708702356,25821.909825293133,0.0,0.0,0.0,0.0,0.0,0.0,0.16666666666666666,9.003707572784657,1
capacitance,capacitance::5.0|26.0|25.0,5.0|26.0|25.0,1,3.28e-07,3.28e-07,0.0,,5.0,26.0,25.0,1043.6248394609322,27069.567011338768,0.0,0.0,0.0,0.0,0.0,0.0,0.17333333333333334,9.074998604008107,1
capacitance,capacitance::5.0|27.0|25.0,5.0|27.0|25.0,1,3.29e-07,3.29e-07,0.0,,5.0,27.0,25.0,1051.8263918444006,28333.748985856306,0.0,0.0,0.0,0.0,0.0,0.0,0.18,9.146316450820875,1
capacitance,capacitance::5.0|28.0|25.0,5.0|28.0|25.0,1,3.3e-07,3.3e-07,0.0,,5.0,28.0,25.0,1060.0308107840424,29614.455786504284,0.0,0.0,0.0,0.0,0.0,0.0,0.18666666666666668,9.217659224209065,1
capacitance,capacitance::5.0|29.0|25.0,5.0|29.0|25.0,1,3.3100000000000004e-07,3.3100000000000004e-07,0.0,,5.0,29.0,25.0,1068.2378989793274,30911.68744628196,0.0,0.0,0.0,0.0,0.0,0.0,0.19333333333333333,9.28902520851589,1
capacitance,capacitance::5.0|30.0|25.0,5.0|30.0|25.0,1,3.32e-07,3.32e-07,0.0,,5.0,30.0,25.0,1076.447476830138,32225.443994228208,0.0,0.0,0.0,0.0,0.0,0.0,0.2,9.3604128420012,1
capacitance,capacitance::5.0|31.0|25.0,5.0|31.0|25.0,1,3.3300000000000003e-07,3.3300000000000003e-07,0.0,,5.0,31.0,25.0,1084.659380495368,33555.725455998414,0.0,0.0,0.0,0.0,0.0,0.0,0.20666666666666667,9.43182069995972,1
capacitance,capacitance::5.0|32.0|25.0,5.0|32.0|25.0,1,3.34e-07,3.34e-07,0.0,,5.0,32.0,25.0,1092.8734602015559,34902.531854343244,0.0,0.0,0.0,0.0,0.0,0.0,0.21333333333333335,9.50324748001353,1
capacitance,capacitance::5.0|33.0|25.0,5.0|33.0|25.0,1,3.35e-07,3.35e-07,0.0,,5.0,33.0,25.0,1101.089578764777,36265.86320950849,0.0,0.0,0.0,0.0,0.0,0.0,0.22,9.574691989258929,1
capacitance,capacitance::5.0|34.0|25.0,5.0|34.0|25.0,1,3.3600000000000004e-07,3.3600000000000004e-07,0.0,,5.0,34.0,25.0,1109.3076102950668,37645.719539570535,0.0,0.0,0.0,0.0,0.0,0.0,0.22666666666666666,9.646153133000581,1
capacitance,capacitance::5.0|35.0|25.0,5.0|35.0|25.0,1,3.37e-07,3.37e-07,0.0,,5.0,35.0,25.0,1117.5274390576112,39042.10086071933,0.0,0.0,0.0,0.0,0.0,0.0,0.23333333333333334,9.717629904848794,1
capacitance,capacitance::5.0|36.0|25.0,5.0|36.0|25.0,1,3.3800000000000004e-07,3.3800000000000004e-07,0.0,,5.0,36.0,25.0,1125.7489584690088,40455.00718749825,0.0,0.0,0.0,0.0,0.0,0.0,0.24,9.78912137799138,1
capacitance,capacitance::5.0|37.0|25.0,5.0|37.0|25.0,1,3.39e-07,3.39e-07,0.0,,5.0,37.0,25.0,1133.9720702102757,41884.43853300825,0.0,0.0,0.0,0.0,0.0,0.0,0.24666666666666667,9.860626697480658,1
capacitance,capacitance::5.0|38.0|25.0,5.0|38.0|25.0,1,3.4000000000000003e-07,3.4000000000000003e-07,0.0,,5.0,38.0,25.0,1142.1966834410534,43330.39490908229,0.0,0.0,0.0,0.0,0.0,0.0,0.25333333333333335,9.932145073400465,1
capacitance,capacitance::5.0|39.0|25.0,5.0|39.0|25.0,1,3.41e-07,3.41e-07,0.0,,5.0,39.0,25.0,1150.422714101807,44792.87632643522,0.0,0.0,0.0,0.0,0.0,0.0,0.26,10.003675774798323,1
capacitance,capacitance::5.0|40.0|25.0,5.0|40.0|25.0,1,3.42e-07,3.42e-07,0.0,,5.0,40.0,25.0,1158.6500842927128,46271.882794792655,0.0,0.0,0.0,0.0,0.0,0.0,0.26666666666666666,10.07521812428446,1
capacitance,capacitance::5.0|41.0|25.0,5.0|41.0|25.0,1,3.4300000000000004e-07,3.4300000000000004e-07,0.0,,5.0,41.0,25.0,1166.878721719599,47767.41432300275,0.0,0.0,0.0,0.0,0.0,0.0,0.2733333333333333,10.146771493213905,1
capacitance,capacitance::5.0|42.0|25.0,5.0|42.0|25.0,1,3.44e-07,3.44e-07,0.0,,5.0,42.0,25.0,1175.1085591986275,49279.470919132786,0.0,0.0,0.0,0.0,0.0,0.0,0.28,10.218335297379369,1
capacitance,capacitance::5.0|43.0|25.0,5.0|43.0|25.0,1,3.4500000000000003e-07,3.4500000000000003e-07,0.0,,5.0,43.0,25.0,1183.3395342125862,50808.05259055359,0.0,0.0,0.0,0.0,0.0,0.0,0.2866666666666667,10.289908993152924,1
capacitance,capacitance::5.0|44.0|25.0,5.0|44.0|25.0,1,3.46e-07,3.46e-07,0.0,,5.0,44.0,25.0,1191.571588512622,52353.15934401302,0.0,0.0,0.0,0.0,0.0,0.0,0.29333333333333333,10.361492074022799,1
capacitance,capacitance::5.0|45.0|25.0,5.0|45.0|25.0,1,3.47e-07,3.47e-07,0.0,,5.0,45.0,25.0,1199.804667760077,53914.79118570046,0.0,0.0,0.0,0.0,0.0,0.0,0.3,10.433084067478932,1
capacitance,capacitance::5.0|46.0|25.0,5.0|46.0|25.0,1,3.4800000000000005e-07,3.4800000000000005e-07,0.0,,5.0,46.0,25.0,1208.0387212037947,55492.94812130344,0.0,0.0,0.0,0.0,0.0,0.0,0.30666666666666664,10.50468453220691,1
capacitance,capacitance::5.0|47.0|25.0,5.0|47.0|25.0,1,3.49e-07,3.49e-07,0.0,,5.0,47.0,25.0,1216.2737013888616,57087.63015605742,0.0,0.0,0.0,0.0,0.0,0.0,0.31333333333333335,10.576293055555318,1
capacitance,capacitance::5.0|48.0|25.0,5.0|48.0|25.0,1,3.5000000000000004e-07,3.5000000000000004e-07,0.0,,5.0,48.0,25.0,1224.5095638932742,58698.837294789926,0.0,0.0,0.0,0.0,0.0,0.0,0.32,10.647909251245862,1
capacitance,capacitance::5.0|49.0|25.0,5.0|49.0|25.0,1,3.51e-07,3.51e-07,0.0,,5.0,49.0,25.0,1232.746267089453,60326.56954195943,0.0,0.0,0.0,0.0,0.0,0.0,0.32666666666666666,10.719532757299593,1
capacitance,capacitance::5.0|50.0|25.0,5.0|50.0|25.0,1,3.5200000000000003e-07,3.5200000000000003e-07,0.0,,5.0,50.0,25.0,1240.9837719279103,61970.82690169003,0.0,0.0,0.0,0.0,0.0,0.0,0.3333333333333333,10.791163234155741,1
capacitance,capacitance::5.0|51.0|25.0,5.0|51.0|25.0,1,3.53e-07,3.53e-07,0.0,,5.0,51.0,25.0,1249.2220417407088,63631.60937780215,0.0,0.0,0.0,0.0,0.0,0.0,0.34,10.862800362962686,1
capacitance,capacitance::5.0|52.0|25.0,5.0|52.0|25.0,1,3.54e-07,3.54e-07,0.0,,5.0,52.0,25.0,1257.4610420626327,65308.91697384007,0.0,0.0,0.0,0.0,0.0,0.0,0.3466666666666667,10.934443844022892,1
capacitance,capacitance::5.0|53.0|25.0,5.0|53.0|25.0,1,3.5500000000000004e-07,3.5500000000000004e-07,0.0,,5.0,53.0,25.0,1265.70074046823,67002.74969309635,0.0,0.0,0.0,0.0,0.0,0.0,0.35333333333333333,11.006093395375913,1
capacitance,capacitance::5.0|54.0|25.0,5.0|54.0|25.0,1,3.56e-07,3.56e-07,0.0,,5.0,54.0,25.0,1273.9411064231135,68713.10753863385,0.0,0.0,0.0,0.0,0.0,0.0,0.36,11.077748751505334,1
capacitance,capacitance::5.0|55.0|25.0,5.0|55.0|25.0,1,3.5700000000000003e-07,3.5700000000000003e-07,0.0,,5.0,55.0,25.0,1282.182111148084,70439.99051330538,0.0,0.0,0.0,0.0,0.0,0.0,0.36666666666666664,11.149409662157252,1
capacitance,capacitance::5.0|56.0|25.0,5.0|56.0|25.0,1,3.58e-07,3.58e-07,0.0,,5.0,56.0,25.0,1290.4237274947986,72183.39861977138,0.0,0.0,0.0,0.0,0.0,0.0,0.37333333333333335,11.221075891259119,1
capacitance,capacitance::5.0|57.0|25.0,5.0|57.0|25.0,1,3.59e-07,3.59e-07,0.0,,5.0,57.0,25.0,1298.6659298318662,73943.33186051597,0.0,0.0,0.0,0.0,0.0,0.0,0.38,11.292747215929271,1
capacitance,capacitance::5.0|58.0|25.0,5.0|58.0|25.0,1,3.6000000000000005e-07,3.6000000000000005e-07,0.0,,5.0,58.0,25.0,1306.9086939403521,75719.7902378612,0.0,0.0,0.0,0.0,0.0,0.0,0.38666666666666666,11.36442342556828,1
capacitance,capacitance::5.0|59.0|25.0,5.0|59.0|25.0,1,3.61e-07,3.61e-07,0.0,,5.0,59.0,25.0,1315.1519969178069,77512.77375398007,0.0,0.0,0.0,0.0,0.0,0.0,0.3933333333333333,11.436104321024407,1
capacitance,capacitance::5.0|60.0|25.0,5.0|60.0|25.0,1,3.6200000000000004e-07,3.6200000000000004e-07,0.0,,5.0,60.0,25.0,1323.395817090016,79322.28241090846,0.0,0.0,0.0,0.0,0.0,0.0,0.4,11.507789713826226,1
capacitance,capacitance::5.0|61.0|25.0,5.0|61.0|25.0,1,3.63e-07,3.63e-07,0.0,,5.0,61.0,25.0,1331.640133929749,81148.3162105555,0.0,0.0,0.0,0.0,0.0,0.0,0.4066666666666667,11.579479425476078,1
capacitance,capacitance::5.0|62.0|25.0,5.0|62.0|25.0,1,3.6400000000000003e-07,3.6400000000000003e-07,0.0,,5.0,62.0,25.0,1339.8849279818826,82990.87515471353,0.0,0.0,0.0,0.0,0.0,0.0,0.41333333333333333,11.65117328679898,1
capacitance,capacitance::5.0|63.0|25.0,5.0|63.0|25.0,1,3.65e-07,3.65e-07,0.0,,5.0,63.0,25.0,1348.1301807943062,84849.95924506678,0.0,0.0,0.0,0.0,0.0,0.0,0.42,11.722871137341793,1
capacitance,capacitance::5.0|64.0|25.0,5.0|64.0|25.0,1,3.66e-07,3.66e-07,0.0,,5.0,64.0,25.0,1356.3758748541077,86725.56848319943,0.0,0.0,0.0,0.0,0.0,0.0,0.4266666666666667,11.794572824818328,1
capacitance,capacitance::5.0|65.0|25.0,5.0|65.0|25.0,1,3.6700000000000004e-07,3.6700000000000004e-07,0.0,,5.0,65.0,25.0,1364.6219935285687,88617.70287060288,0.0,0.0,0.0,0.0,0.0,0.0,0.43333333333333335,11.86627820459625,1
capacitance,capacitance::5.0|66.0|25.0,5.0|66.0|25.0,1,3.68e-07,3.68e-07,0.0,,5.0,66.0,25.0,1372.8685210105527,90526.36240868253,0.0,0.0,0.0,0.0,0.0,0.0,0.44,11.937987139222198,1
capacitance,capacitance::5.0|67.0|25.0,5.0|67.0|25.0,1,3.6900000000000004e-07,3.6900000000000004e-07,0.0,,5.0,67.0,25.0,1381.1154422679097,92451.54709876381,0.0,0.0,0.0,0.0,0.0,0.0,0.44666666666666666,12.009699497981822,1
capacitance,capacitance::5.0|68.0|25.0,5.0|68.0|25.0,1,3.7e-07,3.7e-07,0.0,,5.0,68.0,25.0,1389.3627429965563,94393.25694209787,0.0,0.0,0.0,0.0,0.0,0.0,0.4533333333333333,12.081415156491794,1
capacitance,capacitance::5.0|69.0|25.0,5.0|69.0|25.0,1,3.7100000000000003e-07,3.7100000000000003e-07,0.0,,5.0,69.0,25.0,1397.6104095769242,96351.49193986661,0.0,0.0,0.0,0.0,0.0,0.0,0.46,12.15313399632108,1
capacitance,capacitance::5.0|70.0|25.0,5.0|70.0|25.0,1,3.7200000000000005e-07,3.7200000000000005e-07,0.0,,5.0,70.0,25.0,1405.8584290334993,98326.25209318755,0.0,0.0,0.0,0.0,0.0,0.0,0.4666666666666667,12.224855904639124,1
capacitance,capacitance::5.0|71.0|25.0,5.0|71.0|25.0,1,3.73e-07,3.73e-07,0.0,,5.0,71.0,25.0,1414.106788997193,100317.53740311795,0.0,0.0,0.0,0.0,0.0,0.0,0.47333333333333333,12.296580773888635,1
capacitance,capacitance::5.0|72.0|25.0,5.0|72.0|25.0,1,3.7400000000000004e-07,3.7400000000000004e-07,0.0,,5.0,72.0,25.0,1422.3554776703259,102325.34787065904,0.0,0.0,0.0,0.0,0.0,0.0,0.48,12.368308501481094,1
capacitance,capacitance::5.0|73.0|25.0,5.0|73.0|25.0,1,3.75e-07,3.75e-07,0.0,,5.0,73.0,25.0,1430.6044837940078,104349.68349675949,0.0,0.0,0.0,0.0,0.0,0.0,0.4866666666666667,12.440038989513111,1
capacitance,capacitance::5.0|74.0|25.0,5.0|74.0|25.0,1,3.7600000000000003e-07,3.7600000000000003e-07,0.0,,5.0,74.0,25.0,1438.8537966177266,106390.54428231897,0.0,0.0,0.0,0.0,0.0,0.0,0.49333333333333335,12.51177214450197,1
capacitance,capacitance::5.0|75.0|25.0,5.0|75.0|25.0,1,3.77e-07,3.77e-07,0.0,,5.0,75.0,25.0,1447.1034058709765,108447.93022819121,0.0,0.0,0.0,0.0,0.0,0.0,0.5,12.583507877138926,1
capacitance,capacitance::5.0|76.0|25.0,5.0|76.0|25.0,1,3.78e-07,3.78e-07,0.0,,5.0,76.0,25.0,1455.3533017367608,110521.84133518678,0.0,0.0,0.0,0.0,0.0,0.0,0.5066666666666667,12.65524610205879,1
capacitance,capacitance::5.0|77.0|25.0,5.0|77.0|25.0,1,3.7900000000000005e-07,3.7900000000000005e-07,0.0,,5.0,77.0,25.0,1463.6034748268369,112612.27760407607,0.0,0.0,0.0,0.0,0.0,0.0,0.5133333333333333,12.726986737624669,1
capacitance,capacitance::5.0|78.0|25.0,5.0|78.0|25.0,1,3.8e-07,3.8e-07,0.0,,5.0,78.0,25.0,1471.8539161585586,114719.23903559138,0.0,0.0,0.0,0.0,0.0,0.0,0.52,12.798729705726597,1
capacitance,capacitance::5.0|79.0|25.0,5.0|79.0|25.0,1,3.8100000000000004e-07,3.8100000000000004e-07,0.0,,5.0,79.0,25.0,1480.1046171332098,116842.72563042962,0.0,0.0,0.0,0.0,0.0,0.0,0.5266666666666666,12.870474931593128,1
capacitance,capacitance::5.0|80.0|25.0,5.0|80.0|25.0,1,3.82e-07,3.82e-07,0.0,,5.0,80.0,25.0,1488.355569515707,118982.73738925412,0.0,0.0,0.0,0.0,0.0,0.0,0.5333333333333333,12.942222343614842,1
capacitance,capacitance::5.0|81.0|25.0,5.0|81.0|25.0,1,3.8300000000000003e-07,3.8300000000000003e-07,0.0,,5.0,81.0,25.0,1496.6067654155795,121139.27431269677,0.0,0.0,0.0,0.0,0.0,0.0,0.54,13.013971873178953,1
capacitance,capacitance::5.0|82.0|25.0,5.0|82.0|25.0,1,3.8400000000000005e-07,3.8400000000000005e-07,0.0,,5.0,82.0,25.0,1504.8581972691288,123312.33640135988,0.0,0.0,0.0,0.0,0.0,0.0,0.5466666666666666,13.085723454514163,1
capacitance,capacitance::5.0|83.0|25.0,5.0|83.0|25.0,1,3.85e-07,3.85e-07,0.0,,5.0,83.0,25.0,1513.1098578226865,125501.92365581782,0.0,0.0,0.0,0.0,0.0,0.0,0.5533333333333333,13.1574770245451,1
capacitance,capacitance::5.0|84.0|25.0,5.0|84.0|25.0,1,3.8600000000000004e-07,3.8600000000000004e-07,0.0,,5.0,84.0,25.0,1521.3617401168915,127708.03607661865,0.0,0.0,0.0,0.0,0.0,0.0,0.56,13.229232522755579,1
capacitance,capacitance::5.0|85.0|25.0,5.0|85.0|25.0,1,3.87e-07,3.87e-07,0.0,,5.0,85.0,25.0,1529.6138374719112,129930.67366428566,0.0,0.0,0.0,0.0,0.0,0.0,0.5666666666666667,13.300989891060098,1
capacitance,capacitance::5.0|86.0|25.0,5.0|86.0|25.0,1,3.8800000000000003e-07,3.8800000000000003e-07,0.0,,5.0,86.0,25.0,1537.8661434735484,132169.83641931857,0.0,0.0,0.0,0.0,0.0,0.0,0.5733333333333334,13.37274907368303,1
capacitance,capacitance::5.0|87.0|25.0,5.0|87.0|25.0,1,3.89e-07,3.89e-07,0.0,,5.0,87.0,25.0,1546.118651960168,134425.52434219522,0.0,0.0,0.0,0.0,0.0,0.0,0.58,13.44451001704494,1
capacitance,capacitance::5.0|88.0|25.0,5.0|88.0|25.0,1,3.9e-07,3.9e-07,0.0,,5.0,88.0,25.0,1554.3713570103835,136697.7374333722,0.0,0.0,0.0,0.0,0.0,0.0,0.5866666666666667,13.516272669655509,1
capacitance,capacitance::5.0|89.0|25.0,5.0|89.0|25.0,1,3.9100000000000005e-07,3.9100000000000005e-07,0.0,,5.0,89.0,25.0,1562.6242529314645,138986.4756932866,0.0,0.0,0.0,0.0,0.0,0.0,0.5933333333333334,13.588036982012735,1
capacitance,capacitance::5.0|90.0|25.0,5.0|90.0|25.0,1,3.92e-07,3.92e-07,0.0,,5.0,90.0,25.0,1570.8773342484035,141291.73912235667,0.0,0.0,0.0,0.0,0.0,0.0,0.6,13.659802906507856,1
capacitance,capacitance::5.0|91.0|25.0,5.0|91.0|25.0,1,3.9300000000000004e-07,3.9300000000000004e-07,0.0,,5.0,91.0,25.0,1579.130595693605,143613.52772098288,0.0,0.0,0.0,0.0,0.0,0.0,0.6066666666666667,13.731570397335696,1
capacitance,capacitance::5.0|92.0|25.0,5.0|92.0|25.0,1,3.94e-07,3.94e-07,0.0,,5.0,92.0,25.0,1587.3840321971575,145951.84148954894,0.0,0.0,0.0,0.0,0.0,0.0,0.6133333333333333,13.803339410410064,1
capacitance,capacitance::5.0|93.0|25.0,5.0|93.0|25.0,1,3.9500000000000003e-07,3.9500000000000003e-07,0.0,,5.0,93.0,25.0,1595.6376388776455,148306.6804284227,0.0,0.0,0.0,0.0,0.0,0.0,0.62,13.875109903283875,1
capacitance,capacitance::5.0|94.0|25.0,5.0|94.0|25.0,1,3.96e-07,3.96e-07,0.0,,5.0,94.0,25.0,1603.891411033469,150678.04453795668,0.0,0.0,0.0,0.0,0.0,0.0,0.6266666666666667,13.946881835073643,1
capacitance,capacitance::5.0|95.0|25.0,5.0|95.0|25.0,1,3.97e-07,3.97e-07,0.0,,5.0,95.0,25.0,1612.145344134641,153065.93381848928,0.0,0.0,0.0,0.0,0.0,0.0,0.6333333333333333,14.018655166388182,1
capacitance,capacitance::5.0|96.0|25.0,5.0|96.0|25.0,1,3.9800000000000004e-07,3.9800000000000004e-07,0.0,,5.0,96.0,25.0,1620.399433815027,155470.3482703452,0.0,0.0,0.0,0.0,0.0,0.0,0.64,14.090429859261103,1
capacitance,capacitance::5.0|97.0|25.0,5.0|97.0|25.0,1,3.99e-07,3.99e-07,0.0,,5.0,97.0,25.0,1628.6536758650045,157891.28789383618,0.0,0.0,0.0,0.0,0.0,0.0,0.6466666666666666,14.162205877086995,1
capacitance,capacitance::5.0|98.0|25.0,5.0|98.0|25.0,1,4.0000000000000003e-07,4.0000000000000003e-07,0.0,,5.0,98.0,25.0,1636.9080662245096,160328.7526892616,0.0,0.0,0.0,0.0,0.0,0.0,0.6533333333333333,14.233983184560953,1
capacitance,capacitance::5.0|99.0|25.0,5.0|99.0|25.0,1,4.01e-07,4.01e-07,0.0,,5.0,99.0,25.0,1645.1626009764566,162782.74265690928,0.0,0.0,0.0,0.0,0.0,0.0,0.66,14.30576174762136,1
capacitance,capacitance::5.0|100.0|25.0,5.0|100.0|25.0,1,4.02e-07,4.02e-07,0.0,,5.0,100.0,25.0,1653.4172763404972,165253.25779705573,0.0,0.0,0.0,0.0,0.0,0.0,0.6666666666666666,14.377541533395627,1
capacitance,capacitance::5.0|101.0|25.0,5.0|101.0|25.0,1,4.0300000000000005e-07,4.0300000000000005e-07,0.0,,5.0,101.0,25.0,1661.672088667106,167740.298109967,0.0,0.0,0.0,0.0,0.0,0.0,0.6733333333333333,14.449322510148747,1
capacitance,capacitance::5.0|102.0|25.0,5.0|102.0|25.0,1,4.04e-07,4.04e-07,0.0,,5.0,102.0,25.0,1669.9270344319707,170243.863595899,0.0,0.0,0.0,0.0,0.0,0.0,0.68,14.521104647234528,1
capacitance,capacitance::5.0|103.0|25.0,5.0|103.0|25.0,1,4.0500000000000004e-07,4.0500000000000004e-07,0.0,,5.0,103.0,25.0,1678.1821102306665,172763.95425509795,0.0,0.0,0.0,0.0,0.0,0.0,0.6866666666666666,14.592887915049273,1
capacitance,capacitance::5.0|104.0|25.0,5.0|104.0|25.0,1,4.06e-07,4.06e-07,0.0,,5.0,104.0,25.0,1686.4373127736021,175300.5700878009,0.0,0.0,0.0,0.0,0.0,0.0,0.6933333333333334,14.664672284987844,1
capacitance,capacitance::5.0|105.0|25.0,5.0|105.0|25.0,1,4.0700000000000003e-07,4.0700000000000003e-07,0.0,,5.0,105.0,25.0,1694.6926388812187,177853.7110942362,0.0,0.0,0.0,0.0,0.0,0.0,0.7,14.736457729401902,1
capacitance,capacitance::5.0|106.0|25.0,5.0|106.0|25.0,1,4.08e-07,4.08e-07,0.0,,5.0,106.0,25.0,1702.9480854794267,180423.3772746239,0.0,0.0,0.0,0.0,0.0,0.0,0.7066666666666667,14.808244221560232,1
capacitance,capacitance::5.0|107.0|25.0,5.0|107.0|25.0,1,4.09e-07,4.09e-07,0.0,,5.0,107.0,25.0,1711.20364959527,183009.56862917598,0.0,0.0,0.0,0.0,0.0,0.0,0.7133333333333334,14.880031735611043,1
capacitance,capacitance::5.0|108.0|25.0,5.0|108.0|25.0,1,4.1000000000000004e-07,4.1000000000000004e-07,0.0,,5.0,108.0,25.0,1719.459328352797,185612.28515809673,0.0,0.0,0.0,0.0,0.0,0.0,0.72,14.951820246546061,1
capacitance,capacitance::5.0|109.0|25.0,5.0|109.0|25.0,1,4.11e-07,4.11e-07,0.0,,5.0,109.0,25.0,1727.715118969143,188231.52686158335,0.0,0.0,0.0,0.0,0.0,0.0,0.7266666666666667,15.023609730166461,1
capacitance,capacitance::5.0|110.0|25.0,5.0|110.0|25.0,1,4.1200000000000004e-07,4.1200000000000004e-07,0.0,,5.0,110.0,25.0,1735.9710187507887,190867.29373982598,0.0,0.0,0.0,0.0,0.0,0.0,0.7333333333333333,15.095400163050337,1
capacitance,capacitance::5.0|111.0|25.0,5.0|111.0|25.0,1,4.13e-07,4.13e-07,0.0,,5.0,111.0,25.0,1744.227025090004,193519.5857930081,0.0,0.0,0.0,0.0,0.0,0.0,0.74,15.167191522521774,1
capacitance,capacitance::5.0|112.0|25.0,5.0|112.0|25.0,1,4.1400000000000003e-07,4.1400000000000003e-07,0.0,,5.0,112.0,25.0,1752.483135461461,196188.40302130682,0.0,0.0,0.0,0.0,0.0,0.0,0.7466666666666667,15.2389837866214,1
capacitance,capacitance::5.0|113.0|25.0,5.0|113.0|25.0,1,4.1500000000000005e-07,4.1500000000000005e-07,0.0,,5.0,113.0,25.0,1760.7393474190037,198873.74542489316,0.0,0.0,0.0,0.0,0.0,0.0,0.7533333333333333,15.310776934078293,1
capacitance,capacitance::5.0|114.0|25.0,5.0|114.0|25.0,1,4.16e-07,4.16e-07,0.0,,5.0,114.0,25.0,1768.9956585925709,201575.61300393243,0.0,0.0,0.0,0.0,0.0,0.0,0.76,15.382570944283225,1
capacitance,capacitance::5.0|115.0|25.0,5.0|115.0|25.0,1,4.1700000000000004e-07,4.1700000000000004e-07,0.0,,5.0,115.0,25.0,1777.2520666852577,204294.00575858422,0.0,0.0,0.0,0.0,0.0,0.0,0.7666666666666667,15.45436579726311,1
capacitance,capacitance::5.0|116.0|25.0,5.0|116.0|25.0,1,4.18e-07,4.18e-07,0.0,,5.0,116.0,25.0,1785.5085694705158,207028.92368900278,0.0,0.0,0.0,0.0,0.0,0.0,0.7733333333333333,15.526161473656659,1
capacitance,capacitance::5.0|117.0|25.0,5.0|117.0|25.0,1,4.1900000000000003e-07,4.1900000000000003e-07,0.0,,5.0,117.0,25.0,1793.7651647894804,209780.3667953373,0.0,0.0,0.0,0.0,0.0,0.0,0.78,15.597957954691134,1
capacitance,capacitance::5.0|118.0|25.0,5.0|118.0|25.0,1,4.2e-07,4.2e-07,0.0,,5.0,118.0,25.0,1802.021850548417,212548.3350777319,0.0,0.0,0.0,0.0,0.0,0.0,0.7866666666666666,15.669755222160148,1
capacitance,capacitance::5.0|119.0|25.0,5.0|119.0|25.0,1,4.21e-07,4.21e-07,0.0,,5.0,119.0,25.0,1810.2786247162849,215332.82853632624,0.0,0.0,0.0,0.0,0.0,0.0,0.7933333333333333,15.741553258402478,1
capacitance,capacitance::5.0|120.0|25.0,5.0|120.0|25.0,1,4.2200000000000005e-07,4.2200000000000005e-07,0.0,,5.0,120.0,25.0,1818.5354853224067,218133.8471712552,0.0,0.0,0.0,0.0,0.0,0.0,0.8,15.813352046281796,1
capacitance,capacitance::5.0|121.0|25.0,5.0|121.0|25.0,1,4.23e-07,4.23e-07,0.0,,5.0,121.0,25.0,1826.7924304542414,220951.3909826495,0.0,0.0,0.0,0.0,0.0,0.0,0.8066666666666666,15.885151569167316,1
capacitance,capacitance::5.0|122.0|25.0,5.0|122.0|25.0,1,4.2400000000000004e-07,4.2400000000000004e-07,0.0,,5.0,122.0,25.0,1835.04945825526,223785.45997063548,0.0,0.0,0.0,0.0,0.0,0.0,0.8133333333333334,15.956951810915305,1
capacitance,capacitance::5.0|123.0|25.0,5.0|123.0|25.0,1,4.25e-07,4.25e-07,0.0,,5.0,123.0,25.0,1843.3065669229068,226636.0541353358,0.0,0.0,0.0,0.0,0.0,0.0,0.82,16.028752755851364,1
capacitance,capacitance::5.0|124.0|25.0,5.0|124.0|25.0,1,4.2600000000000003e-07,4.2600000000000003e-07,0.0,,5.0,124.0,25.0,1851.5637547066526,229503.17347686907,0.0,0.0,0.0,0.0,0.0,0.0,0.8266666666666667,16.1005543887535,1
capacitance,capacitance::5.0|125.0|25.0,5.0|125.0|25.0,1,4.2700000000000005e-07,4.2700000000000005e-07,0.0,,5.0,125.0,25.0,1859.8210199061305,232386.81799535002,0.0,0.0,0.0,0.0,0.0,0.0,0.8333333333333334,16.172356694835916,1
capacitance,capacitance::5.0|126.0|25.0,5.0|126.0|25.0,1,4.28e-07,4.28e-07,0.0,,5.0,126.0,25.0,1868.0783608693548,235286.98769089018,0.0,0.0,0.0,0.0,0.0,0.0,0.84,16.24415965973352,1
capacitance,capacitance::5.0|127.0|25.0,5.0|127.0|25.0,1,4.2900000000000004e-07,4.2900000000000004e-07,0.0,,5.0,127.0,25.0,1876.3357759910095,238203.6825635975,0.0,0.0,0.0,0.0,0.0,0.0,0.8466666666666667,16.31596326948704,1
capacitance,capacitance::5.0|128.0|25.0,5.0|128.0|25.0,1,4.3e-07,4.3e-07,0.0,,5.0,128.0,25.0,1884.593263710812,241136.90261357662,0.0,0.0,0.0,0.0,0.0,0.0,0.8533333333333334,16.3877675105288,1
capacitance,capacitance::5.0|129.0|25.0,5.0|129.0|25.0,1,4.3100000000000003e-07,4.3100000000000003e-07,0.0,,5.0,129.0,25.0,1892.8508225119467,244086.64784092904,0.0,0.0,0.0,0.0,0.0,0.0,0.86,16.4595723696691,1
capacitance,capacitance::5.0|130.0|25.0,5.0|130.0|25.0,1,4.32e-07,4.32e-07,0.0,,5.0,130.0,25.0,1901.1084509195603,247052.91824575313,0.0,0.0,0.0,0.0,0.0,0.0,0.8666666666666667,16.531377834083134,1
capacitance,capacitance::5.0|131.0|25.0,5.0|131.0|25.0,1,4.33e-07,4.33e-07,0.0,,5.0,131.0,25.0,1909.3661474993223,250035.71382814465,0.0,0.0,0.0,0.0,0.0,0.0,0.8733333333333333,16.603183891298453,1
capacitance,capacitance::5.0|132.0|25.0,5.0|132.0|25.0,1,4.3400000000000005e-07,4.3400000000000005e-07,0.0,,5.0,132.0,25.0,1917.6239108560396,253035.03458819608,0.0,0.0,0.0,0.0,0.0,0.0,0.88,16.674990529182953,1
capacitance,capacitance::5.0|133.0|25.0,5.0|133.0|25.0,1,4.35e-07,4.35e-07,0.0,,5.0,133.0,25.0,1925.8817396323336,256050.88052599743,0.0,0.0,0.0,0.0,0.0,0.0,0.8866666666666667,16.746797735933335,1
capacitance,capacitance::5.0|134.0|25.0,5.0|134.0|25.0,1,4.3600000000000004e-07,4.3600000000000004e-07,0.0,,5.0,134.0,25.0,1934.1396325073679,259083.25164163613,0.0,0.0,0.0,0.0,0.0,0.0,0.8933333333333333,16.81860550006407,1
capacitance,capacitance::5.0|135.0|25.0,5.0|135.0|25.0,1,4.37e-07,4.37e-07,0.0,,5.0,135.0,25.0,1942.397588195624,262132.14793519705,0.0,0.0,0.0,0.0,0.0,0.0,0.9,16.89041381039673,1
capacitance,capacitance::5.0|136.0|25.0,5.0|136.0|25.0,1,4.3800000000000003e-07,4.3800000000000003e-07,0.0,,5.0,136.0,25.0,1950.655605445732,265197.5694067625,0.0,0.0,0.0,0.0,0.0,0.0,0.9066666666666666,16.962222656049843,1
capacitance,capacitance::5.0|137.0|25.0,5.0|137.0|25.0,1,4.3900000000000005e-07,4.3900000000000005e-07,0.0,,5.0,137.0,25.0,1958.9136830393404,268279.51605641254,0.0,0.0,0.0,0.0,0.0,0.0,0.9133333333333333,17.034032026429045,1
capacitance,capacitance::5.0|138.0|25.0,5.0|138.0|25.0,1,4.4e-07,4.4e-07,0.0,,5.0,138.0,25.0,1967.1718197900382,271377.987884225,0.0,0.0,0.0,0.0,0.0,0.0,0.92,17.105841911217723,1
capacitance,capacitance::5.0|139.0|25.0,5.0|139.0|25.0,1,4.4100000000000004e-07,4.4100000000000004e-07,0.0,,5.0,139.0,25.0,1975.4300145423126,274492.98489027546,0.0,0.0,0.0,0.0,0.0,0.0,0.9266666666666666,17.177652300367935,1
capacitance,capacitance::5.0|140.0|25.0,5.0|140.0|25.0,1,4.42e-07,4.42e-07,0.0,,5.0,140.0,25.0,1983.6882661705504,277624.50707463734,0.0,0.0,0.0,0.0,0.0,0.0,0.9333333333333333,17.24946318409174,1
capacitance,capacitance::5.0|141.0|25.0,5.0|141.0|25.0,1,4.4300000000000004e-07,4.4300000000000004e-07,0.0,,5.0,141.0,25.0,1991.9465735780773,280772.5544373823,0.0,0.0,0.0,0.0,0.0,0.0,0.94,17.321274552852845,1
capacitance,capacitance::5.0|142.0|25.0,5.0|142.0|25.0,1,4.44e-07,4.44e-07,0.0,,5.0,142.0,25.0,2000.2049356962318,283937.12697857956,0.0,0.0,0.0,0.0,0.0,0.0,0.9466666666666667,17.393086397358537,1
capacitance,capacitance::5.0|143.0|25.0,5.0|143.0|25.0,1,4.4500000000000003e-07,4.4500000000000003e-07,0.0,,5.0,143.0,25.0,2008.46335148348,287118.2246982969,0.0,0.0,0.0,0.0,0.0,0.0,0.9533333333333334,17.464898708552,1
capacitance,capacitance::5.0|144.0|25.0,5.0|144.0|25.0,1,4.4600000000000005e-07,4.4600000000000005e-07,0.0,,5.0,144.0,25.0,2016.7218199245578,290315.8475966,0.0,0.0,0.0,0.0,0.0,0.0,0.96,17.53671147760485,1
capacitance,capacitance::5.0|145.0|25.0,5.0|145.0|25.0,1,4.47e-07,4.47e-07,0.0,,5.0,145.0,25.0,2024.980340029648,293529.9956735528,0.0,0.0,0.0,0.0,0.0,0.0,0.9666666666666667,17.60852469590998,1
capacitance,capacitance::5.0|146.0|25.0,5.0|146.0|25.0,1,4.4800000000000004e-07,4.4800000000000004e-07,0.0,,5.0,146.0,25.0,2033.238910833589,296760.6689292176,0.0,0.0,0.0,0.0,0.0,0.0,0.9733333333333334,17.680338355074685,1
capacitance,capacitance::5.0|147.0|25.0,5.0|147.0|25.0,1,4.49e-07,4.49e-07,0.0,,5.0,147.0,25.0,2041.4975313951109,300007.867363655,0.0,0.0,0.0,0.0,0.0,0.0,0.98,17.752152446914007,1
capacitance,capacitance::5.0|148.0|25.0,5.0|148.0|25.0,1,4.5000000000000003e-07,4.5000000000000003e-07,0.0,,5.0,148.0,25.0,2049.7562007961023,303271.59097692417,0.0,0.0,0.0,0.0,0.0,0.0,0.9866666666666667,17.823966963444366,1
capacitance,capacitance::5.0|149.0|25.0,5.0|149.0|25.0,1,4.51e-07,4.51e-07,0.0,,5.0,149.0,25.0,2058.0149181408988,306551.83976908226,0.0,0.0,0.0,0.0,0.0,0.0,0.9933333333333333,17.89578189687738,1
capacitance,capacitance::5.0|150.0|25.0,5.0|150.0|25.0,1,4.52e-07,4.52e-07,0.0,,5.0,150.0,25.0,2066.2736825556062,309848.6137401854,0.0,0.0,0.0,0.0,0.0,0.0,1.0,17.967597239613966,1
charge,charge::0.0|75.0|25.0,0.0|75.0|25.0,1,0.0,0.0,0.0,,0.0,75.0,25.0,86.25000282842711,106.87499999999999,0.0,0.0,0.0,0.0,0.0,0.0,0.5,0.7500000245950184,0
charge,charge::0.012|75.0|25.0,0.012|75.0|25.0,1,1e-09,1e-09,0.0,,0.0125,75.0,25.0,2.8284271247461903e-06,0.0,0.0,0.0,0.0,0.0,0.0,0.0,0.5,2.459501847605383e-08,0
charge,charge::0.025|75.0|25.0,0.025|75.0|25.0,1,2e-09,2e-09,0.0,,0.025,75.0,25.0,2.8284271247461903e-06,0.0,0.0,0.0,0.0,0.0,0.0,0.0,0.5,2.459501847605383e-08,0
charge,charge::0.038|75.0|25.0,0.038|75.0|25.0,1,3.0000000000000004e-09,3.0000000000000004e-09,0.0,,0.0375,75.0,25.0,2.8284271247461903e-06,0.0,0.0,0.0,0.0,0.0,0.0,0.0,0.5,2.459501847605383e-08,0
charge,charge::0.05|75.0|25.0,0.05|75.0|25.0,1,4e-09,4e-09,0.0,,0.05,75.0,25.0,2.8284271247461903e-06,0.0,0.0,0.0,0.0,0.0,0.0,0.0,0.5,2.459501847605383e-08,0
charge,charge::0.062|75.0|25.0,0.062|75.0|25.0,1,5e-09,5e-09,0.0,,0.0625,75.0,25.0,2.8284271247461903e-06,0.0,0.0,0.0,0.0,0.0,0.0,0.0,0.5,2.459501847605383e-08,0
charge,charge::0.075|75.0|25.0,0.075|75.0|25.0,1,6.000000000000001e-09,6.000000000000001e-09,0.0,,0.075,75.0,25.0,2.8284271247461903e-06,0.0,0.0,0.0,0.0,0.0,0.0,0.0,0.5,2.459501847605383e-08,0
charge,charge::0.088|75.0|25.0,0.088|75.0|25.0,1,7.000000000000001e-09,7.000000000000001e-09,0.0,,0.0875,75.0,25.0,2.8284271247461903e-06,0.0,0.0,0.0,0.0,0.0,0.0,0.0,0.5,2.459501847605383e-08,0
charge,charge::0.1|75.0|25.0,0.1|75.0|25.0,1,8e-09,8e-09,0.0,,0.1,75.0,25.0,2.8284271247461903e-06,0.0,0.0,0.0,0.0,0.0,0.0,0.0,0.5,2.459501847605383e-08,0
charge,charge::0.112|75.0|25.0,0.112|75.0|25.0,1,9.000000000000001e-09,9.000000000000001e-09,0.0,,0.1125,75.0,25.0,2.8284271247461903e-06,0.0,0.0,0.0,0.0,0.0,0.0,0.0,0.5,2.459501847605383e-08,0
charge,charge::0.125|75.0|25.0,0.125|75.0|25.0,1,1e-08,1e-08,0.0,,0.125,75.0,25.0,2.8284271247461903e-06,0.0,0.0,0.0,0.0,0.0,0.0,0.0,0.5,2.459501847605383e-08,0
charge,charge::0.138|75.0|25.0,0.138|75.0|25.0,1,1.1000000000000001e-08,1.1000000000000001e-08,0.0,,0.1375,75.0,25.0,2.8284271247461903e-06,0.0,0.0,0.0,0.0,0.0,0.0,0.0,0.5,2.459501847605383e-08,0
charge,charge::0.15|75.0|25.0,0.15|75.0|25.0,1,1.2000000000000002e-08,1.2000000000000002e-08,0.0,,0.15,75.0,25.0,2.8284271247461903e-06,0.0,0.0,0.0,0.0,0.0,0.0,0.0,0.5,2.459501847605383e-08,0
charge,charge::0.162|75.0|25.0,0.162|75.0|25.0,1,1.3e-08,1.3e-08,0.0,,0.1625,75.0,25.0,2.8284271247461903e-06,0.0,0.0,0.0,0.0,0.0,0.0,0.0,0.5,2.459501847605383e-08,0
charge,charge::0.175|75.0|25.0,0.175|75.0|25.0,1,1.4000000000000001e-08,1.4000000000000001e-08,0.0,,0.175,75.0,25.0,2.8284271247461903e-06,0.0,0.0,0.0,0.0,0.0,0.0,0.0,0.5,2.459501847605383e-08,0
charge,charge::0.188|75.0|25.0,0.188|75.0|25.0,1,1.5000000000000002e-08,1.5000000000000002e-08,0.0,,0.1875,75.0,25.0,2.8284271247461903e-06,0.0,0.0,0.0,0.0,0.0,0.0,0.0,0.5,2.459501847605383e-08,0
charge,charge::0.2|75.0|25.0,0.2|75.0|25.0,1,1.6e-08,1.6e-08,0.0,,0.2,75.0,25.0,2.8284271247461903e-06,0.0,0.0,0.0,0.0,0.0,0.0,0.0,0.5,2.459501847605383e-08,0
charge,charge::0.212|75.0|25.0,0.212|75.0|25.0,1,1.7e-08,1.7e-08,0.0,,0.2125,75.0,25.0,2.8284271247461903e-06,0.0,0.0,0.0,0.0,0.0,0.0,0.0,0.5,2.459501847605383e-08,0
charge,charge::0.225|75.0|25.0,0.225|75.0|25.0,1,1.8000000000000002e-08,1.8000000000000002e-08,0.0,,0.225,75.0,25.0,2.8284271247461903e-06,0.0,0.0,0.0,0.0,0.0,0.0,0.0,0.5,2.459501847605383e-08,0
charge,charge::0.238|75.0|25.0,0.238|75.0|25.0,1,1.9e-08,1.9e-08,0.0,,0.2375,75.0,25.0,2.8284271247461903e-06,0.0,0.0,0.0,0.0,0.0,0.0,0.0,0.5,2.459501847605383e-08,0
charge,charge::0.25|75.0|25.0,0.25|75.0|25.0,1,2e-08,2e-08,0.0,,0.25,75.0,25.0,2.8284271247461903e-06,0.0,0.0,0.0,0.0,0.0,0.0,0.0,0.5,2.459501847605383e-08,0
charge,charge::0.262|75.0|25.0,0.262|75.0|25.0,1,2.1000000000000003e-08,2.1000000000000003e-08,0.0,,0.2625,75.0,25.0,2.8284271247461903e-06,0.0,0.0,0.0,0.0,0.0,0.0,0.0,0.5,2.459501847605383e-08,0
charge,charge::0.275|75.0|25.0,0.275|75.0|25.0,1,2.2000000000000002e-08,2.2000000000000002e-08,0.0,,0.275,75.0,25.0,2.8284271247461903e-06,0.0,0.0,0.0,0.0,0.0,0.0,0.0,0.5,2.459501847605383e-08,0
charge,charge::0.288|75.0|25.0,0.288|75.0|25.0,1,2.3e-08,2.3e-08,0.0,,0.2875,75.0,25.0,2.8284271247461903e-06,0.0,0.0,0.0,0.0,0.0,0.0,0.0,0.5,2.459501847605383e-08,0
charge,charge::0.3|75.0|25.0,0.3|75.0|25.0,1,2.4000000000000003e-08,2.4000000000000003e-08,0.0,,0.3,75.0,25.0,2.8284271247461903e-06,0.0,0.0,0.0,0.0,0.0,0.0,0.0,0.5,2.459501847605383e-08,0
charge,charge::0.312|75.0|25.0,0.312|75.0|25.0,1,2.5000000000000002e-08,2.5000000000000002e-08,0.0,,0.3125,75.0,25.0,2.8284271247461903e-06,0.0,0.0,0.0,0.0,0.0,0.0,0.0,0.5,2.459501847605383e-08,0
charge,charge::0.325|75.0|25.0,0.325|75.0|25.0,1,2.6e-08,2.6e-08,0.0,,0.325,75.0,25.0,2.8284271247461903e-06,0.0,0.0,0.0,0.0,0.0,0.0,0.0,0.5,2.459501847605383e-08,0
charge,charge::0.338|75.0|25.0,0.338|75.0|25.0,1,2.7e-08,2.7e-08,0.0,,0.3375,75.0,25.0,2.8284271247461903e-06,0.0,0.0,0.0,0.0,0.0,0.0,0.0,0.5,2.459501847605383e-08,0
charge,charge::0.35|75.0|25.0,0.35|75.0|25.0,1,2.8000000000000003e-08,2.8000000000000003e-08,0.0,,0.35,75.0,25.0,2.8284271247461903e-06,0.0,0.0,0.0,0.0,0.0,0.0,0.0,0.5,2.459501847605383e-08,0
charge,charge::0.362|75.0|25.0,0.362|75.0|25.0,1,2.9e-08,2.9e-08,0.0,,0.3625,75.0,25.0,2.8284271247461903e-06,0.0,0.0,0.0,0.0,0.0,0.0,0.0,0.5,2.459501847605383e-08,0
charge,charge::0.375|75.0|25.0,0.375|75.0|25.0,1,3.0000000000000004e-08,3.0000000000000004e-08,0.0,,0.375,75.0,25.0,2.8284271247461903e-06,0.0,0.0,0.0,0.0,0.0,0.0,0.0,0.5,2.459501847605383e-08,0
charge,charge::0.388|75.0|25.0,0.388|75.0|25.0,1,3.1e-08,3.1e-08,0.0,,0.3875,75.0,25.0,2.8284271247461903e-06,0.0,0.0,0.0,0.0,0.0,0.0,0.0,0.5,2.459501847605383e-08,0
charge,charge::0.4|75.0|25.0,0.4|75.0|25.0,1,3.2e-08,3.2e-08,0.0,,0.4,75.0,25.0,2.8284271247461903e-06,0.0,0.0,0.0,0.0,0.0,0.0,0.0,0.5,2.459501847605383e-08,0
charge,charge::0.412|75.0|25.0,0.412|75.0|25.0,1,3.3000000000000004e-08,3.3000000000000004e-08,0.0,,0.4125,75.0,25.0,2.8284271247461903e-06,0.0,0.0,0.0,0.0,0.0,0.0,0.0,0.5,2.459501847605383e-08,0
charge,charge::0.425|75.0|25.0,0.425|75.0|25.0,1,3.4e-08,3.4e-08,0.0,,0.425,75.0,25.0,2.8284271247461903e-06,0.0,0.0,0.0,0.0,0.0,0.0,0.0,0.5,2.459501847605383e-08,0
charge,charge::0.438|75.0|25.0,0.438|75.0|25.0,1,3.5e-08,3.5e-08,0.0,,0.4375,75.0,25.0,2.8284271247461903e-06,0.0,0.0,0.0,0.0,0.0,0.0,0.0,0.5,2.459501847605383e-08,0
charge,charge::0.45|75.0|25.0,0.45|75.0|25.0,1,3.6000000000000005e-08,3.6000000000000005e-08,0.0,,0.45,75.0,25.0,2.8284271247461903e-06,0.0,0.0,0.0,0.0,0.0,0.0,0.0,0.5,2.459501847605383e-08,0
charge,charge::0.462|75.0|25.0,0.462|75.0|25.0,1,3.7e-08,3.7e-08,0.0,,0.4625,75.0,25.0,2.8284271247461903e-06,0.0,0.0,0.0,0.0,0.0,0.0,0.0,0.5,2.459501847605383e-08,0
charge,charge::0.475|75.0|25.0,0.475|75.0|25.0,1,3.8e-08,3.8e-08,0.0,,0.475,75.0,25.0,2.8284271247461903e-06,0.0,0.0,0.0,0.0,0.0,0.0,0.0,0.5,2.459501847605383e-08,0
charge,charge::0.488|75.0|25.0,0.488|75.0|25.0,1,3.9000000000000005e-08,3.9000000000000005e-08,0.0,,0.4875,75.0,25.0,2.8284271247461903e-06,0.0,0.0,0.0,0.0,0.0,0.0,0.0,0.5,2.459501847605383e-08,0
charge,charge::0.5|75.0|25.0,0.5|75.0|25.0,1,4e-08,4e-08,0.0,,0.5,75.0,25.0,2.8284271247461903e-06,0.0,0.0,0.0,0.0,0.0,0.0,0.0,0.5,2.459501847605383e-08,0
charge,charge::0.512|75.0|25.0,0.512|75.0|25.0,1,4.1e-08,4.1e-08,0.0,,0.5125,75.0,25.0,2.8284271247461903e-06,0.0,0.0,0.0,0.0,0.0,0.0,0.0,0.5,2.459501847605383e-08,0
charge,charge::0.525|75.0|25.0,0.525|75.0|25.0,1,4.2000000000000006e-08,4.2000000000000006e-08,0.0,,0.525,75.0,25.0,2.8284271247461903e-06,0.0,0.0,0.0,0.0,0.0,0.0,0.0,0.5,2.459501847605383e-08,0
charge,charge::0.538|75.0|25.0,0.538|75.0|25.0,1,4.3e-08,4.3e-08,0.0,,0.5375,75.0,25.0,2.8284271247461903e-06,0.0,0.0,0.0,0.0,0.0,0.0,0.0,0.5,2.459501847605383e-08,0
charge,charge::0.55|75.0|25.0,0.55|75.0|25.0,1,4.4000000000000004e-08,4.4000000000000004e-08,0.0,,0.55,75.0,25.0,2.8284271247461903e-06,0.0,0.0,0.0,0.0,0.0,0.0,0.0,0.5,2.459501847605383e-08,0
charge,charge::0.562|75.0|25.0,0.562|75.0|25.0,1,4.5000000000000006e-08,4.5000000000000006e-08,0.0,,0.5625,75.0,25.0,2.8284271247461903e-06,0.0,0.0,0.0,0.0,0.0,0.0,0.0,0.5,2.459501847605383e-08,0
charge,charge::0.575|75.0|25.0,0.575|75.0|25.0,1,4.6e-08,4.6e-08,0.0,,0.575,75.0,25.0,2.8284271247461903e-06,0.0,0.0,0.0,0.0,0.0,0.0,0.0,0.5,2.459501847605383e-08,0
charge,charge::0.588|75.0|25.0,0.588|75.0|25.0,1,4.7000000000000004e-08,4.7000000000000004e-08,0.0,,0.5875,75.0,25.0,2.8284271247461903e-06,0.0,0.0,0.0,0.0,0.0,0.0,0.0,0.5,2.459501847605383e-08,0
charge,charge::0.6|75.0|25.0,0.6|75.0|25.0,1,4.8000000000000006e-08,4.8000000000000006e-08,0.0,,0.6,75.0,25.0,2.8284271247461903e-06,0.0,0.0,0.0,0.0,0.0,0.0,0.0,0.5,2.459501847605383e-08,0
charge,charge::0.612|75.0|25.0,0.612|75.0|25.0,1,4.9e-08,4.9e-08,0.0,,0.6125,75.0,25.0,2.8284271247461903e-06,0.0,0.0,0.0,0.0,0.0,0.0,0.0,0.5,2.459501847605383e-08,0
charge,charge::0.625|75.0|25.0,0.625|75.0|25.0,1,5.0000000000000004e-08,5.0000000000000004e-08,0.0,,0.625,75.0,25.0,2.8284271247461903e-06,0.0,0.0,0.0,0.0,0.0,0.0,0.0,0.5,2.459501847605383e-08,0
charge,charge::0.638|75.0|25.0,0.638|75.0|25.0,1,5.1e-08,5.1e-08,0.0,,0.6375,75.0,25.0,2.8284271247461903e-06,0.0,0.0,0.0,0.0,0.0,0.0,0.0,0.5,2.459501847605383e-08,0
charge,charge::0.65|75.0|25.0,0.65|75.0|25.0,1,5.2e-08,5.2e-08,0.0,,0.65,75.0,25.0,2.8284271247461903e-06,0.0,0.0,0.0,0.0,0.0,0.0,0.0,0.5,2.459501847605383e-08,0
charge,charge::0.662|75.0|25.0,0.662|75.0|25.0,1,5.3000000000000005e-08,5.3000000000000005e-08,0.0,,0.6625,75.0,25.0,2.8284271247461903e-06,0.0,0.0,0.0,0.0,0.0,0.0,0.0,0.5,2.459501847605383e-08,0
charge,charge::0.675|75.0|25.0,0.675|75.0|25.0,1,5.4e-08,5.4e-08,0.0,,0.675,75.0,25.0,2.8284271247461903e-06,0.0,0.0,0.0,0.0,0.0,0.0,0.0,0.5,2.459501847605383e-08,0
charge,charge::0.688|75.0|25.0,0.688|75.0|25.0,1,5.5e-08,5.5e-08,0.0,,0.6875,75.0,25.0,2.8284271247461903e-06,0.0,0.0,0.0,0.0,0.0,0.0,0.0,0.5,2.459501847605383e-08,0
charge,charge::0.7|75.0|25.0,0.7|75.0|25.0,1,5.6000000000000005e-08,5.6000000000000005e-08,0.0,,0.7,75.0,25.0,2.8284271247461903e-06,0.0,0.0,0.0,0.0,0.0,0.0,0.0,0.5,2.459501847605383e-08,0
charge,charge::0.712|75.0|25.0,0.712|75.0|25.0,1,5.7e-08,5.7e-08,0.0,,0.7125,75.0,25.0,2.8284271247461903e-06,0.0,0.0,0.0,0.0,0.0,0.0,0.0,0.5,2.459501847605383e-08,0
charge,charge::0.725|75.0|25.0,0.725|75.0|25.0,1,5.8e-08,5.8e-08,0.0,,0.725,75.0,25.0,2.8284271247461903e-06,0.0,0.0,0.0,0.0,0.0,0.0,0.0,0.5,2.459501847605383e-08,0
charge,charge::0.738|75.0|25.0,0.738|75.0|25.0,1,5.9000000000000006e-08,5.9000000000000006e-08,0.0,,0.7375,75.0,25.0,2.8284271247461903e-06,0.0,0.0,0.0,0.0,0.0,0.0,0.0,0.5,2.459501847605383e-08,0
charge,charge::0.75|75.0|25.0,0.75|75.0|25.0,1,6.000000000000001e-08,6.000000000000001e-08,0.0,,0.75,75.0,25.0,2.8284271247461903e-06,0.0,0.0,0.0,0.0,0.0,0.0,0.0,0.5,2.459501847605383e-08,0
charge,charge::0.762|75.0|25.0,0.762|75.0|25.0,1,6.1e-08,6.1e-08,0.0,,0.7625,75.0,25.0,2.8284271247461903e-06,0.0,0.0,0.0,0.0,0.0,0.0,0.0,0.5,2.459501847605383e-08,0
charge,charge::0.775|75.0|25.0,0.775|75.0|25.0,1,6.2e-08,6.2e-08,0.0,,0.775,75.0,25.0,2.8284271247461903e-06,0.0,0.0,0.0,0.0,0.0,0.0,0.0,0.5,2.459501847605383e-08,0
charge,charge::0.788|75.0|25.0,0.788|75.0|25.0,1,6.300000000000001e-08,6.300000000000001e-08,0.0,,0.7875,75.0,25.0,2.8284271247461903e-06,0.0,0.0,0.0,0.0,0.0,0.0,0.0,0.5,2.459501847605383e-08,0
charge,charge::0.8|75.0|25.0,0.8|75.0|25.0,1,6.4e-08,6.4e-08,0.0,,0.8,75.0,25.0,2.8284271247461903e-06,0.0,0.0,0.0,0.0,0.0,0.0,0.0,0.5,2.459501847605383e-08,0
charge,charge::0.812|75.0|25.0,0.812|75.0|25.0,1,6.5e-08,6.5e-08,0.0,,0.8125,75.0,25.0,2.8284271247461903e-06,0.0,0.0,0.0,0.0,0.0,0.0,0.0,0.5,2.459501847605383e-08,0
charge,charge::0.825|75.0|25.0,0.825|75.0|25.0,1,6.600000000000001e-08,6.600000000000001e-08,0.0,,0.825,75.0,25.0,2.8284271247461903e-06,0.0,0.0,0.0,0.0,0.0,0.0,0.0,0.5,2.459501847605383e-08,0
charge,charge::0.838|75.0|25.0,0.838|75.0|25.0,1,6.7e-08,6.7e-08,0.0,,0.8375,75.0,25.0,2.8284271247461903e-06,0.0,0.0,0.0,0.0,0.0,0.0,0.0,0.5,2.459501847605383e-08,0
charge,charge::0.85|75.0|25.0,0.85|75.0|25.0,1,6.8e-08,6.8e-08,0.0,,0.85,75.0,25.0,2.8284271247461903e-06,0.0,0.0,0.0,0.0,0.0,0.0,0.0,0.5,2.459501847605383e-08,0
charge,charge::0.862|75.0|25.0,0.862|75.0|25.0,1,6.900000000000001e-08,6.900000000000001e-08,0.0,,0.8625,75.0,25.0,2.8284271247461903e-06,0.0,0.0,0.0,0.0,0.0,0.0,0.0,0.5,2.459501847605383e-08,0
charge,charge::0.875|75.0|25.0,0.875|75.0|25.0,1,7e-08,7e-08,0.0,,0.875,75.0,25.0,2.8284271247461903e-06,0.0,0.0,0.0,0.0,0.0,0.0,0.0,0.5,2.459501847605383e-08,0
charge,charge::0.888|75.0|25.0,0.888|75.0|25.0,1,7.1e-08,7.1e-08,0.0,,0.8875,75.0,25.0,2.8284271247461903e-06,0.0,0.0,0.0,0.0,0.0,0.0,0.0,0.5,2.459501847605383e-08,0
charge,charge::0.9|75.0|25.0,0.9|75.0|25.0,1,7.200000000000001e-08,7.200000000000001e-08,0.0,,0.9,75.0,25.0,2.8284271247461903e-06,0.0,0.0,0.0,0.0,0.0,0.0,0.0,0.5,2.459501847605383e-08,0
charge,charge::0.912|75.0|25.0,0.912|75.0|25.0,1,7.3e-08,7.3e-08,0.0,,0.9125,75.0,25.0,2.8284271247461903e-06,0.0,0.0,0.0,0.0,0.0,0.0,0.0,0.5,2.459501847605383e-08,0
charge,charge::0.925|75.0|25.0,0.925|75.0|25.0,1,7.4e-08,7.4e-08,0.0,,0.925,75.0,25.0,2.8284271247461903e-06,0.0,0.0,0.0,0.0,0.0,0.0,0.0,0.5,2.459501847605383e-08,0
charge,charge::0.938|75.0|25.0,0.938|75.0|25.0,1,7.500000000000001e-08,7.500000000000001e-08,0.0,,0.9375,75.0,25.0,2.8284271247461903e-06,0.0,0.0,0.0,0.0,0.0,0.0,0.0,0.5,2.459501847605383e-08,0
charge,charge::0.95|75.0|25.0,0.95|75.0|25.0,1,7.6e-08,7.6e-08,0.0,,0.95,75.0,25.0,2.8284271247461903e-06,0.0,0.0,0.0,0.0,0.0,0.0,0.0,0.5,2.459501847605383e-08,0
charge,charge::0.962|75.0|25.0,0.962|75.0|25.0,1,7.7e-08,7.7e-08,0.0,,0.9625,75.0,25.0,2.8284271247461903e-06,0.0,0.0,0.0,0.0,0.0,0.0,0.0,0.5,2.459501847605383e-08,0
charge,charge::0.975|75.0|25.0,0.975|75.0|25.0,1,7.800000000000001e-08,7.800000000000001e-08,0.0,,0.975,75.0,25.0,2.8284271247461903e-06,0.0,0.0,0.0,0.0,0.0,0.0,0.0,0.5,2.459501847605383e-08,0
charge,charge::0.988|75.0|25.0,0.988|75.0|25.0,1,7.9e-08,7.9e-08,0.0,,0.9875,75.0,25.0,2.8284271247461903e-06,0.0,0.0,0.0,0.0,0.0,0.0,0.0,0.5,2.459501847605383e-08,0
charge,charge::1.0|75.0|25.0,1.0|75.0|25.0,1,8e-08,8e-08,0.0,,1.0,75.0,25.0,2.8284271247461903e-06,0.0,0.0,0.0,0.0,0.0,0.0,0.0,0.5,2.459501847605383e-08,0
charge,charge::1.012|75.0|25.0,1.012|75.0|25.0,1,8.100000000000001e-08,8.100000000000001e-08,0.0,,1.0125,75.0,25.0,2.8284271247461903e-06,0.0,0.0,0.0,0.0,0.0,0.0,0.0,0.5,2.459501847605383e-08,0
charge,charge::1.025|75.0|25.0,1.025|75.0|25.0,1,8.2e-08,8.2e-08,0.0,,1.025,75.0,25.0,2.8284271247461903e-06,0.0,0.0,0.0,0.0,0.0,0.0,0.0,0.5,2.459501847605383e-08,0
charge,charge::1.038|75.0|25.0,1.038|75.0|25.0,1,8.3e-08,8.3e-08,0.0,,1.0375,75.0,25.0,2.8284271247461903e-06,0.0,0.0,0.0,0.0,0.0,0.0,0.0,0.5,2.459501847605383e-08,0
charge,charge::1.05|75.0|25.0,1.05|75.0|25.0,1,8.400000000000001e-08,8.400000000000001e-08,0.0,,1.05,75.0,25.0,2.8284271247461903e-06,0.0,0.0,0.0,0.0,0.0,0.0,0.0,0.5,2.459501847605383e-08,0
charge,charge::1.062|75.0|25.0,1.062|75.0|25.0,1,8.500000000000001e-08,8.500000000000001e-08,0.0,,1.0625,75.0,25.0,2.8284271247461903e-06,0.0,0.0,0.0,0.0,0.0,0.0,0.0,0.5,2.459501847605383e-08,0
charge,charge::1.075|75.0|25.0,1.075|75.0|25.0,1,8.6e-08,8.6e-08,0.0,,1.075,75.0,25.0,2.8284271247461903e-06,0.0,0.0,0.0,0.0,0.0,0.0,0.0,0.5,2.459501847605383e-08,0
charge,charge::1.088|75.0|25.0,1.088|75.0|25.0,1,8.700000000000001e-08,8.700000000000001e-08,0.0,,1.0875,75.0,25.0,2.8284271247461903e-06,0.0,0.0,0.0,0.0,0.0,0.0,0.0,0.5,2.459501847605383e-08,0
charge,charge::1.1|75.0|25.0,1.1|75.0|25.0,1,8.800000000000001e-08,8.800000000000001e-08,0.0,,1.1,75.0,25.0,2.8284271247461903e-06,0.0,0.0,0.0,0.0,0.0,0.0,0.0,0.5,2.459501847605383e-08,0
charge,charge::1.112|75.0|25.0,1.112|75.0|25.0,1,8.9e-08,8.9e-08,0.0,,1.1125,75.0,25.0,0.007236592085835696,0.5425322744033212,0.0,0.0,0.0,0.0,0.0,0.0,0.5,6.29268877029191e-05,0
charge,charge::1.125|75.0|25.0,1.125|75.0|25.0,1,9.000000000000001e-08,9.000000000000001e-08,0.0,,1.125,75.0,25.0,0.03454890867983936,2.590956018953596,0.0,0.0,0.0,0.0,0.0,0.0,0.5,0.00030042529286816835,0
charge,charge::1.138|75.0|25.0,1.138|75.0|25.0,1,9.100000000000001e-08,9.100000000000001e-08,0.0,,1.1375,75.0,25.0,0.09214369377615483,6.910564901177256,0.0,0.0,0.0,0.0,0.0,0.0,0.5,0.0008012495110969986,0
charge,charge::1.15|75.0|25.0,1.15|75.0|25.0,1,9.2e-08,9.2e-08,0.0,,1.15,75.0,25.0,0.18953793801057411,14.215133218758703,0.0,0.0,0.0,0.0,0.0,0.0,0.5,0.0016481559827006445,0
charge,charge::1.162|75.0|25.0,1.162|75.0|25.0,1,9.300000000000001e-08,9.300000000000001e-08,0.0,,1.1625,75.0,25.0,0.33461854773714267,25.096178948251346,0.0,0.0,0.0,0.0,0.0,0.0,0.5,0.0029097265020621103,0
charge,charge::1.175|75.0|25.0,1.175|75.0|25.0,1,9.400000000000001e-08,9.400000000000001e-08,0.0,,1.175,75.0,25.0,0.5329344963727068,39.96987509591866,0.0,0.0,0.0,0.0,0.0,0.0,0.5,0.004634213011936581,0
charge,charge::1.188|75.0|25.0,1.188|75.0|25.0,1,9.5e-08,9.5e-08,0.0,,1.1875,75.0,25.0,0.7875542718804467,59.066358258999145,0.0,0.0,0.0,0.0,0.0,0.0,0.5,0.00684829801635171,0
charge,charge::1.2|75.0|25.0,1.2|75.0|25.0,1,9.600000000000001e-08,9.600000000000001e-08,0.0,,1.2,75.0,25.0,1.0993790201411415,82.45321437855127,0.0,0.0,0.0,0.0,0.0,0.0,0.5,0.009559817566444709,0
charge,charge::1.212|75.0|25.0,1.212|75.0|25.0,1,9.700000000000001e-08,9.700000000000001e-08,0.0,,1.2125,75.0,25.0,1.4677044755012003,110.07762353055568,0.0,0.0,0.0,0.0,0.0,0.0,0.5,0.012762647613053915,0
charge,charge::1.225|75.0|25.0,1.225|75.0|25.0,1,9.8e-08,9.8e-08,0.0,,1.225,75.0,25.0,1.8908333004773046,141.81228540376347,0.0,0.0,0.0,0.0,0.0,0.0,0.5,0.016442028699802647,0
charge,charge::1.238|75.0|25.0,1.238|75.0|25.0,1,9.9e-08,9.9e-08,0.0,,1.2375,75.0,25.0,2.3666056819895758,177.4952140171838,0.0,0.0,0.0,0.0,0.0,0.0,0.5,0.020579179843387616,0
charge,charge::1.25|75.0|25.0,1.25|75.0|25.0,1,1.0000000000000001e-07,1.0000000000000001e-07,0.0,,1.25,75.0,25.0,2.892790139528857,216.95904833262992,0.0,0.0,0.0,0.0,0.0,0.0,0.5,0.025154696865468323,0
charge,charge::1.262|75.0|25.0,1.262|75.0|25.0,1,1.01e-07,1.01e-07,0.0,,1.2625,75.0,25.0,3.4673308499694673,260.04960161567567,0.0,0.0,0.0,0.0,0.0,0.0,0.5,0.030150703043212757,0
charge,charge::1.275|75.0|25.0,1.275|75.0|25.0,1,1.02e-07,1.02e-07,0.0,,1.275,75.0,25.0,4.0884765156530625,306.63552654194535,0.0,0.0,0.0,0.0,0.0,0.0,0.5,0.035551969701330975,0
charge,charge::1.288|75.0|25.0,1.288|75.0|25.0,1,1.0300000000000001e-07,1.0300000000000001e-07,0.0,,1.2875,75.0,25.0,4.754824672814645,356.611638329064,0.0,0.0,0.0,0.0,0.0,0.0,0.5,0.04134630150273604,0
charge,charge::1.3|75.0|25.0,1.3|75.0|25.0,1,1.04e-07,1.04e-07,0.0,,1.3,75.0,25.0,5.465312856578288,409.8982521113373,0.0,0.0,0.0,0.0,0.0,0.0,0.5,0.0475244596224199,0
charge,charge::1.312|75.0|25.0,1.312|75.0|25.0,1,1.05e-07,1.05e-07,0.0,,1.3125,75.0,25.0,6.219180977155502,466.4383611546283,0.0,0.0,0.0,0.0,0.0,0.0,0.5,0.05407983458396089,0
charge,charge::1.325|75.0|25.0,1.325|75.0|25.0,1,1.0600000000000001e-07,1.0600000000000001e-07,0.0,,1.325,75.0,25.0,7.015921636058875,526.1939105723814,0.0,0.0,0.0,0.0,0.0,0.0,0.5,0.06100801422659892,0
charge,charge::1.338|75.0|25.0,1.338|75.0|25.0,1,1.07e-07,1.07e-07,0.0,,1.3375,75.0,25.0,7.855228729650942,589.1419425917863,0.0,0.0,0.0,0.0,0.0,0.0,0.5,0.0683063367795734,0
charge,charge::1.35|75.0|25.0,1.35|75.0|25.0,1,1.08e-07,1.08e-07,0.0,,1.35,75.0,25.0,8.736950029834887,655.2710401055821,0.0,0.0,0.0,0.0,0.0,0.0,0.5,0.07597347852030337,0
charge,charge::1.362|75.0|25.0,1.362|75.0|25.0,1,1.0900000000000001e-07,1.0900000000000001e-07,0.0,,1.3625,75.0,25.0,9.66104634614473,724.5782638288204,0.0,0.0,0.0,0.0,0.0,0.0,0.5,0.08400909866212808,0
charge,charge::1.375|75.0|25.0,1.375|75.0|25.0,1,1.1e-07,1.1e-07,0.0,,1.375,75.0,25.0,10.62755799622739,797.0666375850199,0.0,0.0,0.0,0.0,0.0,0.0,0.5,0.09241354779328165,0
charge,charge::1.388|75.0|25.0,1.388|75.0|25.0,1,1.11e-07,1.11e-07,0.0,,1.3875,75.0,25.0,11.63657827267784,872.7431583188036,0.0,0.0,0.0,0.0,0.0,0.0,0.5,0.10118763715372034,0
charge,charge::1.4|75.0|25.0,1.4|75.0|25.0,1,1.1200000000000001e-07,1.1200000000000001e-07,0.0,,1.4,75.0,25.0,12.688233093925879,951.6172699124065,0.0,0.0,0.0,0.0,0.0,0.0,0.5,0.11033246168631199,0
charge,charge::1.412|75.0|25.0,1.412|75.0|25.0,1,1.13e-07,1.13e-07,0.0,,1.4125,75.0,25.0,13.78266584984022,1033.699726605982,0.0,0.0,0.0,0.0,0.0,0.0,0.5,0.11984926825948017,0
charge,charge::1.425|75.0|25.0,1.425|75.0|25.0,1,1.14e-07,1.14e-07,0.0,,1.425,75.0,25.0,14.92002645526947,1119.001772013176,0.0,0.0,0.0,0.0,0.0,0.0,0.5,0.12973936048060408,0
charge,charge::1.438|75.0|25.0,1.438|75.0|25.0,1,1.1500000000000001e-07,1.1500000000000001e-07,0.0,,1.4375,75.0,25.0,16.100463716734783,1207.5345666230744,0.0,0.0,0.0,0.0,0.0,0.0,0.5,0.1400040323194329,0
charge,charge::1.45|75.0|25.0,1.45|75.0|25.0,1,1.16e-07,1.16e-07,0.0,,1.45,75.0,25.0,17.324120245421266,1299.3088062745605,0.0,0.0,0.0,0.0,0.0,0.0,0.5,0.1506445238732284,0
charge,charge::1.462|75.0|25.0,1.462|75.0|25.0,1,1.17e-07,1.17e-07,0.0,,1.4625,75.0,25.0,18.591129283666575,1394.3344841429587,0.0,0.0,0.0,0.0,0.0,0.0,0.5,0.1616619937710137,0
charge,charge::1.475|75.0|25.0,1.475|75.0|25.0,1,1.1800000000000001e-07,1.1800000000000001e-07,0.0,,1.475,75.0,25.0,19.901612937080323,1492.6207581489898,0.0,0.0,0.0,0.0,0.0,0.0,0.5,0.17305750380069845,0
charge,charge::1.488|75.0|25.0,1.488|75.0|25.0,1,1.1900000000000001e-07,1.1900000000000001e-07,0.0,,1.4875,75.0,25.0,21.255681413610333,1594.1758938887406,0.0,0.0,0.0,0.0,0.0,0.0,0.5,0.18483201229226376,0
charge,charge::1.5|75.0|25.0,1.5|75.0|25.0,1,1.2000000000000002e-07,1.2000000000000002e-07,0.0,,1.5,75.0,25.0,22.65343296246675,1699.0072600529718,0.0,0.0,0.0,0.0,0.0,0.0,0.5,0.19698637358666737,0
charge,charge::1.512|75.0|25.0,1.512|75.0|25.0,1,1.21e-07,1.21e-07,0.0,,1.5125,75.0,25.0,24.094954280491567,1807.1213589048332,0.0,0.0,0.0,0.0,0.0,0.0,0.5,0.2095213415694919,0
charge,charge::1.525|75.0|25.0,1.525|75.0|25.0,1,1.22e-07,1.22e-07,0.0,,1.525,75.0,25.0,25.580321213147922,1918.5238788540598,0.0,0.0,0.0,0.0,0.0,0.0,0.5,0.22243757576650366,0
charge,charge::1.538|75.0|25.0,1.538|75.0|25.0,1,1.23e-07,1.23e-07,0.0,,1.5375,75.0,25.0,27.109599624025595,2033.2197596698852,0.0,0.0,0.0,0.0,0.0,0.0,0.5,0.23573564890457038,0
charge,charge::1.55|75.0|25.0,1.55|75.0|25.0,1,1.24e-07,1.24e-07,0.0,,1.55,75.0,25.0,28.682846342842755,2151.213263581172,0.0,0.0,0.0,0.0,0.0,0.0,0.5,0.2494160551551544,0
charge,charge::1.562|75.0|25.0,1.562|75.0|25.0,1,1.2500000000000002e-07,1.2500000000000002e-07,0.0,,1.5625,75.0,25.0,30.300110129401915,2272.5080475731093,0.0,0.0,0.0,0.0,0.0,0.0,0.5,0.2634792185165384,0
charge,charge::1.575|75.0|25.0,1.575|75.0|25.0,1,1.2600000000000002e-07,1.2600000000000002e-07,0.0,,1.575,75.0,25.0,31.961432611588602,2397.107233737111,0.0,0.0,0.0,0.0,0.0,0.0,0.5,0.2779255009703357,0
charge,charge::1.588|75.0|25.0,1.588|75.0|25.0,1,1.27e-07,1.27e-07,0.0,,1.5875,75.0,25.0,33.66684917076461,2525.0134756753114,0.0,0.0,0.0,0.0,0.0,0.0,0.5,0.2927552101805618,0
charge,charge::1.6|75.0|25.0,1.6|75.0|25.0,1,1.28e-07,1.28e-07,0.0,,1.6,75.0,25.0,35.41638975900988,2656.229019793707,0.0,0.0,0.0,0.0,0.0,0.0,0.5,0.3079686066000859,0
charge,charge::1.612|75.0|25.0,1.612|75.0|25.0,1,1.29e-07,1.29e-07,0.0,,1.6125,75.0,25.0,37.21007964058478,2790.7557609118244,0.0,0.0,0.0,0.0,0.0,0.0,0.5,0.3235659099181285,0
charge,charge::1.625|75.0|25.0,1.625|75.0|25.0,1,1.3e-07,1.3e-07,0.0,,1.625,75.0,25.0,39.04794005549138,2928.5952920298196,0.0,0.0,0.0,0.0,0.0,0.0,0.5,0.33954730483035983,0
charge,charge::1.638|75.0|25.0,1.638|75.0|25.0,1,1.31e-07,1.31e-07,0.0,,1.6375,75.0,25.0,40.929988806714654,3069.748948371565,0.0,0.0,0.0,0.0,0.0,0.0,0.5,0.3559129461453448,0
charge,charge::1.65|75.0|25.0,1.65|75.0|25.0,1,1.3200000000000002e-07,1.3200000000000002e-07,0.0,,1.65,75.0,25.0,42.85624077509816,3214.217846000328,0.0,0.0,0.0,0.0,0.0,0.0,0.5,0.3726629632617231,0
charge,charge::1.662|75.0|25.0,1.662|75.0|25.0,1,1.33e-07,1.33e-07,0.0,,1.6625,75.0,25.0,44.826708367213165,3362.002915408953,0.0,0.0,0.0,0.0,0.0,0.0,0.5,0.3897974640627232,0
charge,charge::1.675|75.0|25.0,1.675|75.0|25.0,1,1.34e-07,1.34e-07,0.0,,1.675,75.0,25.0,46.841401902296546,3513.1049305402066,0.0,0.0,0.0,0.0,0.0,0.0,0.5,0.4073165382808395,0
charge,charge::1.688|75.0|25.0,1.688|75.0|25.0,1,1.35e-07,1.35e-07,0.0,,1.6875,75.0,25.0,48.900329944568725,3667.5245337106203,0.0,0.0,0.0,0.0,0.0,0.0,0.5,0.4252202603875541,0
charge,charge::1.7|75.0|25.0,1.7|75.0|25.0,1,1.36e-07,1.36e-07,0.0,,1.7,75.0,25.0,51.00349958715316,3825.2622569044524,0.0,0.0,0.0,0.0,0.0,0.0,0.5,0.4435086920622014,0
charge,charge::1.712|75.0|25.0,1.712|75.0|25.0,1,1.37e-07,1.37e-07,0.0,,1.7125,75.0,25.0,53.15091669352259,3986.31853988216,0.0,0.0,0.0,0.0,0.0,0.0,0.5,0.46218188429150076,0
charge,charge::1.725|75.0|25.0,1.725|75.0|25.0,1,1.3800000000000002e-07,1.3800000000000002e-07,0.0,,1.725,75.0,25.0,55.34258610197371,4150.693745515994,0.0,0.0,0.0,0.0,0.0,0.0,0.5,0.48123987914759747,0
charge,charge::1.738|75.0|25.0,1.738|75.0|25.0,1,1.3900000000000001e-07,1.3900000000000001e-07,0.0,,1.7375,75.0,25.0,57.57851179814335,4318.388172728717,0.0,0.0,0.0,0.0,0.0,0.0,0.5,0.5006827112882031,0
charge,charge::1.75|75.0|25.0,1.75|75.0|25.0,1,1.4e-07,1.4e-07,0.0,,1.75,75.0,25.0,59.85869706006748,4489.4020673730265,0.0,0.0,0.0,0.0,0.0,0.0,0.5,0.5205104092179781,0
charge,charge::1.762|75.0|25.0,1.762|75.0|25.0,1,1.41e-07,1.41e-07,0.0,,1.7625,75.0,25.0,62.183144579774684,4663.735631351067,0.0,0.0,0.0,0.0,0.0,0.0,0.5,0.5407229963458668,0
charge,charge::1.775|75.0|25.0,1.775|75.0|25.0,1,1.42e-07,1.42e-07,0.0,,1.775,75.0,25.0,64.55185656492141,4841.389030237071,0.0,0.0,0.0,0.0,0.0,0.0,0.5,0.5613204918688818,0
charge,charge::1.788|75.0|25.0,1.788|75.0|25.0,1,1.43e-07,1.43e-07,0.0,,1.7875,75.0,25.0,66.96483482352276,5022.362399632173,0.0,0.0,0.0,0.0,0.0,0.0,0.5,0.5823029115088936,0
charge,charge::1.8|75.0|25.0,1.8|75.0|25.0,1,1.4400000000000002e-07,1.4400000000000002e-07,0.0,,1.8,75.0,25.0,69.4220808344201,5206.655850449473,0.0,0.0,0.0,0.0,0.0,0.0,0.5,0.6036702681253922,0
charge,charge::1.812|75.0|25.0,1.812|75.0|25.0,1,1.4500000000000001e-07,1.4500000000000001e-07,0.0,,1.8125,75.0,25.0,71.92359580575537,5394.269473299619,0.0,0.0,0.0,0.0,0.0,0.0,0.5,0.6254225722239597,0
charge,charge::1.825|75.0|25.0,1.825|75.0|25.0,1,1.46e-07,1.46e-07,0.0,,1.825,75.0,25.0,74.46938072339238,5585.203342122394,0.0,0.0,0.0,0.0,0.0,0.0,0.5,0.6475598323773251,0
charge,charge::1.838|75.0|25.0,1.838|75.0|25.0,1,1.47e-07,1.47e-07,0.0,,1.8375,75.0,25.0,77.05943639093556,5779.457517188132,0.0,0.0,0.0,0.0,0.0,0.0,0.5,0.6700820555733527,0
charge,charge::1.85|75.0|25.0,1.85|75.0|25.0,1,1.48e-07,1.48e-07,0.0,,1.85,75.0,25.0,79.69376346274409,5977.032047573773,0.0,0.0,0.0,0.0,0.0,0.0,0.5,0.6929892475021225,0
charge,charge::1.862|75.0|25.0,1.862|75.0|25.0,1,1.49e-07,1.49e-07,0.0,,1.8625,75.0,25.0,82.37236247112126,6177.92697320206,0.0,0.0,0.0,0.0,0.0,0.0,0.5,0.7162814127923588,0
charge,charge::1.875|75.0|25.0,1.875|75.0|25.0,1,1.5000000000000002e-07,1.5000000000000002e-07,0.0,,1.875,75.0,25.0,85.09523384867126,6382.14232651831,0.0,0.0,0.0,0.0,0.0,0.0,0.5,0.739958555205837,0
charge,charge::1.888|75.0|25.0,1.888|75.0|25.0,1,1.5100000000000002e-07,1.5100000000000002e-07,0.0,,1.8875,75.0,25.0,87.86237794665345,6589.678133866974,0.0,0.0,0.0,0.0,0.0,0.0,0.5,0.7640206777969866,0
charge,charge::1.9|75.0|25.0,1.9|75.0|25.0,1,1.52e-07,1.52e-07,0.0,,1.9,75.0,25.0,90.67379505003098,6800.5344166202885,0.0,0.0,0.0,0.0,0.0,0.0,0.5,0.7884677830437476,0
charge,charge::1.912|75.0|25.0,1.912|75.0|25.0,1,1.53e-07,1.53e-07,0.0,,1.9125,75.0,25.0,93.52948538979074,7014.711192102271,0.0,0.0,0.0,0.0,0.0,0.0,0.5,0.8132998729547021,0
charge,charge::1.925|75.0|25.0,1.925|75.0|25.0,1,1.54e-07,1.54e-07,0.0,,1.925,75.0,25.0,96.42944915301797,7232.208474344314,0.0,0.0,0.0,0.0,0.0,0.0,0.5,0.838516949156678,0
charge,charge::1.938|75.0|25.0,1.938|75.0|25.0,1,1.55e-07,1.55e-07,0.0,,1.9375,75.0,25.0,99.37368649112426,7453.026274702285,0.0,0.0,0.0,0.0,0.0,0.0,0.5,0.8641190129662979,0
charge,charge::1.95|75.0|25.0,1.95|75.0|25.0,1,1.5600000000000002e-07,1.5600000000000002e-07,0.0,,1.95,75.0,25.0,102.36219752655951,7677.16460235993,0.0,0.0,0.0,0.0,0.0,0.0,0.5,0.8901060654483436,0
charge,charge::1.962|75.0|25.0,1.962|75.0|25.0,1,1.5700000000000002e-07,1.5700000000000002e-07,0.0,,1.9625,75.0,25.0,105.39498235828142,7904.623464739073,0.0,0.0,0.0,0.0,0.0,0.0,0.5,0.9164781074633167,0
charge,charge::1.975|75.0|25.0,1.975|75.0|25.0,1,1.58e-07,1.58e-07,0.0,,1.975,75.0,25.0,108.47204106620818,8135.402867833579,0.0,0.0,0.0,0.0,0.0,0.0,0.5,0.943235139706158,0
charge,charge::1.988|75.0|25.0,1.988|75.0|25.0,1,1.59e-07,1.59e-07,0.0,,1.9875,75.0,25.0,111.59337371483913,8369.502816480901,0.0,0.0,0.0,0.0,0.0,0.0,0.5,0.9703771627377316,0
charge,charge::2.0|75.0|25.0,2.0|75.0|25.0,1,1.6e-07,1.6e-07,0.0,,2.0,75.0,25.0,114.75898035619657,8606.92331458271,0.0,0.0,0.0,0.0,0.0,0.0,0.5,0.997904177010405,0
charge,charge::2.013|75.0|25.0,2.013|75.0|25.0,1,1.61e-07,1.61e-07,0.0,,2.0125,75.0,25.0,117.96886103221398,8847.664365284014,0.0,0.0,0.0,0.0,0.0,0.0,0.5,1.0258161828888173,1
charge,charge::2.025|75.0|25.0,2.025|75.0|25.0,1,1.6200000000000002e-07,1.6200000000000002e-07,0.0,,2.025,75.0,25.0,121.22301577667233,9091.72597111839,0.0,0.0,0.0,0.0,0.0,0.0,0.5,1.0541131806667159,1
charge,charge::2.038|75.0|25.0,2.038|75.0|25.0,1,1.6300000000000002e-07,1.6300000000000002e-07,0.0,,2.0375,75.0,25.0,124.52144461676995,9339.108134125712,0.0,0.0,0.0,0.0,0.0,0.0,0.5,1.0827951705806083,1
charge,charge::2.05|75.0|25.0,2.05|75.0|25.0,1,1.64e-07,1.64e-07,0.0,,2.05,75.0,25.0,127.86414757439262,9589.810855947411,0.0,0.0,0.0,0.0,0.0,0.0,0.5,1.1118621528208055,1
charge,charge::2.062|75.0|25.0,2.062|75.0|25.0,1,1.65e-07,1.65e-07,0.0,,2.0625,75.0,25.0,131.25112466714265,9843.834137903665,0.0,0.0,0.0,0.0,0.0,0.0,0.5,1.1413141275403709,1
charge,charge::2.075|75.0|25.0,2.075|75.0|25.0,1,1.66e-07,1.66e-07,0.0,,2.075,75.0,25.0,134.68237590916917,10101.177981055655,0.0,0.0,0.0,0.0,0.0,0.0,0.5,1.1711510948623405,1
charge,charge::2.088|75.0|25.0,2.088|75.0|25.0,1,1.67e-07,1.67e-07,0.0,,2.0875,75.0,25.0,138.15790131184028,10361.842386255988,0.0,0.0,0.0,0.0,0.0,0.0,0.5,1.2013730548855677,1
charge,charge::2.1|75.0|25.0,2.1|75.0|25.0,1,1.6800000000000002e-07,1.6800000000000002e-07,0.0,,2.1,75.0,25.0,141.67770088428543,10625.827354189374,0.0,0.0,0.0,0.0,0.0,0.0,0.5,1.2319800076894385,1
charge,charge::2.112|75.0|25.0,2.112|75.0|25.0,1,1.6900000000000002e-07,1.6900000000000002e-07,0.0,,2.1125,75.0,25.0,145.24177463383234,10893.132885405392,0.0,0.0,0.0,0.0,0.0,0.0,0.5,1.2629719533376724,1
charge,charge::2.125|75.0|25.0,2.125|75.0|25.0,1,1.7000000000000001e-07,1.7000000000000001e-07,0.0,,2.125,75.0,25.0,148.85012256636048,11163.758980345003,0.0,0.0,0.0,0.0,0.0,0.0,0.5,1.2943488918813955,1
charge,charge::2.138|75.0|25.0,2.138|75.0|25.0,1,1.71e-07,1.71e-07,0.0,,2.1375,75.0,25.0,152.5027446865847,11437.705639361819,0.0,0.0,0.0,0.0,0.0,0.0,0.5,1.326110823361606,1
charge,charge::2.15|75.0|25.0,2.15|75.0|25.0,1,1.72e-07,1.72e-07,0.0,,2.15,75.0,25.0,156.19964099828454,11714.972862739307,0.0,0.0,0.0,0.0,0.0,0.0,0.5,1.35825774781117,1
charge,charge::2.162|75.0|25.0,2.162|75.0|25.0,1,1.73e-07,1.73e-07,0.0,,2.1625,75.0,25.0,159.94081150448872,11995.560650704621,0.0,0.0,0.0,0.0,0.0,0.0,0.5,1.3907896652564236,1
charge,charge::2.175|75.0|25.0,2.175|75.0|25.0,1,1.7400000000000002e-07,1.7400000000000002e-07,0.0,,2.175,75.0,25.0,163.72625620762275,12279.469003439674,0.0,0.0,0.0,0.0,0.0,0.0,0.5,1.4237065757184588,1
charge,charge::2.188|75.0|25.0,2.188|75.0|25.0,1,1.7500000000000002e-07,1.7500000000000002e-07,0.0,,2.1875,75.0,25.0,167.55597510962917,12566.697921090155,0.0,0.0,0.0,0.0,0.0,0.0,0.5,1.4570084792141667,1
charge,charge::2.2|75.0|25.0,2.2|75.0|25.0,1,1.7600000000000001e-07,1.7600000000000001e-07,0.0,,2.2,75.0,25.0,171.42996821206216,12857.24740377263,0.0,0.0,0.0,0.0,0.0,0.0,0.5,1.4906953757570622,1
charge,charge::2.212|75.0|25.0,2.212|75.0|25.0,1,1.77e-07,1.77e-07,0.0,,2.2125,75.0,25.0,175.34823551616532,13151.117451580365,0.0,0.0,0.0,0.0,0.0,0.0,0.5,1.5247672653579594,1
charge,charge::2.225|75.0|25.0,2.225|75.0|25.0,1,1.78e-07,1.78e-07,0.0,,2.225,75.0,25.0,179.31077702293348,13448.308064587978,0.0,0.0,0.0,0.0,0.0,0.0,0.5,1.5592241480255085,1
charge,charge::2.238|75.0|25.0,2.238|75.0|25.0,1,1.79e-07,1.79e-07,0.0,,2.2375,75.0,25.0,183.31759273316143,13748.819242855074,0.0,0.0,0.0,0.0,0.0,0.0,0.5,1.594066023766621,1
charge,charge::2.25|75.0|25.0,2.25|75.0|25.0,1,1.8000000000000002e-07,1.8000000000000002e-07,0.0,,2.25,75.0,25.0,187.368682647485,14052.650986429342,0.0,0.0,0.0,0.0,0.0,0.0,0.5,1.6292928925868262,1
charge,charge::2.262|75.0|25.0,2.262|75.0|25.0,1,1.8100000000000002e-07,1.8100000000000002e-07,0.0,,2.2625,75.0,25.0,191.4640467664118,14359.803295348851,0.0,0.0,0.0,0.0,0.0,0.0,0.5,1.6649047544905373,1
charge,charge::2.275|75.0|25.0,2.275|75.0|25.0,1,1.8200000000000002e-07,1.8200000000000002e-07,0.0,,2.275,75.0,25.0,195.60368509034717,14670.276169644005,0.0,0.0,0.0,0.0,0.0,0.0,0.5,1.7009016094812797,1
charge,charge::2.288|75.0|25.0,2.288|75.0|25.0,1,1.83e-07,1.83e-07,0.0,,2.2875,75.0,25.0,199.7875976196153,14984.069609339114,0.0,0.0,0.0,0.0,0.0,0.0,0.5,1.737283457561872,1
charge,charge::2.3|75.0|25.0,2.3|75.0|25.0,1,1.84e-07,1.84e-07,0.0,,2.3,75.0,25.0,204.01578435447408,15301.183614453523,0.0,0.0,0.0,0.0,0.0,0.0,0.5,1.7740502987345572,1
charge,charge::2.312|75.0|25.0,2.312|75.0|25.0,1,1.85e-07,1.85e-07,0.0,,2.3125,75.0,25.0,208.28824529513022,15621.618185002733,0.0,0.0,0.0,0.0,0.0,0.0,0.5,1.8112021330011323,1
charge,charge::2.325|75.0|25.0,2.325|75.0|25.0,1,1.8600000000000002e-07,1.8600000000000002e-07,0.0,,2.325,75.0,25.0,212.60498044174793,15945.37332099906,0.0,0.0,0.0,0.0,0.0,0.0,0.5,1.8487389603630255,1
charge,charge::2.338|75.0|25.0,2.338|75.0|25.0,1,1.8700000000000002e-07,1.8700000000000002e-07,0.0,,2.3375,75.0,25.0,216.9659897944584,16272.449022452347,0.0,0.0,0.0,0.0,0.0,0.0,0.5,1.8866607808213776,1
charge,charge::2.35|75.0|25.0,2.35|75.0|25.0,1,1.8800000000000002e-07,1.8800000000000002e-07,0.0,,2.35,75.0,25.0,221.37127335336643,16602.84528937045,0.0,0.0,0.0,0.0,0.0,0.0,0.5,1.9249675943770994,1
charge,charge::2.362|75.0|25.0,2.362|75.0|25.0,1,1.89e-07,1.89e-07,0.0,,2.3625,75.0,25.0,225.820831118555,16936.56212175959,0.0,0.0,0.0,0.0,0.0,0.0,0.5,1.963659401030913,1
charge,charge::2.375|75.0|25.0,2.375|75.0|25.0,1,1.9e-07,1.9e-07,0.0,,2.375,75.0,25.0,230.31466309009105,17273.599519624793,0.0,0.0,0.0,0.0,0.0,0.0,0.5,2.0027362007834,1
charge,charge::2.388|75.0|25.0,2.388|75.0|25.0,1,1.91e-07,1.91e-07,0.0,,2.3875,75.0,25.0,234.85276926802712,17613.95748297,0.0,0.0,0.0,0.0,0.0,0.0,0.5,2.0421979936350185,1
charge,charge::2.4|75.0|25.0,2.4|75.0|25.0,1,1.9200000000000003e-07,1.9200000000000003e-07,0.0,,2.4,75.0,25.0,239.43514965240533,17957.636011798364,0.0,0.0,0.0,0.0,0.0,0.0,0.5,2.082044779586133,1
charge,charge::2.412|75.0|25.0,2.412|75.0|25.0,1,1.9300000000000002e-07,1.9300000000000002e-07,0.0,,2.4125,75.0,25.0,244.06180424325945,18304.635106112422,0.0,0.0,0.0,0.0,0.0,0.0,0.5,2.1222765586370387,1
charge,charge::2.425|75.0|25.0,2.425|75.0|25.0,1,1.9400000000000002e-07,1.9400000000000002e-07,0.0,,2.425,75.0,25.0,248.73273304061595,18654.95476591416,0.0,0.0,0.0,0.0,0.0,0.0,0.5,2.162893330787965,1
charge,charge::2.438|75.0|25.0,2.438|75.0|25.0,1,1.95e-07,1.95e-07,0.0,,2.4375,75.0,25.0,253.44793604449652,19008.594991205202,0.0,0.0,0.0,0.0,0.0,0.0,0.5,2.2038950960391,1
charge,charge::2.45|75.0|25.0,2.45|75.0|25.0,1,1.96e-07,1.96e-07,0.0,,2.45,75.0,25.0,258.2074132549176,19365.555781986783,0.0,0.0,0.0,0.0,0.0,0.0,0.5,2.2452818543905875,1
charge,charge::2.462|75.0|25.0,2.462|75.0|25.0,1,1.97e-07,1.97e-07,0.0,,2.4625,75.0,25.0,263.01116467189286,19725.83713825993,0.0,0.0,0.0,0.0,0.0,0.0,0.5,2.2870536058425466,1
charge,charge::2.475|75.0|25.0,2.475|75.0|25.0,1,1.98e-07,1.98e-07,0.0,,2.475,75.0,25.0,267.85919029543305,20089.43906002544,0.0,0.0,0.0,0.0,0.0,0.0,0.5,2.32921035039507,1
charge,charge::2.488|75.0|25.0,2.488|75.0|25.0,1,1.9900000000000002e-07,1.9900000000000002e-07,0.0,,2.4875,75.0,25.0,272.7514901255463,20456.361547283934,0.0,0.0,0.0,0.0,0.0,0.0,0.5,2.3717520880482286,1
charge,charge::2.5|75.0|25.0,2.5|75.0|25.0,1,2.0000000000000002e-07,2.0000000000000002e-07,0.0,,2.5,75.0,25.0,277.6880641622399,20826.604600035957,0.0,0.0,0.0,0.0,0.0,0.0,0.5,2.4146788188020865,1
charge,charge::2.512|75.0|25.0,2.512|75.0|25.0,1,2.01e-07,2.01e-07,0.0,,2.5125,75.0,25.0,282.66891240551917,21200.1682182819,0.0,0.0,0.0,0.0,0.0,0.0,0.5,2.4579905426566886,1
charge,charge::2.525|75.0|25.0,2.525|75.0|25.0,1,2.02e-07,2.02e-07,0.0,,2.525,75.0,25.0,287.69403485538777,21577.052402022047,0.0,0.0,0.0,0.0,0.0,0.0,0.5,2.5016872596120674,1
charge,charge::2.538|75.0|25.0,2.538|75.0|25.0,1,2.03e-07,2.03e-07,0.0,,2.5375,75.0,25.0,292.76343151184983,21957.2571512567,0.0,0.0,0.0,0.0,0.0,0.0,0.5,2.5457689696682593,1
charge,charge::2.55|75.0|25.0,2.55|75.0|25.0,1,2.04e-07,2.04e-07,0.0,,2.55,75.0,25.0,297.8771023749076,22340.782465986034,0.0,0.0,0.0,0.0,0.0,0.0,0.5,2.5902356728252838,1
charge,charge::2.562|75.0|25.0,2.562|75.0|25.0,1,2.0500000000000002e-07,2.0500000000000002e-07,0.0,,2.5625,75.0,25.0,303.0350474445635,22727.628346210222,0.0,0.0,0.0,0.0,0.0,0.0,0.5,2.6350873690831604,1
charge,charge::2.575|75.0|25.0,2.575|75.0|25.0,1,2.0600000000000002e-07,2.0600000000000002e-07,0.0,,2.575,75.0,25.0,308.2372667208191,23117.794791929395,0.0,0.0,0.0,0.0,0.0,0.0,0.5,2.6803240584419052,1
charge,charge::2.588|75.0|25.0,2.588|75.0|25.0,1,2.0700000000000001e-07,2.0700000000000001e-07,0.0,,2.5875,75.0,25.0,313.48376020367556,23511.28180314363,0.0,0.0,0.0,0.0,0.0,0.0,0.5,2.7259457409015266,1
charge,charge::2.6|75.0|25.0,2.6|75.0|25.0,1,2.08e-07,2.08e-07,0.0,,2.6,75.0,25.0,318.77452789313435,23908.089379853038,0.0,0.0,0.0,0.0,0.0,0.0,0.5,2.771952416462038,1
charge,charge::2.612|75.0|25.0,2.612|75.0|25.0,1,2.09e-07,2.09e-07,0.0,,2.6125,75.0,25.0,324.10956978919586,24308.217522057654,0.0,0.0,0.0,0.0,0.0,0.0,0.5,2.8183440851234423,1
charge,charge::2.625|75.0|25.0,2.625|75.0|25.0,1,2.1e-07,2.1e-07,0.0,,2.625,75.0,25.0,329.48888589186123,24711.666229757557,0.0,0.0,0.0,0.0,0.0,0.0,0.5,2.86512074688575,1
charge,charge::2.638|75.0|25.0,2.638|75.0|25.0,1,2.1100000000000002e-07,2.1100000000000002e-07,0.0,,2.6375,75.0,25.0,334.9124762011307,25118.435502952765,0.0,0.0,0.0,0.0,0.0,0.0,0.5,2.9122824017489624,1
charge,charge::2.65|75.0|25.0,2.65|75.0|25.0,1,2.1200000000000002e-07,2.1200000000000002e-07,0.0,,2.65,75.0,25.0,340.3803407170047,25528.525341643315,0.0,0.0,0.0,0.0,0.0,0.0,0.5,2.9598290497130844,1
charge,charge::2.662|75.0|25.0,2.662|75.0|25.0,1,2.1300000000000001e-07,2.1300000000000001e-07,0.0,,2.6625,75.0,25.0,345.8924794394837,25941.93574582924,0.0,0.0,0.0,0.0,0.0,0.0,0.5,3.007760690778119,1
charge,charge::2.675|75.0|25.0,2.675|75.0|25.0,1,2.14e-07,2.14e-07,0.0,,2.675,75.0,25.0,351.4488923685678,26358.666715510546,0.0,0.0,0.0,0.0,0.0,0.0,0.5,3.056077324944068,1
charge,charge::2.688|75.0|25.0,2.688|75.0|25.0,1,2.15e-07,2.15e-07,0.0,,2.6875,75.0,25.0,357.04957950425745,26778.71825068727,0.0,0.0,0.0,0.0,0.0,0.0,0.5,3.104778952210934,1
charge,charge::2.7|75.0|25.0,2.7|75.0|25.0,1,2.16e-07,2.16e-07,0.0,,2.7,75.0,25.0,362.69454084655274,27202.09035135942,0.0,0.0,0.0,0.0,0.0,0.0,0.5,3.1538655725787197,1
charge,charge::2.712|75.0|25.0,2.712|75.0|25.0,1,2.1700000000000002e-07,2.1700000000000002e-07,0.0,,2.7125,75.0,25.0,368.3837763954534,27628.78301752697,0.0,0.0,0.0,0.0,0.0,0.0,0.5,3.203337186047421,1
charge,charge::2.725|75.0|25.0,2.725|75.0|25.0,1,2.1800000000000002e-07,2.1800000000000002e-07,0.0,,2.725,75.0,25.0,374.11728615096024,28058.79624918998,0.0,0.0,0.0,0.0,0.0,0.0,0.5,3.2531937926170458,1
charge,charge::2.738|75.0|25.0,2.738|75.0|25.0,1,2.1900000000000002e-07,2.1900000000000002e-07,0.0,,2.7375,75.0,25.0,379.8950701130728,28492.130046348422,0.0,0.0,0.0,0.0,0.0,0.0,0.5,3.3034353922875894,1
charge,charge::2.75|75.0|25.0,2.75|75.0|25.0,1,2.2e-07,2.2e-07,0.0,,2.75,75.0,25.0,385.7171282817913,28928.78440900231,0.0,0.0,0.0,0.0,0.0,0.0,0.5,3.354061985059055,1
charge,charge::2.762|75.0|25.0,2.762|75.0|25.0,1,2.21e-07,2.21e-07,0.0,,2.7625,75.0,25.0,391.58346065711606,29368.759337151667,0.0,0.0,0.0,0.0,0.0,0.0,0.5,3.405073570931444,1
charge,charge::2.775|75.0|25.0,2.775|75.0|25.0,1,2.22e-07,2.22e-07,0.0,,2.775,75.0,25.0,397.47375773030757,29810.53161764103,0.0,0.0,0.0,0.0,0.0,0.0,0.5,3.4562935454809356,1
charge,charge::2.788|75.0|25.0,2.788|75.0|25.0,1,2.2300000000000002e-07,2.2300000000000002e-07,0.0,,2.7875,75.0,25.0,403.3640941664917,30252.306850354842,0.0,0.0,0.0,0.0,0.0,0.0,0.5,3.507513862317319,1
charge,charge::2.8|75.0|25.0,2.8|75.0|25.0,1,2.2400000000000002e-07,2.2400000000000002e-07,0.0,,2.8,75.0,25.0,409.25443060267537,30694.082083068617,0.0,0.0,0.0,0.0,0.0,0.0,0.5,3.558734179153699,1
charge,charge::2.812|75.0|25.0,2.812|75.0|25.0,1,2.2500000000000002e-07,2.2500000000000002e-07,0.0,,2.8125,75.0,25.0,415.1447670388594,31135.857315782418,0.0,0.0,0.0,0.0,0.0,0.0,0.5,3.609954495990082,1
charge,charge::2.825|75.0|25.0,2.825|75.0|25.0,1,2.26e-07,2.26e-07,0.0,,2.825,75.0,25.0,421.0351034750432,31577.6325484962,0.0,0.0,0.0,0.0,0.0,0.0,0.5,3.6611748128264625,1
charge,charge::2.838|75.0|25.0,2.838|75.0|25.0,1,2.27e-07,2.27e-07,0.0,,2.8375,75.0,25.0,426.9254399112267,32019.407781209964,0.0,0.0,0.0,0.0,0.0,0.0,0.5,3.712395129662841,1
charge,charge::2.85|75.0|25.0,2.85|75.0|25.0,1,2.28e-07,2.28e-07,0.0,,2.85,75.0,25.0,432.8157763474106,32461.183013923757,0.0,0.0,0.0,0.0,0.0,0.0,0.5,3.763615446499222,1
charge,charge::2.862|75.0|25.0,2.862|75.0|25.0,1,2.2900000000000003e-07,2.2900000000000003e-07,0.0,,2.8625,75.0,25.0,438.7061127835941,32902.95824663752,0.0,0.0,0.0,0.0,0.0,0.0,0.5,3.814835763335601,1
charge,charge::2.875|75.0|25.0,2.875|75.0|25.0,1,2.3000000000000002e-07,2.3000000000000002e-07,0.0,,2.875,75.0,25.0,444.5964492197777,33344.73347935129,0.0,0.0,0.0,0.0,0.0,0.0,0.5,3.86605608017198,1
charge,charge::2.888|75.0|25.0,2.888|75.0|25.0,1,2.3100000000000002e-07,2.3100000000000002e-07,0.0,,2.8875,75.0,25.0,450.4867856559614,33786.50871206507,0.0,0.0,0.0,0.0,0.0,0.0,0.5,3.91727639700836,1
charge,charge::2.9|75.0|25.0,2.9|75.0|25.0,1,2.32e-07,2.32e-07,0.0,,2.9,75.0,25.0,456.3771220921448,34228.28394477883,0.0,0.0,0.0,0.0,0.0,0.0,0.5,3.9684967138447376,1
charge,charge::2.912|75.0|25.0,2.912|75.0|25.0,1,2.33e-07,2.33e-07,0.0,,2.9125,75.0,25.0,462.26745852832846,34670.0591774926,0.0,0.0,0.0,0.0,0.0,0.0,0.5,4.019717030681117,1
charge,charge::2.925|75.0|25.0,2.925|75.0|25.0,1,2.34e-07,2.34e-07,0.0,,2.925,75.0,25.0,468.1577949645119,35111.83441020636,0.0,0.0,0.0,0.0,0.0,0.0,0.5,4.070937347517495,1
charge,charge::2.938|75.0|25.0,2.938|75.0|25.0,1,2.3500000000000003e-07,2.3500000000000003e-07,0.0,,2.9375,75.0,25.0,474.0481314006956,35553.609642920135,0.0,0.0,0.0,0.0,0.0,0.0,0.5,4.122157664353875,1
charge,charge::2.95|75.0|25.0,2.95|75.0|25.0,1,2.3600000000000002e-07,2.3600000000000002e-07,0.0,,2.95,75.0,25.0,479.93846783687917,35995.38487563391,0.0,0.0,0.0,0.0,0.0,0.0,0.5,4.173377981190254,1
charge,charge::2.962|75.0|25.0,2.962|75.0|25.0,1,2.3700000000000002e-07,2.3700000000000002e-07,0.0,,2.9625,75.0,25.0,485.82880427306276,36437.16010834767,0.0,0.0,0.0,0.0,0.0,0.0,0.5,4.224598298026633,1
charge,charge::2.975|75.0|25.0,2.975|75.0|25.0,1,2.3800000000000001e-07,2.3800000000000001e-07,0.0,,2.975,75.0,25.0,491.71914070924623,36878.935341061435,0.0,0.0,0.0,0.0,0.0,0.0,0.5,4.27581861486301,1
charge,charge::2.988|75.0|25.0,2.988|75.0|25.0,1,2.39e-07,2.39e-07,0.0,,2.9875,75.0,25.0,497.60947714542965,37320.71057377519,0.0,0.0,0.0,0.0,0.0,0.0,0.5,4.327038931699389,1
charge,charge::3.0|75.0|25.0,3.0|75.0|25.0,1,2.4000000000000003e-07,2.4000000000000003e-07,0.0,,3.0,75.0,25.0,503.4998135816133,37762.48580648896,0.0,0.0,0.0,0.0,0.0,0.0,0.5,4.378259248535768,1
charge,charge::3.012|75.0|25.0,3.012|75.0|25.0,1,2.41e-07,2.41e-07,0.0,,3.0125,75.0,25.0,509.390150017797,38204.26103920274,0.0,0.0,0.0,0.0,0.0,0.0,0.5,4.429479565372148,1
charge,charge::3.025|75.0|25.0,3.025|75.0|25.0,1,2.42e-07,2.42e-07,0.0,,3.025,75.0,25.0,515.2804864539804,38646.0362719165,0.0,0.0,0.0,0.0,0.0,0.0,0.5,4.480699882208525,1
charge,charge::3.038|75.0|25.0,3.038|75.0|25.0,1,2.43e-07,2.43e-07,0.0,,3.0375,75.0,25.0,521.1708228901639,39087.811504630256,0.0,0.0,0.0,0.0,0.0,0.0,0.5,4.531920199044904,1
charge,charge::3.05|75.0|25.0,3.05|75.0|25.0,1,2.44e-07,2.44e-07,0.0,,3.05,75.0,25.0,527.0611593263473,39529.58673734401,0.0,0.0,0.0,0.0,0.0,0.0,0.5,4.58314051588128,1
charge,charge::3.062|75.0|25.0,3.062|75.0|25.0,1,2.4500000000000004e-07,2.4500000000000004e-07,0.0,,3.0625,75.0,25.0,532.951495762531,39971.36197005779,0.0,0.0,0.0,0.0,0.0,0.0,0.5,4.63436083271766,1
charge,charge::3.075|75.0|25.0,3.075|75.0|25.0,1,2.46e-07,2.46e-07,0.0,,3.075,75.0,25.0,538.8418321987144,40413.13720277155,0.0,0.0,0.0,0.0,0.0,0.0,0.5,4.6855811495540385,1
charge,charge::3.088|75.0|25.0,3.088|75.0|25.0,1,2.4700000000000003e-07,2.4700000000000003e-07,0.0,,3.0875,75.0,25.0,544.7321686348978,40854.9124354853,0.0,0.0,0.0,0.0,0.0,0.0,0.5,4.736801466390416,1
charge,charge::3.1|75.0|25.0,3.1|75.0|25.0,1,2.48e-07,2.48e-07,0.0,,3.1,75.0,25.0,550.6225050710815,41296.687668199076,0.0,0.0,0.0,0.0,0.0,0.0,0.5,4.788021783226796,1
charge,charge::3.112|75.0|25.0,3.112|75.0|25.0,1,2.49e-07,2.49e-07,0.0,,3.1125,75.0,25.0,556.5128415072649,41738.46290091283,0.0,0.0,0.0,0.0,0.0,0.0,0.5,4.8392421000631725,1
charge,charge::3.125|75.0|25.0,3.125|75.0|25.0,1,2.5000000000000004e-07,2.5000000000000004e-07,0.0,,3.125,75.0,25.0,562.4031779434486,42180.23813362661,0.0,0.0,0.0,0.0,0.0,0.0,0.5,4.8904624168995525,1
charge,charge::3.138|75.0|25.0,3.138|75.0|25.0,1,2.51e-07,2.51e-07,0.0,,3.1375,75.0,25.0,568.293514379632,42622.01336634037,0.0,0.0,0.0,0.0,0.0,0.0,0.5,4.941682733735931,1
charge,charge::3.15|75.0|25.0,3.15|75.0|25.0,1,2.5200000000000003e-07,2.5200000000000003e-07,0.0,,3.15,75.0,25.0,574.1838508158154,43063.78859905412,0.0,0.0,0.0,0.0,0.0,0.0,0.5,4.992903050572307,1
charge,charge::3.162|75.0|25.0,3.162|75.0|25.0,1,2.53e-07,2.53e-07,0.0,,3.1625,75.0,25.0,580.0741872519991,43505.5638317679,0.0,0.0,0.0,0.0,0.0,0.0,0.5,5.044123367408687,1
charge,charge::3.175|75.0|25.0,3.175|75.0|25.0,1,2.54e-07,2.54e-07,0.0,,3.175,75.0,25.0,585.9645236881825,43947.33906448165,0.0,0.0,0.0,0.0,0.0,0.0,0.5,5.095343684245065,1
charge,charge::3.188|75.0|25.0,3.188|75.0|25.0,1,2.55e-07,2.55e-07,0.0,,3.1875,75.0,25.0,591.8548601243662,44389.114297195425,0.0,0.0,0.0,0.0,0.0,0.0,0.5,5.146564001081445,1
charge,charge::3.2|75.0|25.0,3.2|75.0|25.0,1,2.56e-07,2.56e-07,0.0,,3.2,75.0,25.0,597.7451965605497,44830.8895299092,0.0,0.0,0.0,0.0,0.0,0.0,0.5,5.197784317917824,1
charge,charge::3.212|75.0|25.0,3.212|75.0|25.0,1,2.5700000000000004e-07,2.5700000000000004e-07,0.0,,3.2125,75.0,25.0,603.6355329967332,45272.66476262296,0.0,0.0,0.0,0.0,0.0,0.0,0.5,5.249004634754202,1
charge,charge::3.225|75.0|25.0,3.225|75.0|25.0,1,2.58e-07,2.58e-07,0.0,,3.225,75.0,25.0,609.5258694329168,45714.439995336725,0.0,0.0,0.0,0.0,0.0,0.0,0.5,5.300224951590581,1
charge,charge::3.238|75.0|25.0,3.238|75.0|25.0,1,2.5900000000000003e-07,2.5900000000000003e-07,0.0,,3.2375,75.0,25.0,615.4162058691002,46156.21522805048,0.0,0.0,0.0,0.0,0.0,0.0,0.5,5.351445268426958,1
charge,charge::3.25|75.0|25.0,3.25|75.0|25.0,1,2.6e-07,2.6e-07,0.0,,3.25,75.0,25.0,621.3065423052836,46597.99046076424,0.0,0.0,0.0,0.0,0.0,0.0,0.5,5.402665585263336,1
charge,charge::3.262|75.0|25.0,3.262|75.0|25.0,1,2.61e-07,2.61e-07,0.0,,3.2625,75.0,25.0,627.1968787414672,47039.76569347801,0.0,0.0,0.0,0.0,0.0,0.0,0.5,5.4538859020997155,1
charge,charge::3.275|75.0|25.0,3.275|75.0|25.0,1,2.62e-07,2.62e-07,0.0,,3.275,75.0,25.0,633.0872151776507,47481.54092619177,0.0,0.0,0.0,0.0,0.0,0.0,0.5,5.505106218936093,1
charge,charge::3.288|75.0|25.0,3.288|75.0|25.0,1,2.63e-07,2.63e-07,0.0,,3.2875,75.0,25.0,638.9775516138344,47923.316158905545,0.0,0.0,0.0,0.0,0.0,0.0,0.5,5.556326535772473,1
charge,charge::3.3|75.0|25.0,3.3|75.0|25.0,1,2.6400000000000003e-07,2.6400000000000003e-07,0.0,,3.3,75.0,25.0,644.8678880500178,48365.0913916193,0.0,0.0,0.0,0.0,0.0,0.0,0.5,5.60754685260885,1
charge,charge::3.312|75.0|25.0,3.312|75.0|25.0,1,2.65e-07,2.65e-07,0.0,,3.3125,75.0,25.0,650.7582244862015,48806.86662433307,0.0,0.0,0.0,0.0,0.0,0.0,0.5,5.65876716944523,1
charge,charge::3.325|75.0|25.0,3.325|75.0|25.0,1,2.66e-07,2.66e-07,0.0,,3.325,75.0,25.0,656.6485609223851,49248.641857046845,0.0,0.0,0.0,0.0,0.0,0.0,0.5,5.70998748628161,1
charge,charge::3.338|75.0|25.0,3.338|75.0|25.0,1,2.67e-07,2.67e-07,0.0,,3.3375,75.0,25.0,662.5388973585684,49690.417089760595,0.0,0.0,0.0,0.0,0.0,0.0,0.5,5.761207803117986,1
charge,charge::3.35|75.0|25.0,3.35|75.0|25.0,1,2.68e-07,2.68e-07,0.0,,3.35,75.0,25.0,668.4292337947518,50132.19232247435,0.0,0.0,0.0,0.0,0.0,0.0,0.5,5.8124281199543635,1
charge,charge::3.362|75.0|25.0,3.362|75.0|25.0,1,2.6900000000000004e-07,2.6900000000000004e-07,0.0,,3.3625,75.0,25.0,674.3195702309353,50573.96755518811,0.0,0.0,0.0,0.0,0.0,0.0,0.5,5.863648436790742,1
charge,charge::3.375|75.0|25.0,3.375|75.0|25.0,1,2.7e-07,2.7e-07,0.0,,3.375,75.0,25.0,680.2099066671188,51015.74278790188,0.0,0.0,0.0,0.0,0.0,0.0,0.5,5.91486875362712,1
charge,charge::3.388|75.0|25.0,3.388|75.0|25.0,1,2.7100000000000003e-07,2.7100000000000003e-07,0.0,,3.3875,75.0,25.0,686.1002431033025,51457.51802061566,0.0,0.0,0.0,0.0,0.0,0.0,0.5,5.9660890704635,1
charge,charge::3.4|75.0|25.0,3.4|75.0|25.0,1,2.72e-07,2.72e-07,0.0,,3.4,75.0,25.0,691.9905795394859,51899.29325332941,0.0,0.0,0.0,0.0,0.0,0.0,0.5,6.0173093872998775,1
charge,charge::3.412|75.0|25.0,3.412|75.0|25.0,1,2.73e-07,2.73e-07,0.0,,3.4125,75.0,25.0,697.8809159756696,52341.06848604319,0.0,0.0,0.0,0.0,0.0,0.0,0.5,6.068529704136258,1
charge,charge::3.425|75.0|25.0,3.425|75.0|25.0,1,2.74e-07,2.74e-07,0.0,,3.425,75.0,25.0,703.771252411853,52782.843718756936,0.0,0.0,0.0,0.0,0.0,0.0,0.5,6.119750020972634,1
charge,charge::3.438|75.0|25.0,3.438|75.0|25.0,1,2.75e-07,2.75e-07,0.0,,3.4375,75.0,25.0,709.6615888480364,53224.6189514707,0.0,0.0,0.0,0.0,0.0,0.0,0.5,6.170970337809012,1
charge,charge::3.45|75.0|25.0,3.45|75.0|25.0,1,2.7600000000000004e-07,2.7600000000000004e-07,0.0,,3.45,75.0,25.0,715.55192528422,53666.39418418447,0.0,0.0,0.0,0.0,0.0,0.0,0.5,6.222190654645392,1
charge,charge::3.462|75.0|25.0,3.462|75.0|25.0,1,2.77e-07,2.77e-07,0.0,,3.4625,75.0,25.0,721.4422617204034,54108.16941689822,0.0,0.0,0.0,0.0,0.0,0.0,0.5,6.273410971481769,1
charge,charge::3.475|75.0|25.0,3.475|75.0|25.0,1,2.7800000000000003e-07,2.7800000000000003e-07,0.0,,3.475,75.0,25.0,727.3325981565871,54549.944649612,0.0,0.0,0.0,0.0,0.0,0.0,0.5,6.324631288318149,1
charge,charge::3.488|75.0|25.0,3.488|75.0|25.0,1,2.79e-07,2.79e-07,0.0,,3.4875,75.0,25.0,733.2229345927705,54991.71988232575,0.0,0.0,0.0,0.0,0.0,0.0,0.5,6.3758516051545255,1
charge,charge::3.5|75.0|25.0,3.5|75.0|25.0,1,2.8e-07,2.8e-07,0.0,,3.5,75.0,25.0,739.1132710289542,55433.49511503953,0.0,0.0,0.0,0.0,0.0,0.0,0.5,6.427071921990906,1
charge,charge::3.512|75.0|25.0,3.512|75.0|25.0,1,2.8100000000000004e-07,2.8100000000000004e-07,0.0,,3.5125,75.0,25.0,745.0036074651375,55875.27034775328,0.0,0.0,0.0,0.0,0.0,0.0,0.5,6.478292238827283,1
charge,charge::3.525|75.0|25.0,3.525|75.0|25.0,1,2.82e-07,2.82e-07,0.0,,3.525,75.0,25.0,750.893943901321,56317.04558046704,0.0,0.0,0.0,0.0,0.0,0.0,0.5,6.52951255566366,1
charge,charge::3.538|75.0|25.0,3.538|75.0|25.0,1,2.8300000000000003e-07,2.8300000000000003e-07,0.0,,3.5375,75.0,25.0,756.7842803375046,56758.82081318081,0.0,0.0,0.0,0.0,0.0,0.0,0.5,6.58073287250004,1
charge,charge::3.55|75.0|25.0,3.55|75.0|25.0,1,2.84e-07,2.84e-07,0.0,,3.55,75.0,25.0,762.6746167736881,57200.59604589457,0.0,0.0,0.0,0.0,0.0,0.0,0.5,6.631953189336418,1
charge,charge::3.562|75.0|25.0,3.562|75.0|25.0,1,2.85e-07,2.85e-07,0.0,,3.5625,75.0,25.0,768.5649532098716,57642.37127860834,0.0,0.0,0.0,0.0,0.0,0.0,0.5,6.683173506172797,1
charge,charge::3.575|75.0|25.0,3.575|75.0|25.0,1,2.86e-07,2.86e-07,0.0,,3.575,75.0,25.0,774.4552896460553,58084.14651132212,0.0,0.0,0.0,0.0,0.0,0.0,0.5,6.734393823009177,1
charge,charge::3.588|75.0|25.0,3.588|75.0|25.0,1,2.87e-07,2.87e-07,0.0,,3.5875,75.0,25.0,780.3456260822387,58525.92174403587,0.0,0.0,0.0,0.0,0.0,0.0,0.5,6.785614139845554,1
charge,charge::3.6|75.0|25.0,3.6|75.0|25.0,1,2.8800000000000004e-07,2.8800000000000004e-07,0.0,,3.6,75.0,25.0,786.2359625184224,58967.69697674965,0.0,0.0,0.0,0.0,0.0,0.0,0.5,6.836834456681934,1
charge,charge::3.612|75.0|25.0,3.612|75.0|25.0,1,2.89e-07,2.89e-07,0.0,,3.6125,75.0,25.0,792.1262989546058,59409.4722094634,0.0,0.0,0.0,0.0,0.0,0.0,0.5,6.888054773518311,1
charge,charge::3.625|75.0|25.0,3.625|75.0|25.0,1,2.9000000000000003e-07,2.9000000000000003e-07,0.0,,3.625,75.0,25.0,798.0166353907891,59851.247442177155,0.0,0.0,0.0,0.0,0.0,0.0,0.5,6.9392750903546885,1
charge,charge::3.638|75.0|25.0,3.638|75.0|25.0,1,2.91e-07,2.91e-07,0.0,,3.6375,75.0,25.0,803.9069718269728,60293.022674890926,0.0,0.0,0.0,0.0,0.0,0.0,0.5,6.9904954071910685,1
charge,charge::3.65|75.0|25.0,3.65|75.0|25.0,1,2.92e-07,2.92e-07,0.0,,3.65,75.0,25.0,809.7973082631562,60734.79790760468,0.0,0.0,0.0,0.0,0.0,0.0,0.5,7.041715724027445,1
charge,charge::3.662|75.0|25.0,3.662|75.0|25.0,1,2.9300000000000004e-07,2.9300000000000004e-07,0.0,,3.6625,75.0,25.0,815.6876446993398,61176.57314031845,0.0,0.0,0.0,0.0,0.0,0.0,0.5,7.092936040863824,1
charge,charge::3.675|75.0|25.0,3.675|75.0|25.0,1,2.94e-07,2.94e-07,0.0,,3.675,75.0,25.0,821.5779811355233,61618.34837303221,0.0,0.0,0.0,0.0,0.0,0.0,0.5,7.1441563577002025,1
charge,charge::3.688|75.0|25.0,3.688|75.0|25.0,1,2.9500000000000003e-07,2.9500000000000003e-07,0.0,,3.6875,75.0,25.0,827.4683175717068,62060.12360574598,0.0,0.0,0.0,0.0,0.0,0.0,0.5,7.195376674536582,1
charge,charge::3.7|75.0|25.0,3.7|75.0|25.0,1,2.96e-07,2.96e-07,0.0,,3.7,75.0,25.0,833.3586540078906,62501.898838459754,0.0,0.0,0.0,0.0,0.0,0.0,0.5,7.246596991372961,1
charge,charge::3.712|75.0|25.0,3.712|75.0|25.0,1,2.97e-07,2.97e-07,0.0,,3.7125,75.0,25.0,839.2489904440739,62943.67407117351,0.0,0.0,0.0,0.0,0.0,0.0,0.5,7.297817308209338,1
charge,charge::3.725|75.0|25.0,3.725|75.0|25.0,1,2.98e-07,2.98e-07,0.0,,3.725,75.0,25.0,845.1393268802574,63385.44930388727,0.0,0.0,0.0,0.0,0.0,0.0,0.5,7.349037625045717,1
charge,charge::3.738|75.0|25.0,3.738|75.0|25.0,1,2.99e-07,2.99e-07,0.0,,3.7375,75.0,25.0,851.0296633164407,63827.224536601025,0.0,0.0,0.0,0.0,0.0,0.0,0.5,7.400257941882093,1
charge,charge::3.75|75.0|25.0,3.75|75.0|25.0,1,3.0000000000000004e-07,3.0000000000000004e-07,0.0,,3.75,75.0,25.0,856.9199997526244,64268.9997693148,0.0,0.0,0.0,0.0,0.0,0.0,0.5,7.451478258718473,1
charge,charge::3.762|75.0|25.0,3.762|75.0|25.0,1,3.01e-07,3.01e-07,0.0,,3.7625,75.0,25.0,862.810336188808,64710.77500202857,0.0,0.0,0.0,0.0,0.0,0.0,0.5,7.502698575554852,1
charge,charge::3.775|75.0|25.0,3.775|75.0|25.0,1,3.0200000000000003e-07,3.0200000000000003e-07,0.0,,3.775,75.0,25.0,868.7006726249915,65152.55023474233,0.0,0.0,0.0,0.0,0.0,0.0,0.5,7.553918892391231,1
charge,charge::3.788|75.0|25.0,3.788|75.0|25.0,1,3.03e-07,3.03e-07,0.0,,3.7875,75.0,25.0,874.5910090611751,65594.32546745609,0.0,0.0,0.0,0.0,0.0,0.0,0.5,7.60513920922761,1
charge,charge::3.8|75.0|25.0,3.8|75.0|25.0,1,3.04e-07,3.04e-07,0.0,,3.8,75.0,25.0,880.4813454973585,66036.10070016985,0.0,0.0,0.0,0.0,0.0,0.0,0.5,7.656359526063986,1
charge,charge::3.812|75.0|25.0,3.812|75.0|25.0,1,3.0500000000000004e-07,3.0500000000000004e-07,0.0,,3.8125,75.0,25.0,886.3716819335422,66477.87593288362,0.0,0.0,0.0,0.0,0.0,0.0,0.5,7.707579842900366,1
charge,charge::3.825|75.0|25.0,3.825|75.0|25.0,1,3.06e-07,3.06e-07,0.0,,3.825,75.0,25.0,892.2620183697255,66919.65116559737,0.0,0.0,0.0,0.0,0.0,0.0,0.5,7.758800159736744,1
charge,charge::3.838|75.0|25.0,3.838|75.0|25.0,1,3.0700000000000004e-07,3.0700000000000004e-07,0.0,,3.8375,75.0,25.0,898.1523548059091,67361.42639831115,0.0,0.0,0.0,0.0,0.0,0.0,0.5,7.810020476573123,1
charge,charge::3.85|75.0|25.0,3.85|75.0|25.0,1,3.08e-07,3.08e-07,0.0,,3.85,75.0,25.0,904.0426912420927,67803.20163102492,0.0,0.0,0.0,0.0,0.0,0.0,0.5,7.861240793409502,1
charge,charge::3.862|75.0|25.0,3.862|75.0|25.0,1,3.0900000000000003e-07,3.0900000000000003e-07,0.0,,3.8625,75.0,25.0,909.9330276782761,68244.97686373866,0.0,0.0,0.0,0.0,0.0,0.0,0.5,7.912461110245879,1
charge,charge::3.875|75.0|25.0,3.875|75.0|25.0,1,3.1e-07,3.1e-07,0.0,,3.875,75.0,25.0,915.8233641144597,68686.75209645243,0.0,0.0,0.0,0.0,0.0,0.0,0.5,7.963681427082258,1
charge,charge::3.888|75.0|25.0,3.888|75.0|25.0,1,3.11e-07,3.11e-07,0.0,,3.8875,75.0,25.0,921.7137005506435,69128.52732916622,0.0,0.0,0.0,0.0,0.0,0.0,0.5,8.014901743918639,1
charge,charge::3.9|75.0|25.0,3.9|75.0|25.0,1,3.1200000000000004e-07,3.1200000000000004e-07,0.0,,3.9,75.0,25.0,927.6040369868268,69570.30256187997,0.0,0.0,0.0,0.0,0.0,0.0,0.5,8.066122060755015,1
charge,charge::3.912|75.0|25.0,3.912|75.0|25.0,1,3.13e-07,3.13e-07,0.0,,3.9125,75.0,25.0,933.4943734230104,70012.07779459374,0.0,0.0,0.0,0.0,0.0,0.0,0.5,8.117342377591395,1
charge,charge::3.925|75.0|25.0,3.925|75.0|25.0,1,3.1400000000000003e-07,3.1400000000000003e-07,0.0,,3.925,75.0,25.0,939.3847098591938,70453.85302730749,0.0,0.0,0.0,0.0,0.0,0.0,0.5,8.168562694427772,1
charge,charge::3.938|75.0|25.0,3.938|75.0|25.0,1,3.15e-07,3.15e-07,0.0,,3.9375,75.0,25.0,945.2750462953771,70895.62826002124,0.0,0.0,0.0,0.0,0.0,0.0,0.5,8.219783011264148,1
charge,charge::3.95|75.0|25.0,3.95|75.0|25.0,1,3.16e-07,3.16e-07,0.0,,3.95,75.0,25.0,951.1653827315607,71337.40349273501,0.0,0.0,0.0,0.0,0.0,0.0,0.5,8.271003328100528,1
charge,charge::3.962|75.0|25.0,3.962|75.0|25.0,1,3.1700000000000005e-07,3.1700000000000005e-07,0.0,,3.9625,75.0,25.0,957.0557191677441,71779.17872544877,0.0,0.0,0.0,0.0,0.0,0.0,0.5,8.322223644936905,1
charge,charge::3.975|75.0|25.0,3.975|75.0|25.0,1,3.18e-07,3.18e-07,0.0,,3.975,75.0,25.0,962.9460556039279,72220.95395816256,0.0,0.0,0.0,0.0,0.0,0.0,0.5,8.373443961773287,1
charge,charge::3.988|75.0|25.0,3.988|75.0|25.0,1,3.1900000000000004e-07,3.1900000000000004e-07,0.0,,3.9875,75.0,25.0,968.8363920401113,72662.7291908763,0.0,0.0,0.0,0.0,0.0,0.0,0.5,8.424664278609663,1
charge,charge::4.0|75.0|25.0,4.0|75.0|25.0,1,3.2e-07,3.2e-07,0.0,,4.0,75.0,25.0,974.7267284762949,73104.50442359007,0.0,0.0,0.0,0.0,0.0,0.0,0.5,8.475884595446042,1
charge,charge::4.012|75.0|25.0,4.012|75.0|25.0,1,3.2100000000000003e-07,3.2100000000000003e-07,0.0,,4.0125,75.0,25.0,980.6170649124784,73546.27965630384,0.0,0.0,0.0,0.0,0.0,0.0,0.5,8.527104912282422,1
charge,charge::4.025|75.0|25.0,4.025|75.0|25.0,1,3.22e-07,3.22e-07,0.0,,4.025,75.0,25.0,986.5074013486619,73988.0548890176,0.0,0.0,0.0,0.0,0.0,0.0,0.5,8.5783252291188,1
charge,charge::4.037|75.0|25.0,4.037|75.0|25.0,1,3.23e-07,3.23e-07,0.0,,4.0375,75.0,25.0,992.3977377848455,74429.83012173137,0.0,0.0,0.0,0.0,0.0,0.0,0.5,8.629545545955178,1
charge,charge::4.05|75.0|25.0,4.05|75.0|25.0,1,3.2400000000000004e-07,3.2400000000000004e-07,0.0,,4.05,75.0,25.0,998.2880742210289,74871.60535444513,0.0,0.0,0.0,0.0,0.0,0.0,0.5,8.680765862791555,1
charge,charge::4.062|75.0|25.0,4.062|75.0|25.0,1,3.25e-07,3.25e-07,0.0,,4.0625,75.0,25.0,1004.1784106572125,75313.3805871589,0.0,0.0,0.0,0.0,0.0,0.0,0.5,8.731986179627935,1
charge,charge::4.075|75.0|25.0,4.075|75.0|25.0,1,3.2600000000000003e-07,3.2600000000000003e-07,0.0,,4.075,75.0,25.0,1010.068747093396,75755.15581987266,0.0,0.0,0.0,0.0,0.0,0.0,0.5,8.783206496464313,1
charge,charge::4.088|75.0|25.0,4.088|75.0|25.0,1,3.27e-07,3.27e-07,0.0,,4.0875,75.0,25.0,1015.9590835295799,76196.93105258644,0.0,0.0,0.0,0.0,0.0,0.0,0.5,8.834426813300695,1
charge,charge::4.1|75.0|25.0,4.1|75.0|25.0,1,3.28e-07,3.28e-07,0.0,,4.1,75.0,25.0,1021.8494199657629,76638.70628530017,0.0,0.0,0.0,0.0,0.0,0.0,0.5,8.885647130137068,1
charge,charge::4.112|75.0|25.0,4.112|75.0|25.0,1,3.29e-07,3.29e-07,0.0,,4.1125,75.0,25.0,1027.7397564019466,77080.48151801396,0.0,0.0,0.0,0.0,0.0,0.0,0.5,8.936867446973448,1
charge,charge::4.125|75.0|25.0,4.125|75.0|25.0,1,3.3e-07,3.3e-07,0.0,,4.125,75.0,25.0,1033.6300928381302,77522.25675072773,0.0,0.0,0.0,0.0,0.0,0.0,0.5,8.988087763809828,1
charge,charge::4.138|75.0|25.0,4.138|75.0|25.0,1,3.3100000000000004e-07,3.3100000000000004e-07,0.0,,4.1375,75.0,25.0,1039.5204292743135,77964.03198344148,0.0,0.0,0.0,0.0,0.0,0.0,0.5,9.039308080646205,1
charge,charge::4.15|75.0|25.0,4.15|75.0|25.0,1,3.32e-07,3.32e-07,0.0,,4.15,75.0,25.0,1045.4107657104971,78405.80721615526,0.0,0.0,0.0,0.0,0.0,0.0,0.5,9.090528397482583,1
charge,charge::4.162|75.0|25.0,4.162|75.0|25.0,1,3.3300000000000003e-07,3.3300000000000003e-07,0.0,,4.1625,75.0,25.0,1051.3011021466803,78847.58244886898,0.0,0.0,0.0,0.0,0.0,0.0,0.5,9.14174871431896,1
charge,charge::4.175|75.0|25.0,4.175|75.0|25.0,1,3.34e-07,3.34e-07,0.0,,4.175,75.0,25.0,1057.1914385828638,79289.35768158275,0.0,0.0,0.0,0.0,0.0,0.0,0.5,9.192969031155338,1
charge,charge::4.188|75.0|25.0,4.188|75.0|25.0,1,3.35e-07,3.35e-07,0.0,,4.1875,75.0,25.0,1063.0817750190477,79731.13291429654,0.0,0.0,0.0,0.0,0.0,0.0,0.5,9.24418934799172,1
charge,charge::4.2|75.0|25.0,4.2|75.0|25.0,1,3.3600000000000004e-07,3.3600000000000004e-07,0.0,,4.2,75.0,25.0,1068.9721114552312,80172.90814701031,0.0,0.0,0.0,0.0,0.0,0.0,0.5,9.295409664828098,1
charge,charge::4.212|75.0|25.0,4.212|75.0|25.0,1,3.37e-07,3.37e-07,0.0,,4.2125,75.0,25.0,1074.8624478914148,80614.68337972408,0.0,0.0,0.0,0.0,0.0,0.0,0.5,9.346629981664476,1
charge,charge::4.225|75.0|25.0,4.225|75.0|25.0,1,3.3800000000000004e-07,3.3800000000000004e-07,0.0,,4.225,75.0,25.0,1080.752784327598,81056.45861243781,0.0,0.0,0.0,0.0,0.0,0.0,0.5,9.397850298500853,1
charge,charge::4.238|75.0|25.0,4.238|75.0|25.0,1,3.39e-07,3.39e-07,0.0,,4.2375,75.0,25.0,1086.6431207637818,81498.2338451516,0.0,0.0,0.0,0.0,0.0,0.0,0.5,9.449070615337233,1
charge,charge::4.25|75.0|25.0,4.25|75.0|25.0,1,3.4000000000000003e-07,3.4000000000000003e-07,0.0,,4.25,75.0,25.0,1092.5334571999651,81940.00907786535,0.0,0.0,0.0,0.0,0.0,0.0,0.5,9.500290932173609,1
charge,charge::4.262|75.0|25.0,4.262|75.0|25.0,1,3.41e-07,3.41e-07,0.0,,4.2625,75.0,25.0,1098.4237936361487,82381.78431057913,0.0,0.0,0.0,0.0,0.0,0.0,0.5,9.55151124900999,1
charge,charge::4.275|75.0|25.0,4.275|75.0|25.0,1,3.42e-07,3.42e-07,0.0,,4.275,75.0,25.0,1104.3141300723323,82823.5595432929,0.0,0.0,0.0,0.0,0.0,0.0,0.5,9.602731565846367,1
charge,charge::4.288|75.0|25.0,4.288|75.0|25.0,1,3.4300000000000004e-07,3.4300000000000004e-07,0.0,,4.2875,75.0,25.0,1110.2044665085155,83265.33477600662,0.0,0.0,0.0,0.0,0.0,0.0,0.5,9.653951882682742,1
charge,charge::4.3|75.0|25.0,4.3|75.0|25.0,1,3.44e-07,3.44e-07,0.0,,4.3,75.0,25.0,1116.094802944699,83707.1100087204,0.0,0.0,0.0,0.0,0.0,0.0,0.5,9.705172199519122,1
charge,charge::4.312|75.0|25.0,4.312|75.0|25.0,1,3.4500000000000003e-07,3.4500000000000003e-07,0.0,,4.3125,75.0,25.0,1121.9851393808829,84148.88524143418,0.0,0.0,0.0,0.0,0.0,0.0,0.5,9.756392516355502,1
charge,charge::4.325|75.0|25.0,4.325|75.0|25.0,1,3.46e-07,3.46e-07,0.0,,4.325,75.0,25.0,1127.8754758170664,84590.66047414795,0.0,0.0,0.0,0.0,0.0,0.0,0.5,9.807612833191882,1
charge,charge::4.338|75.0|25.0,4.338|75.0|25.0,1,3.47e-07,3.47e-07,0.0,,4.3375,75.0,25.0,1133.7658122532498,85032.43570686171,0.0,0.0,0.0,0.0,0.0,0.0,0.5,9.858833150028259,1
charge,charge::4.35|75.0|25.0,4.35|75.0|25.0,1,3.4800000000000005e-07,3.4800000000000005e-07,0.0,,4.35,75.0,25.0,1139.6561486894332,85474.21093957545,0.0,0.0,0.0,0.0,0.0,0.0,0.5,9.910053466864635,1
charge,charge::4.362|75.0|25.0,4.362|75.0|25.0,1,3.49e-07,3.49e-07,0.0,,4.3625,75.0,25.0,1145.5464851256168,85915.98617228922,0.0,0.0,0.0,0.0,0.0,0.0,0.5,9.961273783701015,1
charge,charge::4.375|75.0|25.0,4.375|75.0|25.0,1,3.5000000000000004e-07,3.5000000000000004e-07,0.0,,4.375,75.0,25.0,1151.4368215618003,86357.761405003,0.0,0.0,0.0,0.0,0.0,0.0,0.5,10.012494100537394,1
charge,charge::4.388|75.0|25.0,4.388|75.0|25.0,1,3.51e-07,3.51e-07,0.0,,4.3875,75.0,25.0,1157.3271579979842,86799.53663771678,0.0,0.0,0.0,0.0,0.0,0.0,0.5,10.063714417373776,1
charge,charge::4.4|75.0|25.0,4.4|75.0|25.0,1,3.5200000000000003e-07,3.5200000000000003e-07,0.0,,4.4,75.0,25.0,1163.2174944341677,87241.31187043055,0.0,0.0,0.0,0.0,0.0,0.0,0.5,10.114934734210154,1
charge,charge::4.412|75.0|25.0,4.412|75.0|25.0,1,3.53e-07,3.53e-07,0.0,,4.4125,75.0,25.0,1169.1078308703509,87683.08710314428,0.0,0.0,0.0,0.0,0.0,0.0,0.5,10.166155051046529,1
charge,charge::4.425|75.0|25.0,4.425|75.0|25.0,1,3.54e-07,3.54e-07,0.0,,4.425,75.0,25.0,1174.9981673065345,88124.86233585805,0.0,0.0,0.0,0.0,0.0,0.0,0.5,10.217375367882909,1
charge,charge::4.438|75.0|25.0,4.438|75.0|25.0,1,3.5500000000000004e-07,3.5500000000000004e-07,0.0,,4.4375,75.0,25.0,1180.8885037427178,88566.63756857181,0.0,0.0,0.0,0.0,0.0,0.0,0.5,10.268595684719285,1
charge,charge::4.45|75.0|25.0,4.45|75.0|25.0,1,3.56e-07,3.56e-07,0.0,,4.45,75.0,25.0,1186.7788401789016,89008.4128012856,0.0,0.0,0.0,0.0,0.0,0.0,0.5,10.319816001555667,1
charge,charge::4.462|75.0|25.0,4.462|75.0|25.0,1,3.5700000000000003e-07,3.5700000000000003e-07,0.0,,4.4625,75.0,25.0,1192.6691766150852,89450.18803399937,0.0,0.0,0.0,0.0,0.0,0.0,0.5,10.371036318392045,1
charge,charge::4.475|75.0|25.0,4.475|75.0|25.0,1,3.58e-07,3.58e-07,0.0,,4.475,75.0,25.0,1198.5595130512684,89891.9632667131,0.0,0.0,0.0,0.0,0.0,0.0,0.5,10.42225663522842,1
charge,charge::4.488|75.0|25.0,4.488|75.0|25.0,1,3.59e-07,3.59e-07,0.0,,4.4875,75.0,25.0,1204.449849487452,90333.73849942687,0.0,0.0,0.0,0.0,0.0,0.0,0.5,10.4734769520648,1
charge,charge::4.5|75.0|25.0,4.5|75.0|25.0,1,3.6000000000000005e-07,3.6000000000000005e-07,0.0,,4.5,75.0,25.0,1210.3401859236355,90775.51373214064,0.0,0.0,0.0,0.0,0.0,0.0,0.5,10.524697268901178,1
charge,charge::4.512|75.0|25.0,4.512|75.0|25.0,1,3.61e-07,3.61e-07,0.0,,4.5125,75.0,25.0,1216.2305223598194,91217.28896485442,0.0,0.0,0.0,0.0,0.0,0.0,0.5,10.57591758573756,1
charge,charge::4.525|75.0|25.0,4.525|75.0|25.0,1,3.6200000000000004e-07,3.6200000000000004e-07,0.0,,4.525,75.0,25.0,1222.120858796003,91659.0641975682,0.0,0.0,0.0,0.0,0.0,0.0,0.5,10.627137902573939,1
charge,charge::4.538|75.0|25.0,4.538|75.0|25.0,1,3.63e-07,3.63e-07,0.0,,4.5375,75.0,25.0,1228.011195232186,92100.83943028192,0.0,0.0,0.0,0.0,0.0,0.0,0.5,10.678358219410313,1
charge,charge::4.55|75.0|25.0,4.55|75.0|25.0,1,3.6400000000000003e-07,3.6400000000000003e-07,0.0,,4.55,75.0,25.0,1233.9015316683694,92542.61466299568,0.0,0.0,0.0,0.0,0.0,0.0,0.5,10.729578536246692,1
charge,charge::4.562|75.0|25.0,4.562|75.0|25.0,1,3.65e-07,3.65e-07,0.0,,4.5625,75.0,25.0,1239.791868104553,92984.38989570945,0.0,0.0,0.0,0.0,0.0,0.0,0.5,10.78079885308307,1
charge,charge::4.575|75.0|25.0,4.575|75.0|25.0,1,3.66e-07,3.66e-07,0.0,,4.575,75.0,25.0,1245.6822045407366,93426.16512842322,0.0,0.0,0.0,0.0,0.0,0.0,0.5,10.832019169919448,1
charge,charge::4.588|75.0|25.0,4.588|75.0|25.0,1,3.6700000000000004e-07,3.6700000000000004e-07,0.0,,4.5875,75.0,25.0,1251.5725409769204,93867.940361137,0.0,0.0,0.0,0.0,0.0,0.0,0.5,10.88323948675583,1
charge,charge::4.6|75.0|25.0,4.6|75.0|25.0,1,3.68e-07,3.68e-07,0.0,,4.6,75.0,25.0,1257.4628774131033,94309.71559385072,0.0,0.0,0.0,0.0,0.0,0.0,0.5,10.934459803592203,1
charge,charge::4.612|75.0|25.0,4.612|75.0|25.0,1,3.6900000000000004e-07,3.6900000000000004e-07,0.0,,4.6125,75.0,25.0,1263.3532138492872,94751.4908265645,0.0,0.0,0.0,0.0,0.0,0.0,0.5,10.985680120428585,1
charge,charge::4.625|75.0|25.0,4.625|75.0|25.0,1,3.7e-07,3.7e-07,0.0,,4.625,75.0,25.0,1269.2435502854707,95193.26605927828,0.0,0.0,0.0,0.0,0.0,0.0,0.5,11.036900437264963,1
charge,charge::4.638|75.0|25.0,4.638|75.0|25.0,1,3.7100000000000003e-07,3.7100000000000003e-07,0.0,,4.6375,75.0,25.0,1275.133886721654,95635.04129199202,0.0,0.0,0.0,0.0,0.0,0.0,0.5,11.08812075410134,1
charge,charge::4.65|75.0|25.0,4.65|75.0|25.0,1,3.7200000000000005e-07,3.7200000000000005e-07,0.0,,4.65,75.0,25.0,1281.0242231578377,96076.81652470579,0.0,0.0,0.0,0.0,0.0,0.0,0.5,11.13934107093772,1
charge,charge::4.662|75.0|25.0,4.662|75.0|25.0,1,3.73e-07,3.73e-07,0.0,,4.6625,75.0,25.0,1286.914559594021,96518.59175741955,0.0,0.0,0.0,0.0,0.0,0.0,0.5,11.190561387774096,1
charge,charge::4.675|75.0|25.0,4.675|75.0|25.0,1,3.7400000000000004e-07,3.7400000000000004e-07,0.0,,4.675,75.0,25.0,1292.8048960302049,96960.36699013333,0.0,0.0,0.0,0.0,0.0,0.0,0.5,11.241781704610478,1
charge,charge::4.688|75.0|25.0,4.688|75.0|25.0,1,3.75e-07,3.75e-07,0.0,,4.6875,75.0,25.0,1298.6952324663885,97402.1422228471,0.0,0.0,0.0,0.0,0.0,0.0,0.5,11.293002021446856,1
charge,charge::4.7|75.0|25.0,4.7|75.0|25.0,1,3.7600000000000003e-07,3.7600000000000003e-07,0.0,,4.7,75.0,25.0,1304.585568902572,97843.91745556088,0.0,0.0,0.0,0.0,0.0,0.0,0.5,11.344222338283235,1
charge,charge::4.712|75.0|25.0,4.712|75.0|25.0,1,3.77e-07,3.77e-07,0.0,,4.7125,75.0,25.0,1310.4759053387556,98285.69268827463,0.0,0.0,0.0,0.0,0.0,0.0,0.5,11.395442655119615,1
charge,charge::4.725|75.0|25.0,4.725|75.0|25.0,1,3.78e-07,3.78e-07,0.0,,4.725,75.0,25.0,1316.3662417749388,98727.46792098838,0.0,0.0,0.0,0.0,0.0,0.0,0.5,11.44666297195599,1
charge,charge::4.738|75.0|25.0,4.738|75.0|25.0,1,3.7900000000000005e-07,3.7900000000000005e-07,0.0,,4.7375,75.0,25.0,1322.2565782111226,99169.24315370216,0.0,0.0,0.0,0.0,0.0,0.0,0.5,11.497883288792371,1
charge,charge::4.75|75.0|25.0,4.75|75.0|25.0,1,3.8e-07,3.8e-07,0.0,,4.75,75.0,25.0,1328.146914647306,99611.01838641592,0.0,0.0,0.0,0.0,0.0,0.0,0.5,11.549103605628748,1
charge,charge::4.762|75.0|25.0,4.762|75.0|25.0,1,3.8100000000000004e-07,3.8100000000000004e-07,0.0,,4.7625,75.0,25.0,1334.0372510834895,100052.79361912968,0.0,0.0,0.0,0.0,0.0,0.0,0.5,11.600323922465126,1
charge,charge::4.775|75.0|25.0,4.775|75.0|25.0,1,3.82e-07,3.82e-07,0.0,,4.775,75.0,25.0,1339.9275875196731,100494.56885184345,0.0,0.0,0.0,0.0,0.0,0.0,0.5,11.651544239301506,1
charge,charge::4.788|75.0|25.0,4.788|75.0|25.0,1,3.8300000000000003e-07,3.8300000000000003e-07,0.0,,4.7875,75.0,25.0,1345.8179239558563,100936.34408455719,0.0,0.0,0.0,0.0,0.0,0.0,0.5,11.70276455613788,1
charge,charge::4.8|75.0|25.0,4.8|75.0|25.0,1,3.8400000000000005e-07,3.8400000000000005e-07,0.0,,4.8,75.0,25.0,1351.7082603920398,101378.11931727096,0.0,0.0,0.0,0.0,0.0,0.0,0.5,11.753984872974259,1
charge,charge::4.812|75.0|25.0,4.812|75.0|25.0,1,3.85e-07,3.85e-07,0.0,,4.8125,75.0,25.0,1357.5985968282237,101819.89454998475,0.0,0.0,0.0,0.0,0.0,0.0,0.5,11.805205189810641,1
charge,charge::4.825|75.0|25.0,4.825|75.0|25.0,1,3.8600000000000004e-07,3.8600000000000004e-07,0.0,,4.825,75.0,25.0,1363.4889332644073,102261.66978269852,0.0,0.0,0.0,0.0,0.0,0.0,0.5,11.85642550664702,1
charge,charge::4.838|75.0|25.0,4.838|75.0|25.0,1,3.87e-07,3.87e-07,0.0,,4.8375,75.0,25.0,1369.3792697005906,102703.44501541226,0.0,0.0,0.0,0.0,0.0,0.0,0.5,11.907645823483398,1
charge,charge::4.85|75.0|25.0,4.85|75.0|25.0,1,3.8800000000000003e-07,3.8800000000000003e-07,0.0,,4.85,75.0,25.0,1375.269606136774,103145.22024812602,0.0,0.0,0.0,0.0,0.0,0.0,0.5,11.958866140319774,1
charge,charge::4.862|75.0|25.0,4.862|75.0|25.0,1,3.89e-07,3.89e-07,0.0,,4.8625,75.0,25.0,1381.1599425729573,103586.99548083977,0.0,0.0,0.0,0.0,0.0,0.0,0.5,12.01008645715615,1
charge,charge::4.875|75.0|25.0,4.875|75.0|25.0,1,3.9e-07,3.9e-07,0.0,,4.875,75.0,25.0,1387.0502790091411,104028.77071355356,0.0,0.0,0.0,0.0,0.0,0.0,0.5,12.061306773992532,1
charge,charge::4.888|75.0|25.0,4.888|75.0|25.0,1,3.9100000000000005e-07,3.9100000000000005e-07,0.0,,4.8875,75.0,25.0,1392.9406154453247,104470.54594626732,0.0,0.0,0.0,0.0,0.0,0.0,0.5,12.11252709082891,1
charge,charge::4.9|75.0|25.0,4.9|75.0|25.0,1,3.92e-07,3.92e-07,0.0,,4.9,75.0,25.0,1398.8309518815083,104912.32117898109,0.0,0.0,0.0,0.0,0.0,0.0,0.5,12.163747407665289,1
charge,charge::4.912|75.0|25.0,4.912|75.0|25.0,1,3.9300000000000004e-07,3.9300000000000004e-07,0.0,,4.9125,75.0,25.0,1404.7212883176917,105354.09641169485,0.0,0.0,0.0,0.0,0.0,0.0,0.5,12.214967724501667,1
charge,charge::4.925|75.0|25.0,4.925|75.0|25.0,1,3.94e-07,3.94e-07,0.0,,4.925,75.0,25.0,1410.6116247538753,105795.87164440862,0.0,0.0,0.0,0.0,0.0,0.0,0.5,12.266188041338046,1
charge,charge::4.938|75.0|25.0,4.938|75.0|25.0,1,3.9500000000000003e-07,3.9500000000000003e-07,0.0,,4.9375,75.0,25.0,1416.5019611900589,106237.64687712239,0.0,0.0,0.0,0.0,0.0,0.0,0.5,12.317408358174426,1
charge,charge::4.95|75.0|25.0,4.95|75.0|25.0,1,3.96e-07,3.96e-07,0.0,,4.95,75.0,25.0,1422.3922976262425,106679.42210983614,0.0,0.0,0.0,0.0,0.0,0.0,0.5,12.368628675010804,1
charge,charge::4.962|75.0|25.0,4.962|75.0|25.0,1,3.97e-07,3.97e-07,0.0,,4.9625,75.0,25.0,1428.282634062426,107121.19734254992,0.0,0.0,0.0,0.0,0.0,0.0,0.5,12.419848991847182,1
charge,charge::4.975|75.0|25.0,4.975|75.0|25.0,1,3.9800000000000004e-07,3.9800000000000004e-07,0.0,,4.975,75.0,25.0,1434.1729704986092,107562.97257526366,0.0,0.0,0.0,0.0,0.0,0.0,0.5,12.471069308683559,1
charge,charge::4.988|75.0|25.0,4.988|75.0|25.0,1,3.99e-07,3.99e-07,0.0,,4.9875,75.0,25.0,1440.0633069347928,108004.74780797743,0.0,0.0,0.0,0.0,0.0,0.0,0.5,12.522289625519937,1
charge,charge::5.0|75.0|25.0,5.0|75.0|25.0,1,4.0000000000000003e-07,4.0000000000000003e-07,0.0,,5.0,75.0,25.0,1445.9536433709764,108446.5230406912,0.0,0.0,0.0,0.0,0.0,0.0,0.5,12.573509942356315,1
charge,charge::5.012|75.0|25.0,5.012|75.0|25.0,1,4.01e-07,4.01e-07,0.0,,5.0125,75.0,25.0,1451.8439798071602,108888.29827340499,0.0,0.0,0.0,0.0,0.0,0.0,0.5,12.624730259192697,1
charge,charge::5.025|75.0|25.0,5.025|75.0|25.0,1,4.02e-07,4.02e-07,0.0,,5.025,75.0,25.0,1457.7343162433438,109330.07350611874,0.0,0.0,0.0,0.0,0.0,0.0,0.5,12.675950576029075,1
charge,charge::5.038|75.0|25.0,5.038|75.0|25.0,1,4.0300000000000005e-07,4.0300000000000005e-07,0.0,,5.0375,75.0,25.0,1463.624652679527,109771.84873883249,0.0,0.0,0.0,0.0,0.0,0.0,0.5,12.727170892865452,1
charge,charge::5.05|75.0|25.0,5.05|75.0|25.0,1,4.04e-07,4.04e-07,0.0,,5.05,75.0,25.0,1469.5149891157105,110213.62397154626,0.0,0.0,0.0,0.0,0.0,0.0,0.5,12.77839120970183,1
charge,charge::5.062|75.0|25.0,5.062|75.0|25.0,1,4.0500000000000004e-07,4.0500000000000004e-07,0.0,,5.0625,75.0,25.0,1475.4053255518938,110655.39920426,0.0,0.0,0.0,0.0,0.0,0.0,0.5,12.829611526538207,1
charge,charge::5.075|75.0|25.0,5.075|75.0|25.0,1,4.06e-07,4.06e-07,0.0,,5.075,75.0,25.0,1481.2956619880777,111097.17443697379,0.0,0.0,0.0,0.0,0.0,0.0,0.5,12.880831843374589,1
charge,charge::5.088|75.0|25.0,5.088|75.0|25.0,1,4.0700000000000003e-07,4.0700000000000003e-07,0.0,,5.0875,75.0,25.0,1487.1859984242612,111538.94966968756,0.0,0.0,0.0,0.0,0.0,0.0,0.5,12.932052160210967,1
charge,charge::5.1|75.0|25.0,5.1|75.0|25.0,1,4.08e-07,4.08e-07,0.0,,5.1,75.0,25.0,1493.0763348604444,111980.7249024013,0.0,0.0,0.0,0.0,0.0,0.0,0.5,12.983272477047342,1
charge,charge::5.112|75.0|25.0,5.112|75.0|25.0,1,4.09e-07,4.09e-07,0.0,,5.1125,75.0,25.0,1498.9666712966277,112422.50013511504,0.0,0.0,0.0,0.0,0.0,0.0,0.5,13.03449279388372,1
charge,charge::5.125|75.0|25.0,5.125|75.0|25.0,1,4.1000000000000004e-07,4.1000000000000004e-07,0.0,,5.125,75.0,25.0,1504.857007732812,112864.27536782887,0.0,0.0,0.0,0.0,0.0,0.0,0.5,13.085713110720105,1
charge,charge::5.138|75.0|25.0,5.138|75.0|25.0,1,4.11e-07,4.11e-07,0.0,,5.1375,75.0,25.0,1510.747344168995,113306.05060054259,0.0,0.0,0.0,0.0,0.0,0.0,0.5,13.136933427556478,1
charge,charge::5.15|75.0|25.0,5.15|75.0|25.0,1,4.1200000000000004e-07,4.1200000000000004e-07,0.0,,5.15,75.0,25.0,1516.637680605179,113747.82583325639,0.0,0.0,0.0,0.0,0.0,0.0,0.5,13.18815374439286,1
charge,charge::5.162|75.0|25.0,5.162|75.0|25.0,1,4.13e-07,4.13e-07,0.0,,5.1625,75.0,25.0,1522.528017041362,114189.60106597013,0.0,0.0,0.0,0.0,0.0,0.0,0.5,13.239374061229235,1
charge,charge::5.175|75.0|25.0,5.175|75.0|25.0,1,4.1400000000000003e-07,4.1400000000000003e-07,0.0,,5.175,75.0,25.0,1528.4183534775455,114631.37629868387,0.0,0.0,0.0,0.0,0.0,0.0,0.5,13.290594378065613,1
charge,charge::5.188|75.0|25.0,5.188|75.0|25.0,1,4.1500000000000005e-07,4.1500000000000005e-07,0.0,,5.1875,75.0,25.0,1534.3086899137293,115073.15153139766,0.0,0.0,0.0,0.0,0.0,0.0,0.5,13.341814694901993,1
charge,charge::5.2|75.0|25.0,5.2|75.0|25.0,1,4.16e-07,4.16e-07,0.0,,5.2,75.0,25.0,1540.1990263499124,115514.9267641114,0.0,0.0,0.0,0.0,0.0,0.0,0.5,13.393035011738368,1
charge,charge::5.212|75.0|25.0,5.212|75.0|25.0,1,4.1700000000000004e-07,4.1700000000000004e-07,0.0,,5.2125,75.0,25.0,1546.0893627860967,115956.70199682521,0.0,0.0,0.0,0.0,0.0,0.0,0.5,13.444255328574753,1
charge,charge::5.225|75.0|25.0,5.225|75.0|25.0,1,4.18e-07,4.18e-07,0.0,,5.225,75.0,25.0,1551.9796992222798,116398.47722953896,0.0,0.0,0.0,0.0,0.0,0.0,0.5,13.495475645411128,1
charge,charge::5.238|75.0|25.0,5.238|75.0|25.0,1,4.1900000000000003e-07,4.1900000000000003e-07,0.0,,5.2375,75.0,25.0,1557.8700356584632,116840.2524622527,0.0,0.0,0.0,0.0,0.0,0.0,0.5,13.546695962247506,1
charge,charge::5.25|75.0|25.0,5.25|75.0|25.0,1,4.2e-07,4.2e-07,0.0,,5.25,75.0,25.0,1563.7603720946468,117282.02769496647,0.0,0.0,0.0,0.0,0.0,0.0,0.5,13.597916279083885,1
charge,charge::5.262|75.0|25.0,5.262|75.0|25.0,1,4.21e-07,4.21e-07,0.0,,5.2625,75.0,25.0,1569.6507085308303,117723.80292768024,0.0,0.0,0.0,0.0,0.0,0.0,0.5,13.649136595920265,1
charge,charge::5.275|75.0|25.0,5.275|75.0|25.0,1,4.2200000000000005e-07,4.2200000000000005e-07,0.0,,5.275,75.0,25.0,1575.5410449670142,118165.57816039403,0.0,0.0,0.0,0.0,0.0,0.0,0.5,13.700356912756645,1
charge,charge::5.288|75.0|25.0,5.288|75.0|25.0,1,4.23e-07,4.23e-07,0.0,,5.2875,75.0,25.0,1581.4313814031975,118607.35339310778,0.0,0.0,0.0,0.0,0.0,0.0,0.5,13.751577229593021,1
charge,charge::5.3|75.0|25.0,5.3|75.0|25.0,1,4.2400000000000004e-07,4.2400000000000004e-07,0.0,,5.3,75.0,25.0,1587.3217178393804,119049.1286258215,0.0,0.0,0.0,0.0,0.0,0.0,0.5,13.802797546429394,1
charge,charge::5.312|75.0|25.0,5.312|75.0|25.0,1,4.25e-07,4.25e-07,0.0,,5.3125,75.0,25.0,1593.2120542755647,119490.90385853533,0.0,0.0,0.0,0.0,0.0,0.0,0.5,13.85401786326578,1
charge,charge::5.325|75.0|25.0,5.325|75.0|25.0,1,4.2600000000000003e-07,4.2600000000000003e-07,0.0,,5.325,75.0,25.0,1599.1023907117478,119932.67909124905,0.0,0.0,0.0,0.0,0.0,0.0,0.5,13.905238180102154,1
charge,charge::5.338|75.0|25.0,5.338|75.0|25.0,1,4.2700000000000005e-07,4.2700000000000005e-07,0.0,,5.3375,75.0,25.0,1604.9927271479319,120374.45432396285,0.0,0.0,0.0,0.0,0.0,0.0,0.5,13.956458496938538,1
charge,charge::5.35|75.0|25.0,5.35|75.0|25.0,1,4.28e-07,4.28e-07,0.0,,5.35,75.0,25.0,1610.8830635841152,120816.22955667661,0.0,0.0,0.0,0.0,0.0,0.0,0.5,14.007678813774914,1
charge,charge::5.362|75.0|25.0,5.362|75.0|25.0,1,4.2900000000000004e-07,4.2900000000000004e-07,0.0,,5.3625,75.0,25.0,1616.7734000202981,121258.00478939032,0.0,0.0,0.0,0.0,0.0,0.0,0.5,14.058899130611287,1
charge,charge::5.375|75.0|25.0,5.375|75.0|25.0,1,4.3e-07,4.3e-07,0.0,,5.375,75.0,25.0,1622.6637364564822,121699.78002210413,0.0,0.0,0.0,0.0,0.0,0.0,0.5,14.110119447447671,1
charge,charge::5.388|75.0|25.0,5.388|75.0|25.0,1,4.3100000000000003e-07,4.3100000000000003e-07,0.0,,5.3875,75.0,25.0,1628.5540728926653,122141.55525481787,0.0,0.0,0.0,0.0,0.0,0.0,0.5,14.161339764284046,1
charge,charge::5.4|75.0|25.0,5.4|75.0|25.0,1,4.32e-07,4.32e-07,0.0,,5.4,75.0,25.0,1634.4444093288496,122583.33048753168,0.0,0.0,0.0,0.0,0.0,0.0,0.5,14.212560081120431,1
charge,charge::5.412|75.0|25.0,5.412|75.0|25.0,1,4.33e-07,4.33e-07,0.0,,5.4125,75.0,25.0,1640.3347457650325,123025.10572024541,0.0,0.0,0.0,0.0,0.0,0.0,0.5,14.263780397956804,1
charge,charge::5.425|75.0|25.0,5.425|75.0|25.0,1,4.3400000000000005e-07,4.3400000000000005e-07,0.0,,5.425,75.0,25.0,1646.2250822012156,123466.88095295914,0.0,0.0,0.0,0.0,0.0,0.0,0.5,14.315000714793179,1
charge,charge::5.438|75.0|25.0,5.438|75.0|25.0,1,4.35e-07,4.35e-07,0.0,,5.4375,75.0,25.0,1652.1154186374,123908.65618567295,0.0,0.0,0.0,0.0,0.0,0.0,0.5,14.366221031629564,1
charge,charge::5.45|75.0|25.0,5.45|75.0|25.0,1,4.3600000000000004e-07,4.3600000000000004e-07,0.0,,5.45,75.0,25.0,1658.005755073583,124350.4314183867,0.0,0.0,0.0,0.0,0.0,0.0,0.5,14.417441348465939,1
charge,charge::5.462|75.0|25.0,5.462|75.0|25.0,1,4.37e-07,4.37e-07,0.0,,5.4625,75.0,25.0,1663.8960915097668,124792.20665110048,0.0,0.0,0.0,0.0,0.0,0.0,0.5,14.46866166530232,1
charge,charge::5.475|75.0|25.0,5.475|75.0|25.0,1,4.3800000000000003e-07,4.3800000000000003e-07,0.0,,5.475,75.0,25.0,1669.78642794595,125233.98188381422,0.0,0.0,0.0,0.0,0.0,0.0,0.5,14.519881982138696,1
charge,charge::5.488|75.0|25.0,5.488|75.0|25.0,1,4.3900000000000005e-07,4.3900000000000005e-07,0.0,,5.4875,75.0,25.0,1675.6767643821333,125675.75711652797,0.0,0.0,0.0,0.0,0.0,0.0,0.5,14.571102298975072,1
charge,charge::5.5|75.0|25.0,5.5|75.0|25.0,1,4.4e-07,4.4e-07,0.0,,5.5,75.0,25.0,1681.5671008183174,126117.53234924177,0.0,0.0,0.0,0.0,0.0,0.0,0.5,14.622322615811456,1
charge,charge::5.512|75.0|25.0,5.512|75.0|25.0,1,4.4100000000000004e-07,4.4100000000000004e-07,0.0,,5.5125,75.0,25.0,1687.4574372545007,126559.30758195552,0.0,0.0,0.0,0.0,0.0,0.0,0.5,14.673542932647832,1
charge,charge::5.525|75.0|25.0,5.525|75.0|25.0,1,4.42e-07,4.42e-07,0.0,,5.525,75.0,25.0,1693.3477736906848,127001.08281466932,0.0,0.0,0.0,0.0,0.0,0.0,0.5,14.724763249484216,1
charge,charge::5.538|75.0|25.0,5.538|75.0|25.0,1,4.4300000000000004e-07,4.4300000000000004e-07,0.0,,5.5375,75.0,25.0,1699.238110126868,127442.85804738307,0.0,0.0,0.0,0.0,0.0,0.0,0.5,14.77598356632059,1
charge,charge::5.55|75.0|25.0,5.55|75.0|25.0,1,4.44e-07,4.44e-07,0.0,,5.55,75.0,25.0,1705.128446563051,127884.6332800968,0.0,0.0,0.0,0.0,0.0,0.0,0.5,14.827203883156965,1
charge,charge::5.562|75.0|25.0,5.562|75.0|25.0,1,4.4500000000000003e-07,4.4500000000000003e-07,0.0,,5.5625,75.0,25.0,1711.018782999235,128326.4085128106,0.0,0.0,0.0,0.0,0.0,0.0,0.5,14.878424199993349,1
charge,charge::5.575|75.0|25.0,5.575|75.0|25.0,1,4.4600000000000005e-07,4.4600000000000005e-07,0.0,,5.575,75.0,25.0,1716.9091194354185,128768.18374552435,0.0,0.0,0.0,0.0,0.0,0.0,0.5,14.929644516829725,1
charge,charge::5.588|75.0|25.0,5.588|75.0|25.0,1,4.47e-07,4.47e-07,0.0,,5.5875,75.0,25.0,1722.7994558716023,129209.95897823814,0.0,0.0,0.0,0.0,0.0,0.0,0.5,14.980864833666107,1
charge,charge::5.6|75.0|25.0,5.6|75.0|25.0,1,4.4800000000000004e-07,4.4800000000000004e-07,0.0,,5.6,75.0,25.0,1728.6897923077854,129651.73421095188,0.0,0.0,0.0,0.0,0.0,0.0,0.5,15.032085150502482,1
charge,charge::5.612|75.0|25.0,5.612|75.0|25.0,1,4.49e-07,4.49e-07,0.0,,5.6125,75.0,25.0,1734.5801287439685,130093.5094436656,0.0,0.0,0.0,0.0,0.0,0.0,0.5,15.083305467338857,1
charge,charge::5.625|75.0|25.0,5.625|75.0|25.0,1,4.5000000000000003e-07,4.5000000000000003e-07,0.0,,5.625,75.0,25.0,1740.4704651801528,130535.28467637942,0.0,0.0,0.0,0.0,0.0,0.0,0.5,15.134525784175242,1
charge,charge::5.638|75.0|25.0,5.638|75.0|25.0,1,4.51e-07,4.51e-07,0.0,,5.6375,75.0,25.0,1746.360801616336,130977.05990909316,0.0,0.0,0.0,0.0,0.0,0.0,0.5,15.185746101011617,1
charge,charge::5.65|75.0|25.0,5.65|75.0|25.0,1,4.52e-07,4.52e-07,0.0,,5.65,75.0,25.0,1752.2511380525198,131418.83514180695,0.0,0.0,0.0,0.0,0.0,0.0,0.5,15.236966417847999,1
charge,charge::5.662|75.0|25.0,5.662|75.0|25.0,1,4.5300000000000005e-07,4.5300000000000005e-07,0.0,,5.6625,75.0,25.0,1758.1414744887031,131860.6103745207,0.0,0.0,0.0,0.0,0.0,0.0,0.5,15.288186734684375,1
charge,charge::5.675|75.0|25.0,5.675|75.0|25.0,1,4.54e-07,4.54e-07,0.0,,5.675,75.0,25.0,1764.0318109248863,132302.38560723446,0.0,0.0,0.0,0.0,0.0,0.0,0.5,15.33940705152075,1
charge,charge::5.688|75.0|25.0,5.688|75.0|25.0,1,4.5500000000000004e-07,4.5500000000000004e-07,0.0,,5.6875,75.0,25.0,1769.9221473610703,132744.16083994825,0.0,0.0,0.0,0.0,0.0,0.0,0.5,15.390627368357134,1
charge,charge::5.7|75.0|25.0,5.7|75.0|25.0,1,4.56e-07,4.56e-07,0.0,,5.7,75.0,25.0,1775.8124837972532,133185.93607266198,0.0,0.0,0.0,0.0,0.0,0.0,0.5,15.441847685193506,1
charge,charge::5.712|75.0|25.0,5.712|75.0|25.0,1,4.5700000000000003e-07,4.5700000000000003e-07,0.0,,5.7125,75.0,25.0,1781.7028202334375,133627.7113053758,0.0,0.0,0.0,0.0,0.0,0.0,0.5,15.493068002029892,1
charge,charge::5.725|75.0|25.0,5.725|75.0|25.0,1,4.5800000000000005e-07,4.5800000000000005e-07,0.0,,5.725,75.0,25.0,1787.5931566696206,134069.48653808952,0.0,0.0,0.0,0.0,0.0,0.0,0.5,15.544288318866267,1
charge,charge::5.738|75.0|25.0,5.738|75.0|25.0,1,4.59e-07,4.59e-07,0.0,,5.7375,75.0,25.0,1793.4834931058035,134511.26177080325,0.0,0.0,0.0,0.0,0.0,0.0,0.5,15.59550863570264,1
charge,charge::5.75|75.0|25.0,5.75|75.0|25.0,1,4.6000000000000004e-07,4.6000000000000004e-07,0.0,,5.75,75.0,25.0,1799.373829541988,134953.0370035171,0.0,0.0,0.0,0.0,0.0,0.0,0.5,15.646728952539027,1
charge,charge::5.762|75.0|25.0,5.762|75.0|25.0,1,4.61e-07,4.61e-07,0.0,,5.7625,75.0,25.0,1805.2641659781711,135394.81223623082,0.0,0.0,0.0,0.0,0.0,0.0,0.5,15.697949269375401,1
charge,charge::5.775|75.0|25.0,5.775|75.0|25.0,1,4.6200000000000003e-07,4.6200000000000003e-07,0.0,,5.775,75.0,25.0,1811.1545024143547,135836.58746894458,0.0,0.0,0.0,0.0,0.0,0.0,0.5,15.74916958621178,1
charge,charge::5.788|75.0|25.0,5.788|75.0|25.0,1,4.63e-07,4.63e-07,0.0,,5.7875,75.0,25.0,1817.0448388505379,136278.36270165833,0.0,0.0,0.0,0.0,0.0,0.0,0.5,15.800389903048156,1
charge,charge::5.8|75.0|25.0,5.8|75.0|25.0,1,4.64e-07,4.64e-07,0.0,,5.8,75.0,25.0,1822.9351752867212,136720.13793437206,0.0,0.0,0.0,0.0,0.0,0.0,0.5,15.851610219884533,1
charge,charge::5.812|75.0|25.0,5.812|75.0|25.0,1,4.6500000000000005e-07,4.6500000000000005e-07,0.0,,5.8125,75.0,25.0,1828.8255117229055,137161.9131670859,0.0,0.0,0.0,0.0,0.0,0.0,0.5,15.902830536720918,1
charge,charge::5.825|75.0|25.0,5.825|75.0|25.0,1,4.66e-07,4.66e-07,0.0,,5.825,75.0,25.0,1834.7158481590886,137603.68839979963,0.0,0.0,0.0,0.0,0.0,0.0,0.5,15.954050853557293,1
charge,charge::5.838|75.0|25.0,5.838|75.0|25.0,1,4.6700000000000004e-07,4.6700000000000004e-07,0.0,,5.8375,75.0,25.0,1840.6061845952727,138045.46363251342,0.0,0.0,0.0,0.0,0.0,0.0,0.5,16.005271170393677,1
charge,charge::5.85|75.0|25.0,5.85|75.0|25.0,1,4.68e-07,4.68e-07,0.0,,5.85,75.0,25.0,1846.4965210314558,138487.23886522718,0.0,0.0,0.0,0.0,0.0,0.0,0.5,16.05649148723005,1
charge,charge::5.862|75.0|25.0,5.862|75.0|25.0,1,4.6900000000000003e-07,4.6900000000000003e-07,0.0,,5.8625,75.0,25.0,1852.3868574676392,138929.01409794093,0.0,0.0,0.0,0.0,0.0,0.0,0.5,16.107711804066426,1
charge,charge::5.875|75.0|25.0,5.875|75.0|25.0,1,4.7000000000000005e-07,4.7000000000000005e-07,0.0,,5.875,75.0,25.0,1858.277193903823,139370.78933065472,0.0,0.0,0.0,0.0,0.0,0.0,0.5,16.158932120902808,1
charge,charge::5.888|75.0|25.0,5.888|75.0|25.0,1,4.71e-07,4.71e-07,0.0,,5.8875,75.0,25.0,1864.167530340006,139812.56456336842,0.0,0.0,0.0,0.0,0.0,0.0,0.5,16.210152437739183,1
charge,charge::5.9|75.0|25.0,5.9|75.0|25.0,1,4.7200000000000004e-07,4.7200000000000004e-07,0.0,,5.9,75.0,25.0,1870.0578667761902,140254.33979608223,0.0,0.0,0.0,0.0,0.0,0.0,0.5,16.261372754575568,1
charge,charge::5.912|75.0|25.0,5.912|75.0|25.0,1,4.73e-07,4.73e-07,0.0,,5.9125,75.0,25.0,1875.9482032123735,140696.115028796,0.0,0.0,0.0,0.0,0.0,0.0,0.5,16.312593071411943,1
charge,charge::5.925|75.0|25.0,5.925|75.0|25.0,1,4.7400000000000004e-07,4.7400000000000004e-07,0.0,,5.925,75.0,25.0,1881.8385396485567,141137.89026150972,0.0,0.0,0.0,0.0,0.0,0.0,0.5,16.363813388248317,1
charge,charge::5.938|75.0|25.0,5.938|75.0|25.0,1,4.75e-07,4.75e-07,0.0,,5.9375,75.0,25.0,1887.7288760847403,141579.6654942235,0.0,0.0,0.0,0.0,0.0,0.0,0.5,16.4150337050847,1
charge,charge::5.95|75.0|25.0,5.95|75.0|25.0,1,4.7600000000000003e-07,4.7600000000000003e-07,0.0,,5.95,75.0,25.0,1893.6192125209234,142021.44072693723,0.0,0.0,0.0,0.0,0.0,0.0,0.5,16.466254021921074,1
charge,charge::5.962|75.0|25.0,5.962|75.0|25.0,1,4.77e-07,4.77e-07,0.0,,5.9625,75.0,25.0,1899.5095489571079,142463.21595965108,0.0,0.0,0.0,0.0,0.0,0.0,0.5,16.51747433875746,1
charge,charge::5.975|75.0|25.0,5.975|75.0|25.0,1,4.78e-07,4.78e-07,0.0,,5.975,75.0,25.0,1905.399885393291,142904.9911923648,0.0,0.0,0.0,0.0,0.0,0.0,0.5,16.568694655593834,1
charge,charge::5.988|75.0|25.0,5.988|75.0|25.0,1,4.79e-07,4.79e-07,0.0,,5.9875,75.0,25.0,1911.2902218294741,143346.76642507853,0.0,0.0,0.0,0.0,0.0,0.0,0.5,16.61991497243021,1
charge,charge::6.0|75.0|25.0,6.0|75.0|25.0,1,4.800000000000001e-07,4.800000000000001e-07,0.0,,6.0,75.0,25.0,1917.1805582656582,143788.54165779235,0.0,0.0,0.0,0.0,0.0,0.0,0.5,16.671135289266594,1
output,output::2.0|0.0|25.0,2.0|0.0|25.0,1,0.0,0.0,0.0,,2.0,0.0,25.0,0.8939294159585188,0.0,0.0,0.0,0.0,0.0,0.0,0.0,0.0,0.007773299269204511,0
output,output::2.0|0.25|25.0,2.0|0.25|25.0,1,1e-09,1e-09,0.0,,2.0,0.25,25.0,33.185848456757746,7.888450815124649,0.0,0.0,0.0,0.0,0.0,0.0,0.0016666666666666668,0.2885725952761543,0
output,output::2.0|0.5|25.0,2.0|0.5|25.0,1,2e-09,2e-09,0.0,,2.0,0.5,25.0,54.59338696039556,26.491661815211533,0.0,0.0,0.0,0.0,0.0,0.0,0.0033333333333333335,0.4747251040034397,0
output,output::2.0|0.75|25.0,2.0|0.75|25.0,1,3.0000000000000004e-09,3.0000000000000004e-09,0.0,,2.0,0.75,25.0,65.91240409583912,48.243162259373534,0.0,0.0,0.0,0.0,0.0,0.0,0.005,0.5731513399638185,0
output,output::2.0|1.0|25.0,2.0|1.0|25.0,1,4e-09,4e-09,0.0,,2.0,1.0,25.0,67.88463767466212,66.31812029654624,0.0,0.0,0.0,0.0,0.0,0.0,0.006666666666666667,0.590301197170975,0
output,output::2.0|1.25|25.0,2.0|1.25|25.0,1,5e-09,5e-09,0.0,,2.0,1.25,25.0,68.02249291289573,83.09671298004528,0.0,0.0,0.0,0.0,0.0,0.0,0.008333333333333333,0.5914999383730063,0
output,output::2.0|1.5|25.0,2.0|1.5|25.0,1,6.000000000000001e-09,6.000000000000001e-09,0.0,,2.0,1.5,25.0,68.16115893959697,99.95565916189452,0.0,0.0,0.0,0.0,0.0,0.0,0.01,0.5927057299095388,0
output,output::2.0|1.75|25.0,2.0|1.75|25.0,1,7.000000000000001e-09,7.000000000000001e-09,0.0,,2.0,1.75,25.0,68.30059853296476,116.89519759032373,0.0,0.0,0.0,0.0,0.0,0.0,0.011666666666666667,0.593918248112737,0
output,output::2.0|2.0|25.0,2.0|2.0|25.0,1,8e-09,8e-09,0.0,,2.0,2.0,25.0,68.4407767150219,133.9155222178685,0.0,0.0,0.0,0.0,0.0,0.0,0.013333333333333334,0.5951371888262774,0
output,output::2.0|2.25|25.0,2.0|2.25|25.0,1,9.000000000000001e-09,9.000000000000001e-09,0.0,,2.0,2.25,25.0,68.58166058513812,151.01679223676283,0.0,0.0,0.0,0.0,0.0,0.0,0.015,0.5963622659577228,0
output,output::2.0|2.5|25.0,2.0|2.5|25.0,1,1e-08,1e-08,0.0,,2.0,2.5,25.0,68.72321916811347,168.1991395321996,0.0,0.0,0.0,0.0,0.0,0.0,0.016666666666666666,0.5975932101575084,0
output,output::2.0|2.75|25.0,2.0|2.75|25.0,1,1.1000000000000001e-08,1.1000000000000001e-08,0.0,,2.0,2.75,25.0,68.86542327538173,185.4626742967073,0.0,0.0,0.0,0.0,0.0,0.0,0.018333333333333333,0.598829767612015,0
output,output::2.0|3.0|25.0,2.0|3.0|25.0,1,1.2000000000000002e-08,1.2000000000000002e-08,0.0,,2.0,3.0,25.0,69.00824537803992,202.80748931404463,0.0,0.0,0.0,0.0,0.0,0.0,0.02,0.6000716989394775,0
output,output::2.0|3.25|25.0,2.0|3.25|25.0,1,1.3e-08,1.3e-08,0.0,,2.0,3.25,25.0,69.15165949054918,220.23366326648204,0.0,0.0,0.0,0.0,0.0,0.0,0.021666666666666667,0.6013187781786885,0
output,output::2.0|3.5|25.0,2.0|3.5|25.0,1,1.4000000000000001e-08,1.4000000000000001e-08,0.0,,2.0,3.5,25.0,69.29564106407715,237.741263315709,0.0,0.0,0.0,0.0,0.0,0.0,0.023333333333333334,0.6025707918615404,0
output,output::2.0|3.75|25.0,2.0|3.75|25.0,1,1.5000000000000002e-08,1.5000000000000002e-08,0.0,,2.0,3.75,25.0,69.44016688856303,255.33034713691723,0.0,0.0,0.0,0.0,0.0,0.0,0.025,0.6038275381614177,0
output,output::2.0|4.0|25.0,2.0|4.0|25.0,1,1.6e-08,1.6e-08,0.0,,2.0,4.0,25.0,69.58521500268492,273.00096453661564,0.0,0.0,0.0,0.0,0.0,0.0,0.02666666666666667,0.6050888261103037,0
output,output::2.0|4.25|25.0,2.0|4.25|25.0,1,1.7e-08,1.7e-08,0.0,,2.0,4.25,25.0,69.7307646109959,290.7531587502858,0.0,0.0,0.0,0.0,0.0,0.0,0.028333333333333332,0.6063544748782252,0
output,output::2.0|4.5|25.0,2.0|4.5|25.0,1,1.8000000000000002e-08,1.8000000000000002e-08,0.0,,2.0,4.5,25.0,69.87679600757136,308.5869674914345,0.0,0.0,0.0,0.0,0.0,0.0,0.03,0.6076243131093162,0
output,output::2.0|4.75|25.0,2.0|4.75|25.0,1,1.9e-08,1.9e-08,0.0,,2.0,4.75,25.0,70.02329050557923,326.50242380588975,0.0,0.0,0.0,0.0,0.0,0.0,0.03166666666666667,0.6088981783093845,0
output,output::2.0|5.0|25.0,2.0|5.0|25.0,1,2e-08,2e-08,0.0,,2.0,5.0,25.0,70.17023037224325,344.4995567722574,0.0,0.0,0.0,0.0,0.0,0.0,0.03333333333333333,0.6101759162803762,0
output,output::2.0|5.25|25.0,2.0|5.25|25.0,1,2.1000000000000003e-08,2.1000000000000003e-08,0.0,,2.0,5.25,25.0,70.31759876872432,362.5783920799151,0.0,0.0,0.0,0.0,0.0,0.0,0.035,0.6114573805976028,0
output,output::2.0|5.5|25.0,2.0|5.5|25.0,1,2.2000000000000002e-08,2.2000000000000002e-08,0.0,,2.0,5.5,25.0,70.46537969449088,380.738952508817,0.0,0.0,0.0,0.0,0.0,0.0,0.03666666666666667,0.6127424321260077,0
output,output::2.0|5.75|25.0,2.0|5.75|25.0,1,2.3e-08,2.3e-08,0.0,,2.0,5.75,25.0,70.61355793579234,398.9812583300328,0.0,0.0,0.0,0.0,0.0,0.0,0.03833333333333333,0.6140309385721073,0
output,output::2.0|6.0|25.0,2.0|6.0|25.0,1,2.4000000000000003e-08,2.4000000000000003e-08,0.0,,2.0,6.0,25.0,70.76211901788707,417.30532764188894,0.0,0.0,0.0,0.0,0.0,0.0,0.04,0.6153227740685833,0
output,output::2.0|6.25|25.0,2.0|6.25|25.0,1,2.5000000000000002e-08,2.5000000000000002e-08,0.0,,2.0,6.25,25.0,70.91104916070904,435.71117665347765,0.0,0.0,0.0,0.0,0.0,0.0,0.041666666666666664,0.6166178187887743,0
output,output::2.0|6.5|25.0,2.0|6.5|25.0,1,2.6e-08,2.6e-08,0.0,,2.0,6.5,25.0,71.06033523768822,454.19881992490167,0.0,0.0,0.0,0.0,0.0,0.0,0.043333333333333335,0.6179159585885933,0
output,output::2.0|6.75|25.0,2.0|6.75|25.0,1,2.7e-08,2.7e-08,0.0,,2.0,6.75,25.0,71.20996473746598,472.76827057176826,0.0,0.0,0.0,0.0,0.0,0.0,0.045,0.6192170846736172,0
output,output::2.0|7.0|25.0,2.0|7.0|25.0,1,2.8000000000000003e-08,2.8000000000000003e-08,0.0,,2.0,7.0,25.0,71.35992572827065,491.4195404399876,0.0,0.0,0.0,0.0,0.0,0.0,0.04666666666666667,0.62052109328931,0
output,output::2.0|7.25|25.0,2.0|7.25|25.0,1,2.9e-08,2.9e-08,0.0,,2.0,7.25,25.0,71.51020682474015,510.15264025578796,0.0,0.0,0.0,0.0,0.0,0.0,0.04833333333333333,0.6218278854325231,0
output,output::2.0|7.5|25.0,2.0|7.5|25.0,1,3.0000000000000004e-08,3.0000000000000004e-08,0.0,,2.0,7.5,25.0,71.66079715699811,528.967579754954,0.0,0.0,0.0,0.0,0.0,0.0,0.05,0.6231373665825923,0
output,output::2.0|7.75|25.0,2.0|7.75|25.0,1,3.1e-08,3.1e-08,0.0,,2.0,7.75,25.0,71.81168634180611,547.8643677945664,0.0,0.0,0.0,0.0,0.0,0.0,0.051666666666666666,0.6244494464504879,0
output,output::2.0|8.0|25.0,2.0|8.0|25.0,1,3.2e-08,3.2e-08,0.0,,2.0,8.0,25.0,71.96286445563224,566.8430124499489,0.0,0.0,0.0,0.0,0.0,0.0,0.05333333333333334,0.6257640387446282,0
output,output::2.0|8.25|25.0,2.0|8.25|25.0,1,3.3000000000000004e-08,3.3000000000000004e-08,0.0,,2.0,8.25,25.0,72.11432200948835,585.9035210990572,0.0,0.0,0.0,0.0,0.0,0.0,0.055,0.6270810609520726,0
output,output::2.0|8.5|25.0,2.0|8.5|25.0,1,3.4e-08,3.4e-08,0.0,,2.0,8.5,25.0,72.26604992540214,605.0459004961672,0.0,0.0,0.0,0.0,0.0,0.0,0.056666666666666664,0.6284004341339317,0
output,output::2.0|8.75|25.0,2.0|8.75|25.0,1,3.5e-08,3.5e-08,0.0,,2.0,8.75,25.0,72.41803951440173,624.2701568364123,0.0,0.0,0.0,0.0,0.0,0.0,0.058333333333333334,0.629722082733928,0
output,output::2.0|9.0|25.0,2.0|9.0|25.0,1,3.6000000000000005e-08,3.6000000000000005e-08,0.0,,2.0,9.0,25.0,72.57028245590017,643.5762958124711,0.0,0.0,0.0,0.0,0.0,0.0,0.06,0.6310459343991319,0
output,output::2.0|9.25|25.0,2.0|9.25|25.0,1,3.7e-08,3.7e-08,0.0,,2.0,9.25,25.0,72.7227707783772,662.9643226644929,0.0,0.0,0.0,0.0,0.0,0.0,0.06166666666666667,0.6323719198119756,0
output,output::2.0|9.5|25.0,2.0|9.5|25.0,1,3.8e-08,3.8e-08,0.0,,2.0,9.5,25.0,72.87549684126424,682.434242224189,0.0,0.0,0.0,0.0,0.0,0.0,0.06333333333333334,0.6336999725327325,0
output,output::2.0|9.75|25.0,2.0|9.75|25.0,1,3.9000000000000005e-08,3.9000000000000005e-08,0.0,,2.0,9.75,25.0,73.02845331794562,701.9860589538655,0.0,0.0,0.0,0.0,0.0,0.0,0.065,0.635030028851701,0
output,output::2.0|10.0|25.0,2.0|10.0|25.0,1,4e-08,4e-08,0.0,,2.0,10.0,25.0,73.18163317979725,721.6197769810649,0.0,0.0,0.0,0.0,0.0,0.0,0.06666666666666667,0.6363620276504108,0
output,output::2.0|10.25|25.0,2.0|10.25|25.0,1,4.1e-08,4.1e-08,0.0,,2.0,10.25,25.0,73.33502968118889,741.3354001293802,0.0,0.0,0.0,0.0,0.0,0.0,0.06833333333333333,0.6376959102712076,0
output,output::2.0|10.5|25.0,2.0|10.5|25.0,1,4.2000000000000006e-08,4.2000000000000006e-08,0.0,,2.0,10.5,25.0,73.4886363453834,761.1329319459278,0.0,0.0,0.0,0.0,0.0,0.0,0.07,0.6390316203946382,0
output,output::2.0|10.75|25.0,2.0|10.75|25.0,1,4.3e-08,4.3e-08,0.0,,2.0,10.75,25.0,73.64244695127081,781.0123757258935,0.0,0.0,0.0,0.0,0.0,0.0,0.07166666666666667,0.6403691039240941,0
output,output::2.0|11.0|25.0,2.0|11.0|25.0,1,4.4000000000000004e-08,4.4000000000000004e-08,0.0,,2.0,11.0,25.0,73.79645552087992,800.9737345345081,0.0,0.0,0.0,0.0,0.0,0.0,0.07333333333333333,0.6417083088772166,0
output,output::2.0|11.25|25.0,2.0|11.25|25.0,1,4.5000000000000006e-08,4.5000000000000006e-08,0.0,,2.0,11.25,25.0,73.95065630761506,821.0170112267629,0.0,0.0,0.0,0.0,0.0,0.0,0.075,0.6430491852836092,0
output,output::2.0|11.5|25.0,2.0|11.5|25.0,1,4.6e-08,4.6e-08,0.0,,2.0,11.5,25.0,74.10504378516929,841.1422084651308,0.0,0.0,0.0,0.0,0.0,0.0,0.07666666666666666,0.6443916850884286,0
output,output::2.0|11.75|25.0,2.0|11.75|25.0,1,4.7000000000000004e-08,4.7000000000000004e-08,0.0,,2.0,11.75,25.0,74.25961263706887,861.3493287355251,0.0,0.0,0.0,0.0,0.0,0.0,0.07833333333333334,0.6457357620614684,0
output,output::2.0|12.0|25.0,2.0|12.0|25.0,1,4.8000000000000006e-08,4.8000000000000006e-08,0.0,,2.0,12.0,25.0,74.41435774680788,881.6383743616958,0.0,0.0,0.0,0.0,0.0,0.0,0.08,0.6470813717113729,0
output,output::2.0|12.25|25.0,2.0|12.25|25.0,1,4.9e-08,4.9e-08,0.0,,2.0,12.25,25.0,74.56927418853397,902.0093475182406,0.0,0.0,0.0,0.0,0.0,0.0,0.08166666666666667,0.6484284712046432,0
output,output::2.0|12.5|25.0,2.0|12.5|25.0,1,5.0000000000000004e-08,5.0000000000000004e-08,0.0,,2.0,12.5,25.0,74.7243572182501,922.462250242383,0.0,0.0,0.0,0.0,0.0,0.0,0.08333333333333333,0.6497770192891313,0
output,output::2.0|12.75|25.0,2.0|12.75|25.0,1,5.1e-08,5.1e-08,0.0,,2.0,12.75,25.0,74.87960226549899,942.9970844446511,0.0,0.0,0.0,0.0,0.0,0.0,0.085,0.6511269762217303,0
output,output::2.0|13.0|25.0,2.0|13.0|25.0,1,5.2e-08,5.2e-08,0.0,,2.0,13.0,25.0,75.03500492549978,963.613851918576,0.0,0.0,0.0,0.0,0.0,0.0,0.08666666666666667,0.652478303699998,0
output,output::2.0|13.25|25.0,2.0|13.25|25.0,1,5.3000000000000005e-08,5.3000000000000005e-08,0.0,,2.0,13.25,25.0,75.1905609517083,984.3125543495124,0.0,0.0,0.0,0.0,0.0,0.0,0.08833333333333333,0.6538309647974635,0
output,output::2.0|13.5|25.0,2.0|13.5|25.0,1,5.4e-08,5.4e-08,0.0,,2.0,13.5,25.0,75.34626624877474,1005.0931933226735,0.0,0.0,0.0,0.0,0.0,0.0,0.09,0.655184923902389,0
output,output::2.0|13.75|25.0,2.0|13.75|25.0,1,5.5e-08,5.5e-08,0.0,,2.0,13.75,25.0,75.50211686587409,1025.9557703304602,0.0,0.0,0.0,0.0,0.0,0.0,0.09166666666666666,0.6565401466597747,0
output,output::2.0|14.0|25.0,2.0|14.0|25.0,1,5.6000000000000005e-08,5.6000000000000005e-08,0.0,,2.0,14.0,25.0,75.65810899038662,1046.9002867791548,0.0,0.0,0.0,0.0,0.0,0.0,0.09333333333333334,0.6578965999164054,0
output,output::2.0|14.25|25.0,2.0|14.25|25.0,1,5.7e-08,5.7e-08,0.0,,2.0,14.25,25.0,75.81423894190688,1067.9267439950454,0.0,0.0,0.0,0.0,0.0,0.0,0.095,0.6592542516687555,0
output,output::2.0|14.5|25.0,2.0|14.5|25.0,1,5.8e-08,5.8e-08,0.0,,2.0,14.5,25.0,75.97050316656194,1089.0351432300333,0.0,0.0,0.0,0.0,0.0,0.0,0.09666666666666666,0.6606130710135821,0
output,output::2.0|14.75|25.0,2.0|14.75|25.0,1,5.9000000000000006e-08,5.9000000000000006e-08,0.0,,2.0,14.75,25.0,76.12689823161982,1110.2254856667766,0.0,0.0,0.0,0.0,0.0,0.0,0.09833333333333333,0.6619730281010419,0
output,output::2.0|15.0|25.0,2.0|15.0|25.0,1,6.000000000000001e-08,6.000000000000001e-08,0.0,,2.0,15.0,25.0,76.28342082037163,1131.4977724234125,0.0,0.0,0.0,0.0,0.0,0.0,0.1,0.6633340940901881,0
output,output::2.0|15.25|25.0,2.0|15.25|25.0,1,6.1e-08,6.1e-08,0.0,,2.0,15.25,25.0,76.44006772727064,1152.8520045578969,0.0,0.0,0.0,0.0,0.0,0.0,0.10166666666666667,0.6646962411067012,0
output,output::2.0|15.5|25.0,2.0|15.5|25.0,1,6.2e-08,6.2e-08,0.0,,2.0,15.5,25.0,76.59683585331396,1174.2881830720005,0.0,0.0,0.0,0.0,0.0,0.0,0.10333333333333333,0.6660594422027301,0
output,output::2.0|15.75|25.0,2.0|15.75|25.0,1,6.300000000000001e-08,6.300000000000001e-08,0.0,,2.0,15.75,25.0,76.75372220165245,1195.8063089149898,0.0,0.0,0.0,0.0,0.0,0.0,0.105,0.6674236713187169,0
output,output::2.0|16.0|25.0,2.0|16.0|25.0,1,6.4e-08,6.4e-08,0.0,,2.0,16.0,25.0,76.91072387341593,1217.406382987022,0.0,0.0,0.0,0.0,0.0,0.0,0.10666666666666667,0.6687889032470951,0
output,output::2.0|16.25|25.0,2.0|16.25|25.0,1,6.5e-08,6.5e-08,0.0,,2.0,16.25,25.0,77.06783806374155,1239.08840614228,0.0,0.0,0.0,0.0,0.0,0.0,0.10833333333333334,0.6701551135977526,0
output,output::2.0|16.5|25.0,2.0|16.5|25.0,1,6.600000000000001e-08,6.600000000000001e-08,0.0,,2.0,16.5,25.0,77.22506205799363,1260.852379191871,0.0,0.0,0.0,0.0,0.0,0.0,0.11,0.6715222787651619,0
output,output::2.0|16.75|25.0,2.0|16.75|25.0,1,6.7e-08,6.7e-08,0.0,,2.0,16.75,25.0,77.38239322816466,1282.6983029065077,0.0,0.0,0.0,0.0,0.0,0.0,0.11166666666666666,0.672890375897084,0
output,output::2.0|17.0|25.0,2.0|17.0|25.0,1,6.8e-08,6.8e-08,0.0,,2.0,17.0,25.0,77.53982902944713,1304.6261780189932,0.0,0.0,0.0,0.0,0.0,0.0,0.11333333333333333,0.6742593828647577,0
output,output::2.0|17.25|25.0,2.0|17.25|25.0,1,6.900000000000001e-08,6.900000000000001e-08,0.0,,2.0,17.25,25.0,77.69736699696671,1326.6360052265204,0.0,0.0,0.0,0.0,0.0,0.0,0.115,0.6756292782344931,0
output,output::2.0|17.5|25.0,2.0|17.5|25.0,1,7e-08,7e-08,0.0,,2.0,17.5,25.0,77.85500474266841,1348.7277851928136,0.0,0.0,0.0,0.0,0.0,0.0,0.11666666666666667,0.6770000412405949,0
output,output::2.0|17.75|25.0,2.0|17.75|25.0,1,7.1e-08,7.1e-08,0.0,,2.0,17.75,25.0,78.01273995234699,1370.9015185501087,0.0,0.0,0.0,0.0,0.0,0.0,0.11833333333333333,0.6783716517595391,0
output,output::2.0|18.0|25.0,2.0|18.0|25.0,1,7.200000000000001e-08,7.200000000000001e-08,0.0,,2.0,18.0,25.0,78.17057038281423,1393.1572059010016,0.0,0.0,0.0,0.0,0.0,0.0,0.12,0.6797440902853411,0
output,output::2.0|18.25|25.0,2.0|18.25|25.0,1,7.3e-08,7.3e-08,0.0,,2.0,18.25,25.0,78.32849385919548,1415.4948478201638,0.0,0.0,0.0,0.0,0.0,0.0,0.12166666666666667,0.6811173379060476,0
output,output::2.0|18.5|25.0,2.0|18.5|25.0,1,7.4e-08,7.4e-08,0.0,,2.0,18.5,25.0,78.48650827234866,1437.9144448559412,0.0,0.0,0.0,0.0,0.0,0.0,0.12333333333333334,0.6824913762812926,0
output,output::2.0|18.75|25.0,2.0|18.75|25.0,1,7.500000000000001e-08,7.500000000000001e-08,0.0,,2.0,18.75,25.0,78.6446115763998,1460.4159975318455,0.0,0.0,0.0,0.0,0.0,0.0,0.125,0.6838661876208678,0
output,output::2.0|19.0|25.0,2.0|19.0|25.0,1,7.6e-08,7.6e-08,0.0,,2.0,19.0,25.0,78.80280178638816,1482.9995063479437,0.0,0.0,0.0,0.0,0.0,0.0,0.12666666666666668,0.6852417546642449,0
output,output::2.0|19.25|25.0,2.0|19.25|25.0,1,7.7e-08,7.7e-08,0.0,,2.0,19.25,25.0,78.96107697601605,1505.6649717821551,0.0,0.0,0.0,0.0,0.0,0.0,0.12833333333333333,0.686618060661009,0
output,output::2.0|19.5|25.0,2.0|19.5|25.0,1,7.800000000000001e-08,7.800000000000001e-08,0.0,,2.0,19.5,25.0,79.11943527549758,1528.4123942914669,0.0,0.0,0.0,0.0,0.0,0.0,0.13,0.6879950893521528,0
output,output::2.0|19.75|25.0,2.0|19.75|25.0,1,7.9e-08,7.9e-08,0.0,,2.0,19.75,25.0,79.27787486950137,1551.2417743130634,0.0,0.0,0.0,0.0,0.0,0.0,0.13166666666666665,0.6893728249521859,0
output,output::2.0|20.0|25.0,2.0|20.0|25.0,1,8e-08,8e-08,0.0,,2.0,20.0,25.0,79.43639399518246,1574.1531122653912,0.0,0.0,0.0,0.0,0.0,0.0,0.13333333333333333,0.6907512521320214,0
output,output::3.0|0.0|25.0,3.0|0.0|25.0,1,8.100000000000001e-08,8.100000000000001e-08,0.0,,3.0,0.0,25.0,0.4469647079792594,0.0,0.0,0.0,0.0,0.0,0.0,0.0,0.0,0.0038866496346022556,0
output,output::3.0|0.25|25.0,3.0|0.25|25.0,1,8.2e-08,8.2e-08,0.0,,3.0,0.25,25.0,73.766321810921,18.03356915366546,0.0,0.0,0.0,0.0,0.0,0.0,0.0016666666666666668,0.6414462766167044,0
output,output::3.0|0.5|25.0,3.0|0.5|25.0,1,8.3e-08,8.3e-08,0.0,,3.0,0.5,25.0,135.95673004455332,67.1733333572904,0.0,0.0,0.0,0.0,0.0,0.0,0.0033333333333333335,1.1822324351700289,1
output,output::3.0|0.75|25.0,3.0|0.75|25.0,1,8.400000000000001e-08,8.400000000000001e-08,0.0,,3.0,0.75,25.0,188.26101328582257,140.00461915186114,0.0,0.0,0.0,0.0,0.0,0.0,0.005,1.6370522894419355,1
output,output::3.0|1.0|25.0,3.0|1.0|25.0,1,8.500000000000001e-08,8.500000000000001e-08,0.0,,3.0,1.0,25.0,230.6032277749934,229.03671039687754,0.0,0.0,0.0,0.0,0.0,0.0,0.006666666666666667,2.0052454589129862,1
output,output::3.0|1.25|25.0,3.0|1.25|25.0,1,8.6e-08,8.6e-08,0.0,,3.0,1.25,25.0,262.9074325972362,326.70288758547093,0.0,0.0,0.0,0.0,0.0,0.0,0.008333333333333333,2.286151587802054,1
output,output::3.0|1.5|25.0,3.0|1.5|25.0,1,8.700000000000001e-08,8.700000000000001e-08,0.0,,3.0,1.5,25.0,285.0976894644233,425.36045494913395,0.0,0.0,0.0,0.0,0.0,0.0,0.01,2.479110343168898,1
output,output::3.0|1.75|25.0,3.0|1.75|25.0,1,8.800000000000001e-08,8.800000000000001e-08,0.0,,3.0,1.75,25.0,294.3256258511713,512.4389953971852,0.0,0.0,0.0,0.0,0.0,0.0,0.011666666666666667,2.559353268271055,1
output,output::3.0|2.0|25.0,3.0|2.0|25.0,1,8.9e-08,8.9e-08,0.0,,3.0,2.0,25.0,295.0211480806934,587.0762649492115,0.0,0.0,0.0,0.0,0.0,0.0,0.013333333333333334,2.5654012876582035,1
output,output::3.0|2.25|25.0,3.0|2.25|25.0,1,9.000000000000001e-08,9.000000000000001e-08,0.0,,3.0,2.25,25.0,295.71737599827446,662.0721519163196,0.0,0.0,0.0,0.0,0.0,0.0,0.015,2.571455443463256,1
output,output::3.0|2.5|25.0,3.0|2.5|25.0,1,9.100000000000001e-08,9.100000000000001e-08,0.0,,3.0,2.5,25.0,296.41427862871467,737.4267881837027,0.0,0.0,0.0,0.0,0.0,0.0,0.016666666666666666,2.5775154663366493,1
output,output::3.0|2.75|25.0,3.0|2.75|25.0,1,9.2e-08,9.2e-08,0.0,,3.0,2.75,25.0,297.11182678344784,813.1402839438891,0.0,0.0,0.0,0.0,0.0,0.0,0.018333333333333333,2.583581102464764,1
output,output::3.0|3.0|25.0,3.0|3.0|25.0,1,9.300000000000001e-08,9.300000000000001e-08,0.0,,3.0,3.0,25.0,297.8099929335709,889.2127319806377,0.0,0.0,0.0,0.0,0.0,0.0,0.02,2.589652112465834,1
output,output::3.0|3.25|25.0,3.0|3.25|25.0,1,9.400000000000001e-08,9.400000000000001e-08,0.0,,3.0,3.25,25.0,298.5087510935451,965.6442109762186,0.0,0.0,0.0,0.0,0.0,0.0,0.021666666666666667,2.5957282703786526,1
output,output::3.0|3.5|25.0,3.0|3.5|25.0,1,9.5e-08,9.5e-08,0.0,,3.0,3.5,25.0,299.20807671453787,1042.4347880923215,0.0,0.0,0.0,0.0,0.0,0.0,0.023333333333333334,2.601809362735112,1
output,output::3.0|3.75|25.0,3.0|3.75|25.0,1,9.600000000000001e-08,9.600000000000001e-08,0.0,,3.0,3.75,25.0,299.9079465864886,1119.5845210041382,0.0,0.0,0.0,0.0,0.0,0.0,0.025,2.6078951877085967,1
output,output::3.0|4.0|25.0,3.0|4.0|25.0,1,9.700000000000001e-08,9.700000000000001e-08,0.0,,3.0,4.0,25.0,300.6083387480754,1197.0934595181777,0.0,0.0,0.0,0.0,0.0,0.0,0.02666666666666667,2.613985554331091,1
output,output::3.0|4.25|25.0,3.0|4.25|25.0,1,9.8e-08,9.8e-08,0.0,,3.0,4.25,25.0,301.30923240385135,1274.9616468699214,0.0,0.0,0.0,0.0,0.0,0.0,0.028333333333333332,2.6200802817726205,1
output,output::3.0|4.5|25.0,3.0|4.5|25.0,1,9.9e-08,9.9e-08,0.0,,3.0,4.5,25.0,302.0106078478916,1353.1891207728756,0.0,0.0,0.0,0.0,0.0,0.0,0.03,2.626179198677318,1
output,output::3.0|4.75|25.0,3.0|4.75|25.0,1,1.0000000000000001e-07,1.0000000000000001e-07,0.0,,3.0,4.75,25.0,302.7124463933644,1431.7759142728694,0.0,0.0,0.0,0.0,0.0,0.0,0.03166666666666667,2.632282142550995,1
output,output::3.0|5.0|25.0,3.0|5.0|25.0,1,1.01e-07,1.01e-07,0.0,,3.0,5.0,25.0,303.41473030749324,1510.7220564485076,0.0,0.0,0.0,0.0,0.0,0.0,0.03333333333333333,2.6383889591955936,1
output,output::3.0|5.25|25.0,3.0|5.25|25.0,1,1.02e-07,1.02e-07,0.0,,3.0,5.25,25.0,304.1174427514393,1590.0275729891684,0.0,0.0,0.0,0.0,0.0,0.0,0.035,2.6444995021864286,1
output,output::3.0|5.5|25.0,3.0|5.5|25.0,1,1.0300000000000001e-07,1.0300000000000001e-07,0.0,,3.0,5.5,25.0,304.8205677246707,1669.6924866748059,0.0,0.0,0.0,0.0,0.0,0.0,0.03666666666666667,2.6506136323884406,1
output,output::3.0|5.75|25.0,3.0|5.75|25.0,1,1.04e-07,1.04e-07,0.0,,3.0,5.75,25.0,305.52409001343705,1749.71681777649,0.0,0.0,0.0,0.0,0.0,0.0,0.03833333333333333,2.656731217508148,1
output,output::3.0|6.0|25.0,3.0|6.0|25.0,1,1.05e-07,1.05e-07,0.0,,3.0,6.0,25.0,306.2279951429967,1830.1005843925464,0.0,0.0,0.0,0.0,0.0,0.0,0.04,2.662852131678232,1
output,output::3.0|6.25|25.0,3.0|6.25|25.0,1,1.0600000000000001e-07,1.0600000000000001e-07,0.0,,3.0,6.25,25.0,306.93226933328344,1910.8438027320678,0.0,0.0,0.0,0.0,0.0,0.0,0.041666666666666664,2.66897625507203,1
output,output::3.0|6.5|25.0,3.0|6.5|25.0,1,1.07e-07,1.07e-07,0.0,,3.0,6.5,25.0,307.6368994577275,1991.946487355157,0.0,0.0,0.0,0.0,0.0,0.0,0.043333333333333335,2.6751034735454566,1
output,output::3.0|6.75|25.0,3.0|6.75|25.0,1,1.08e-07,1.08e-07,0.0,,3.0,6.75,25.0,308.3418730049702,2073.408651377422,0.0,0.0,0.0,0.0,0.0,0.0,0.045,2.6812336783040887,1
output,output::3.0|7.0|25.0,3.0|7.0|25.0,1,1.0900000000000001e-07,1.0900000000000001e-07,0.0,,3.0,7.0,25.0,309.04717804323974,2155.230306644771,0.0,0.0,0.0,0.0,0.0,0.0,0.04666666666666667,2.687366765593389,1
output,output::3.0|7.25|25.0,3.0|7.25|25.0,1,1.1e-07,1.1e-07,0.0,,3.0,7.25,25.0,309.75280318717415,2237.411463883434,0.0,0.0,0.0,0.0,0.0,0.0,0.04833333333333333,2.69350263641021,1
output,output::3.0|7.5|25.0,3.0|7.5|25.0,1,1.11e-07,1.11e-07,0.0,,3.0,7.5,25.0,310.45873756689696,2319.9521328291953,0.0,0.0,0.0,0.0,0.0,0.0,0.05,2.6996411962338867,1
output,output::3.0|7.75|25.0,3.0|7.75|25.0,1,1.1200000000000001e-07,1.1200000000000001e-07,0.0,,3.0,7.75,25.0,311.1649707991698,2402.852322339135,0.0,0.0,0.0,0.0,0.0,0.0,0.051666666666666666,2.7057823547753896,1
output,output::3.0|8.0|25.0,3.0|8.0|25.0,1,1.13e-07,1.13e-07,0.0,,3.0,8.0,25.0,311.8714929604609,2486.1120404885783,0.0,0.0,0.0,0.0,0.0,0.0,0.05333333333333334,2.7119260257431383,1
output,output::3.0|8.25|25.0,3.0|8.25|25.0,1,1.14e-07,1.14e-07,0.0,,3.0,8.25,25.0,312.5782945617818,2569.7312946554785,0.0,0.0,0.0,0.0,0.0,0.0,0.055,2.718072126624189,1
output,output::3.0|8.5|25.0,3.0|8.5|25.0,1,1.1500000000000001e-07,1.1500000000000001e-07,0.0,,3.0,8.5,25.0,313.2853665251605,2653.7100915941132,0.0,0.0,0.0,0.0,0.0,0.0,0.056666666666666664,2.7242205784796565,1
output,output::3.0|8.75|25.0,3.0|8.75|25.0,1,1.16e-07,1.16e-07,0.0,,3.0,8.75,25.0,313.9927001616249,2738.048437499616,0.0,0.0,0.0,0.0,0.0,0.0,0.058333333333333334,2.73037130575326,1
output,output::3.0|9.0|25.0,3.0|9.0|25.0,1,1.17e-07,1.17e-07,0.0,,3.0,9.0,25.0,314.70028715058834,2822.746338064665,0.0,0.0,0.0,0.0,0.0,0.0,0.06,2.7365242360920723,1
output,output::3.0|9.25|25.0,3.0|9.25|25.0,1,1.1800000000000001e-07,1.1800000000000001e-07,0.0,,3.0,9.25,25.0,315.40811952053025,2907.8037985294086,0.0,0.0,0.0,0.0,0.0,0.0,0.06166666666666667,2.742679300178524,1
output,output::3.0|9.5|25.0,3.0|9.5|25.0,1,1.1900000000000001e-07,1.1900000000000001e-07,0.0,,3.0,9.5,25.0,316.1161896308821,2993.2208237255586,0.0,0.0,0.0,0.0,0.0,0.0,0.06333333333333334,2.748836431572888,1
output,output::3.0|9.75|25.0,3.0|9.75|25.0,1,1.2000000000000002e-07,1.2000000000000002e-07,0.0,,3.0,9.75,25.0,316.82449015502834,3078.9974181154225,0.0,0.0,0.0,0.0,0.0,0.0,0.065,2.754995566565464,1
output,output::3.0|10.0|25.0,3.0|10.0|25.0,1,1.21e-07,1.21e-07,0.0,,3.0,10.0,25.0,317.5330140643449,3165.133585826541,0.0,0.0,0.0,0.0,0.0,0.0,0.06666666666666667,2.761156644037782,1
output,output::3.0|10.25|25.0,3.0|10.25|25.0,1,1.22e-07,1.22e-07,0.0,,3.0,10.25,25.0,318.24175461320146,3251.629330682509,0.0,0.0,0.0,0.0,0.0,0.0,0.06833333333333333,2.7673196053321867,1
output,output::3.0|10.5|25.0,3.0|10.5|25.0,1,1.23e-07,1.23e-07,0.0,,3.0,10.5,25.0,318.95070532486085,3338.484656230441,0.0,0.0,0.0,0.0,0.0,0.0,0.07,2.7734843941292247,1
output,output::3.0|10.75|25.0,3.0|10.75|25.0,1,1.24e-07,1.24e-07,0.0,,3.0,10.75,25.0,319.6598599782131,3425.699565765523,0.0,0.0,0.0,0.0,0.0,0.0,0.07166666666666667,2.7796509563322878,1
output,output::3.0|11.0|25.0,3.0|11.0|25.0,1,1.2500000000000002e-07,1.2500000000000002e-07,0.0,,3.0,11.0,25.0,320.3692125952871,3513.2740623529876,0.0,0.0,0.0,0.0,0.0,0.0,0.07333333333333333,2.785819239959018,1
output,output::3.0|11.25|25.0,3.0|11.25|25.0,1,1.2600000000000002e-07,1.2600000000000002e-07,0.0,,3.0,11.25,25.0,321.0787574294871,3601.2081488478234,0.0,0.0,0.0,0.0,0.0,0.0,0.075,2.7919891950390183,1
output,output::3.0|11.5|25.0,3.0|11.5|25.0,1,1.27e-07,1.27e-07,0.0,,3.0,11.5,25.0,321.78848895450625,3689.5018279125056,0.0,0.0,0.0,0.0,0.0,0.0,0.07666666666666666,2.798160773517446,1
output,output::3.0|11.75|25.0,3.0|11.75|25.0,1,1.28e-07,1.28e-07,0.0,,3.0,11.75,25.0,322.4984018538707,3778.1551020329466,0.0,0.0,0.0,0.0,0.0,0.0,0.07833333333333334,2.804333929164093,1
output,output::3.0|12.0|25.0,3.0|12.0|25.0,1,1.29e-07,1.29e-07,0.0,,3.0,12.0,25.0,323.2084910110746,3867.1679735328967,0.0,0.0,0.0,0.0,0.0,0.0,0.08,2.8105086174876055,1
output,output::3.0|12.25|25.0,3.0|12.25|25.0,1,1.3e-07,1.3e-07,0.0,,3.0,12.25,25.0,323.9187515002656,3956.5404445869526,0.0,0.0,0.0,0.0,0.0,0.0,0.08166666666666667,2.8166847956544836,1
output,output::3.0|12.5|25.0,3.0|12.5|25.0,1,1.31e-07,1.31e-07,0.0,,3.0,12.5,25.0,324.62917857744657,4046.2725172323385,0.0,0.0,0.0,0.0,0.0,0.0,0.08333333333333333,2.822862422412579,1
output,output::3.0|12.75|25.0,3.0|12.75|25.0,1,1.3200000000000002e-07,1.3200000000000002e-07,0.0,,3.0,12.75,25.0,325.33976767216035,4136.364193379583,0.0,0.0,0.0,0.0,0.0,0.0,0.085,2.8290414580187857,1
output,output::3.0|13.0|25.0,3.0|13.0|25.0,1,1.33e-07,1.33e-07,0.0,,3.0,13.0,25.0,326.05051437962595,4226.815474822217,0.0,0.0,0.0,0.0,0.0,0.0,0.08666666666666667,2.8352218641706606,1
output,output::3.0|13.25|25.0,3.0|13.25|25.0,1,1.34e-07,1.34e-07,0.0,,3.0,13.25,25.0,326.76141445329944,4317.626363245595,0.0,0.0,0.0,0.0,0.0,0.0,0.08833333333333333,2.841403603941734,1
output,output::3.0|13.5|25.0,3.0|13.5|25.0,1,1.35e-07,1.35e-07,0.0,,3.0,13.5,25.0,327.47246379783076,4408.796860234929,0.0,0.0,0.0,0.0,0.0,0.0,0.09,2.8475866417202673,1
output,output::3.0|13.75|25.0,3.0|13.75|25.0,1,1.36e-07,1.36e-07,0.0,,3.0,13.75,25.0,328.18365846239493,4500.326967282622,0.0,0.0,0.0,0.0,0.0,0.0,0.09166666666666666,2.85377094315126,1
output,output::3.0|14.0|25.0,3.0|14.0|25.0,1,1.37e-07,1.37e-07,0.0,,3.0,14.0,25.0,328.8949946343724,4592.216685794956,0.0,0.0,0.0,0.0,0.0,0.0,0.09333333333333334,2.859956475081499,1
output,output::3.0|14.25|25.0,3.0|14.25|25.0,1,1.3800000000000002e-07,1.3800000000000002e-07,0.0,,3.0,14.25,25.0,329.60646863335757,4684.466017098217,0.0,0.0,0.0,0.0,0.0,0.0,0.095,2.866143205507457,1
output,output::3.0|14.5|25.0,3.0|14.5|25.0,1,1.3900000000000001e-07,1.3900000000000001e-07,0.0,,3.0,14.5,25.0,330.3180769054775,4777.074962444309,0.0,0.0,0.0,0.0,0.0,0.0,0.09666666666666666,2.872331103525891,1
output,output::3.0|14.75|25.0,3.0|14.75|25.0,1,1.4e-07,1.4e-07,0.0,,3.0,14.75,25.0,331.02981601800025,4870.043523015887,0.0,0.0,0.0,0.0,0.0,0.0,0.09833333333333333,2.878520139286959,1
output,output::3.0|15.0|25.0,3.0|15.0|25.0,1,1.41e-07,1.41e-07,0.0,,3.0,15.0,25.0,331.74168265421685,4963.371699931091,0.0,0.0,0.0,0.0,0.0,0.0,0.1,2.884710283949712,1
output,output::3.0|15.25|25.0,3.0|15.25|25.0,1,1.42e-07,1.42e-07,0.0,,3.0,15.25,25.0,332.45367360858086,5057.059494247877,0.0,0.0,0.0,0.0,0.0,0.0,0.10166666666666667,2.8909015096398334,1
output,output::3.0|15.5|25.0,3.0|15.5|25.0,1,1.43e-07,1.43e-07,0.0,,3.0,15.5,25.0,333.165785782089,5151.106906968013,0.0,0.0,0.0,0.0,0.0,0.0,0.10333333333333333,2.8970937894094697,1
output,output::3.0|15.75|25.0,3.0|15.75|25.0,1,1.4400000000000002e-07,1.4400000000000002e-07,0.0,,3.0,15.75,25.0,333.87801617789233,5245.5139390407685,0.0,0.0,0.0,0.0,0.0,0.0,0.105,2.9032870971990636,1
output,output::3.0|16.0|25.0,3.0|16.0|25.0,1,1.4500000000000001e-07,1.4500000000000001e-07,0.0,,3.0,16.0,25.0,334.5903618971207,5340.280591366298,0.0,0.0,0.0,0.0,0.0,0.0,0.10666666666666667,2.90948140780105,1
output,output::3.0|16.25|25.0,3.0|16.25|25.0,1,1.46e-07,1.46e-07,0.0,,3.0,16.25,25.0,335.30282013491126,5435.406864798788,0.0,0.0,0.0,0.0,0.0,0.0,0.10833333333333334,2.915676696825315,1
output,output::3.0|16.5|25.0,3.0|16.5|25.0,1,1.47e-07,1.47e-07,0.0,,3.0,16.5,25.0,336.0153881766282,5530.8927601493415,0.0,0.0,0.0,0.0,0.0,0.0,0.11,2.9218729406663324,1
output,output::3.0|16.75|25.0,3.0|16.75|25.0,1,1.48e-07,1.48e-07,0.0,,3.0,16.75,25.0,336.72806339426415,5626.7382781886745,0.0,0.0,0.0,0.0,0.0,0.0,0.11166666666666666,2.9280701164718623,1
output,output::3.0|17.0|25.0,3.0|17.0|25.0,1,1.49e-07,1.49e-07,0.0,,3.0,17.0,25.0,337.4408432430114,5722.943419649587,0.0,0.0,0.0,0.0,0.0,0.0,0.11333333333333333,2.9342682021131425,1
output,output::3.0|17.25|25.0,3.0|17.25|25.0,1,1.5000000000000002e-07,1.5000000000000002e-07,0.0,,3.0,17.25,25.0,338.15372525799586,5819.508185229274,0.0,0.0,0.0,0.0,0.0,0.0,0.115,2.940467176156486,1
output,output::3.0|17.5|25.0,3.0|17.5|25.0,1,1.5100000000000002e-07,1.5100000000000002e-07,0.0,,3.0,17.5,25.0,338.86670705116256,5916.4325755914615,0.0,0.0,0.0,0.0,0.0,0.0,0.11666666666666667,2.9466670178361962,1
output,output::3.0|17.75|25.0,3.0|17.75|25.0,1,1.52e-07,1.52e-07,0.0,,3.0,17.75,25.0,339.5797863083059,6013.716591368381,0.0,0.0,0.0,0.0,0.0,0.0,0.11833333333333333,2.952867707028747,1
output,output::3.0|18.0|25.0,3.0|18.0|25.0,1,1.53e-07,1.53e-07,0.0,,3.0,18.0,25.0,340.29296078623804,6111.360233162631,0.0,0.0,0.0,0.0,0.0,0.0,0.12,2.959069224228157,1
output,output::3.0|18.25|25.0,3.0|18.25|25.0,1,1.54e-07,1.54e-07,0.0,,3.0,18.25,25.0,341.00622831008417,6209.3635015488835,0.0,0.0,0.0,0.0,0.0,0.0,0.12166666666666667,2.965271550522471,1
output,output::3.0|18.5|25.0,3.0|18.5|25.0,1,1.55e-07,1.55e-07,0.0,,3.0,18.5,25.0,341.7195867707023,6307.726397075483,0.0,0.0,0.0,0.0,0.0,0.0,0.12333333333333334,2.971474667571324,1
output,output::3.0|18.75|25.0,3.0|18.75|25.0,1,1.5600000000000002e-07,1.5600000000000002e-07,0.0,,3.0,18.75,25.0,342.4330341222183,6406.448920265943,0.0,0.0,0.0,0.0,0.0,0.0,0.125,2.977678557584507,1
output,output::3.0|19.0|25.0,3.0|19.0|25.0,1,1.5700000000000002e-07,1.5700000000000002e-07,0.0,,3.0,19.0,25.0,343.1465683796716,6505.531071620328,0.0,0.0,0.0,0.0,0.0,0.0,0.12666666666666668,2.983883203301492,1
output,output::3.0|19.25|25.0,3.0|19.25|25.0,1,1.58e-07,1.58e-07,0.0,,3.0,19.25,25.0,343.8601876167643,6604.972851616559,0.0,0.0,0.0,0.0,0.0,0.0,0.12833333333333333,2.9900885879718633,1
output,output::3.0|19.5|25.0,3.0|19.5|25.0,1,1.59e-07,1.59e-07,0.0,,3.0,19.5,25.0,344.57388996371077,6704.774260711623,0.0,0.0,0.0,0.0,0.0,0.0,0.13,2.996294695336615,1
output,output::3.0|19.75|25.0,3.0|19.75|25.0,1,1.6e-07,1.6e-07,0.0,,3.0,19.75,25.0,345.2876736051793,6804.935299342704,0.0,0.0,0.0,0.0,0.0,0.0,0.13166666666666665,3.0025015096102545,1
output,output::3.0|20.0|25.0,3.0|20.0|25.0,1,1.61e-07,1.61e-07,0.0,,3.0,20.0,25.0,346.0015367783254,6905.455967928249,0.0,0.0,0.0,0.0,0.0,0.0,0.13333333333333333,3.008709015463699,1
output,output::4.0|0.0|25.0,4.0|0.0|25.0,1,1.6200000000000002e-07,1.6200000000000002e-07,0.0,,4.0,0.0,25.0,0.4469647079792594,0.0,0.0,0.0,0.0,0.0,0.0,0.0,0.0,0.0038866496346022556,0
output,output::4.0|0.25|25.0,4.0|0.25|25.0,1,1.6300000000000002e-07,1.6300000000000002e-07,0.0,,4.0,0.25,25.0,114.34679460884846,28.178687353147325,0.0,0.0,0.0,0.0,0.0,0.0,0.0016666666666666668,0.9943199531204213,0
output,output::4.0|0.5|25.0,4.0|0.5|25.0,1,1.64e-07,1.64e-07,0.0,,4.0,0.5,25.0,217.32007201346522,107.85500434174635,0.0,0.0,0.0,0.0,0.0,0.0,0.0033333333333333335,1.889739756638828,1
output,output::4.0|0.75|25.0,4.0|0.75|25.0,1,1.65e-07,1.65e-07,0.0,,4.0,0.75,25.0,310.609620798776,231.76607478657618,0.0,0.0,0.0,0.0,0.0,0.0,0.005,2.7009532243371828,1
output,output::4.0|1.0|25.0,4.0|1.0|25.0,1,1.66e-07,1.66e-07,0.0,,4.0,1.0,25.0,394.13949720504525,392.5729798269294,0.0,0.0,0.0,0.0,0.0,0.0,0.006666666666666667,3.427299975696046,1
output,output::4.0|1.25|25.0,4.0|1.25|25.0,1,1.67e-07,1.67e-07,0.0,,4.0,1.25,25.0,467.8337603174435,582.86079723573,0.0,0.0,0.0,0.0,0.0,0.0,0.008333333333333333,4.068119654934291,1
output,output::4.0|1.5|25.0,4.0|1.5|25.0,1,1.6800000000000002e-07,1.6800000000000002e-07,0.0,,4.0,1.5,25.0,531.6164718478428,795.1386285242635,0.0,0.0,0.0,0.0,0.0,0.0,0.01,4.6227519291116765,1
output,output::4.0|1.75|25.0,4.0|1.75|25.0,1,1.6900000000000002e-07,1.6900000000000002e-07,0.0,,4.0,1.75,25.0,568.3104177970791,991.9123813025238,0.0,0.0,0.0,0.0,0.0,0.0,0.011666666666666667,4.941829719974601,1
output,output::4.0|2.0|25.0,4.0|2.0|25.0,1,1.7000000000000001e-07,1.7000000000000001e-07,0.0,,4.0,2.0,25.0,569.6791213335936,1136.3922114550119,0.0,0.0,0.0,0.0,0.0,0.0,0.013333333333333334,4.9537314898573355,1
output,output::4.0|2.25|25.0,4.0|2.25|25.0,1,1.71e-07,1.71e-07,0.0,,4.0,2.25,25.0,571.0485305581669,1281.5672496760776,0.0,0.0,0.0,0.0,0.0,0.0,0.015,4.9656393961579735,1
output,output::4.0|2.5|25.0,4.0|2.5|25.0,1,1.72e-07,1.72e-07,0.0,,4.0,2.5,25.0,572.4186144955996,1427.4376278509149,0.0,0.0,0.0,0.0,0.0,0.0,0.016666666666666666,4.977553169526954,1
output,output::4.0|2.75|25.0,4.0|2.75|25.0,1,1.73e-07,1.73e-07,0.0,,4.0,2.75,25.0,573.7893439573253,1574.003456172052,0.0,0.0,0.0,0.0,0.0,0.0,0.018333333333333333,4.9894725561506545,1
output,output::4.0|3.0|25.0,4.0|3.0|25.0,1,1.7400000000000002e-07,1.7400000000000002e-07,0.0,,4.0,3.0,25.0,575.1606914144407,1721.264827423247,0.0,0.0,0.0,0.0,0.0,0.0,0.02,5.001397316647311,1
output,output::4.0|3.25|25.0,4.0|3.25|25.0,1,1.7500000000000002e-07,1.7500000000000002e-07,0.0,,4.0,3.25,25.0,576.532630881407,1869.2218202867705,0.0,0.0,0.0,0.0,0.0,0.0,0.021666666666666667,5.013327225055713,1
output,output::4.0|3.5|25.0,4.0|3.5|25.0,1,1.7600000000000001e-07,1.7600000000000001e-07,0.0,,4.0,3.5,25.0,577.9051378093924,2017.8745019243124,0.0,0.0,0.0,0.0,0.0,0.0,0.023333333333333334,5.02526206790776,1
output,output::4.0|3.75|25.0,4.0|3.75|25.0,1,1.77e-07,1.77e-07,0.0,,4.0,3.75,25.0,579.2781889883357,2167.222930011065,0.0,0.0,0.0,0.0,0.0,0.0,0.025,5.037201643376832,1
output,output::4.0|4.0|25.0,4.0|4.0|25.0,1,1.78e-07,1.78e-07,0.0,,4.0,4.0,25.0,580.6517624569148,2317.267154353535,0.0,0.0,0.0,0.0,0.0,0.0,0.02666666666666667,5.049145760494911,1
output,output::4.0|4.25|25.0,4.0|4.25|25.0,1,1.79e-07,1.79e-07,0.0,,4.0,4.25,25.0,582.025837419683,2468.0072181872065,0.0,0.0,0.0,0.0,0.0,0.0,0.028333333333333332,5.061094238432026,1
output,output::4.0|4.5|25.0,4.0|4.5|25.0,1,1.8000000000000002e-07,1.8000000000000002e-07,0.0,,4.0,4.5,25.0,583.4003941707158,2619.4431592255846,0.0,0.0,0.0,0.0,0.0,0.0,0.03,5.073046905832311,1
output,output::4.0|4.75|25.0,4.0|4.75|25.0,1,1.8100000000000002e-07,1.8100000000000002e-07,0.0,,4.0,4.75,25.0,584.775414023181,2771.575010514498,0.0,0.0,0.0,0.0,0.0,0.0,0.03166666666666667,5.085003600201574,1
output,output::4.0|5.0|25.0,4.0|5.0|25.0,1,1.8200000000000002e-07,1.8200000000000002e-07,0.0,,4.0,5.0,25.0,586.1508792443022,2924.402801132552,0.0,0.0,0.0,0.0,0.0,0.0,0.03333333333333333,5.096964167341759,1
output,output::4.0|5.25|25.0,4.0|5.25|25.0,1,1.83e-07,1.83e-07,0.0,,4.0,5.25,25.0,587.5267729952405,3077.9265567691255,0.0,0.0,0.0,0.0,0.0,0.0,0.035,5.108928460828179,1
output,output::4.0|5.5|25.0,4.0|5.5|25.0,1,1.84e-07,1.84e-07,0.0,,4.0,5.5,25.0,588.9030792754644,3232.1463002041714,0.0,0.0,0.0,0.0,0.0,0.0,0.03666666666666667,5.1208963415257776,1
output,output::4.0|5.75|25.0,4.0|5.75|25.0,1,1.85e-07,1.85e-07,0.0,,4.0,5.75,25.0,590.2797828712232,3387.06205170876,0.0,0.0,0.0,0.0,0.0,0.0,0.03833333333333333,5.132867677141071,1
output,output::4.0|6.0|25.0,4.0|6.0|25.0,1,1.8600000000000002e-07,1.8600000000000002e-07,0.0,,4.0,6.0,25.0,591.6568693077751,3542.673829381218,0.0,0.0,0.0,0.0,0.0,0.0,0.04,5.14484234180674,1
output,output::4.0|6.25|25.0,4.0|6.25|25.0,1,1.8700000000000002e-07,1.8700000000000002e-07,0.0,,4.0,6.25,25.0,593.0343248050546,3698.9816494306365,0.0,0.0,0.0,0.0,0.0,0.0,0.041666666666666664,5.1568202156961265,1
output,output::4.0|6.5|25.0,4.0|6.5|25.0,1,1.8800000000000002e-07,1.8800000000000002e-07,0.0,,4.0,6.5,25.0,594.4121362364909,3855.985526417119,0.0,0.0,0.0,0.0,0.0,0.0,0.043333333333333335,5.1688011846651385,1
output,output::4.0|6.75|25.0,4.0|6.75|25.0,1,1.89e-07,1.89e-07,0.0,,4.0,6.75,25.0,595.7902910907259,4013.6854734562726,0.0,0.0,0.0,0.0,0.0,0.0,0.045,5.180785139919355,1
output,output::4.0|7.0|25.0,4.0|7.0|25.0,1,1.9e-07,1.9e-07,0.0,,4.0,7.0,25.0,597.1687774359879,4172.081502394009,0.0,0.0,0.0,0.0,0.0,0.0,0.04666666666666667,5.1927719777042425,1
output,output::4.0|7.25|25.0,4.0|7.25|25.0,1,1.91e-07,1.91e-07,0.0,,4.0,7.25,25.0,598.5475838869147,4331.1736239565535,0.0,0.0,0.0,0.0,0.0,0.0,0.04833333333333333,5.20476159901665,1
output,output::4.0|7.5|25.0,4.0|7.5|25.0,1,1.9200000000000003e-07,1.9200000000000003e-07,0.0,,4.0,7.5,25.0,599.9266995736299,4490.961847879693,0.0,0.0,0.0,0.0,0.0,0.0,0.05,5.216753909335912,1
output,output::4.0|7.75|25.0,4.0|7.75|25.0,1,1.9300000000000002e-07,1.9300000000000002e-07,0.0,,4.0,7.75,25.0,601.3061141128951,4651.446183020506,0.0,0.0,0.0,0.0,0.0,0.0,0.051666666666666666,5.228748818373001,1
output,output::4.0|8.0|25.0,4.0|8.0|25.0,1,1.9400000000000002e-07,1.9400000000000002e-07,0.0,,4.0,8.0,25.0,602.6858175811788,4812.62663745432,0.0,0.0,0.0,0.0,0.0,0.0,0.05333333333333334,5.240746239836337,1
output,output::4.0|8.25|25.0,4.0|8.25|25.0,1,1.95e-07,1.95e-07,0.0,,4.0,8.25,25.0,604.0658004894922,4974.503218559088,0.0,0.0,0.0,0.0,0.0,0.0,0.055,5.252746091212975,1
output,output::4.0|8.5|25.0,4.0|8.5|25.0,1,1.96e-07,1.96e-07,0.0,,4.0,8.5,25.0,605.446053759863,5137.075933089085,0.0,0.0,0.0,0.0,0.0,0.0,0.056666666666666664,5.264748293564026,1
output,output::4.0|8.75|25.0,4.0|8.75|25.0,1,1.97e-07,1.97e-07,0.0,,4.0,8.75,25.0,606.8265687033199,5300.344787239446,0.0,0.0,0.0,0.0,0.0,0.0,0.058333333333333334,5.276752771333217,1
output,output::4.0|9.0|25.0,4.0|9.0|25.0,1,1.98e-07,1.98e-07,0.0,,4.0,9.0,25.0,608.2073369992758,5464.309786702852,0.0,0.0,0.0,0.0,0.0,0.0,0.06,5.288759452167615,1
output,output::4.0|9.25|25.0,4.0|9.25|25.0,1,1.9900000000000002e-07,1.9900000000000002e-07,0.0,,4.0,9.25,25.0,609.58835067621,5628.9709367194455,0.0,0.0,0.0,0.0,0.0,0.0,0.06166666666666667,5.300768266749652,1
output,output::4.0|9.5|25.0,4.0|9.5|25.0,1,2.0000000000000002e-07,2.0000000000000002e-07,0.0,,4.0,9.5,25.0,610.9696020935543,5794.328242120945,0.0,0.0,0.0,0.0,0.0,0.0,0.06333333333333334,5.312779148639603,1
output,output::4.0|9.75|25.0,4.0|9.75|25.0,1,2.01e-07,2.01e-07,0.0,,4.0,9.75,25.0,612.3510839246931,5960.381707369652,0.0,0.0,0.0,0.0,0.0,0.0,0.065,5.324792034127766,1
output,output::4.0|10.0|25.0,4.0|10.0|25.0,1,2.02e-07,2.02e-07,0.0,,4.0,10.0,25.0,613.732789141002,6127.131336593112,0.0,0.0,0.0,0.0,0.0,0.0,0.06666666666666667,5.336806862095669,1
output,output::4.0|10.25|25.0,4.0|10.25|25.0,1,2.03e-07,2.03e-07,0.0,,4.0,10.25,25.0,615.1147109968508,6294.577133614915,0.0,0.0,0.0,0.0,0.0,0.0,0.06833333333333333,5.348823573885659,1
output,output::4.0|10.5|25.0,4.0|10.5|25.0,1,2.04e-07,2.04e-07,0.0,,4.0,10.5,25.0,616.4968430155026,6462.719101982179,0.0,0.0,0.0,0.0,0.0,0.0,0.07,5.3608421131782835,1
output,output::4.0|10.75|25.0,4.0|10.75|25.0,1,2.0500000000000002e-07,2.0500000000000002e-07,0.0,,4.0,10.75,25.0,617.8791789758474,6631.557244990091,0.0,0.0,0.0,0.0,0.0,0.0,0.07166666666666667,5.372862425876933,1
output,output::4.0|11.0|25.0,4.0|11.0|25.0,1,2.0600000000000002e-07,2.0600000000000002e-07,0.0,,4.0,11.0,25.0,619.2617128999137,6801.0915657038795,0.0,0.0,0.0,0.0,0.0,0.0,0.07333333333333333,5.38488445999925,1
output,output::4.0|11.25|25.0,4.0|11.25|25.0,1,2.0700000000000001e-07,2.0700000000000001e-07,0.0,,4.0,11.25,25.0,620.6444390411061,6971.322066978537,0.0,0.0,0.0,0.0,0.0,0.0,0.075,5.396908165574835,1
output,output::4.0|11.5|25.0,4.0|11.5|25.0,1,2.08e-07,2.08e-07,0.0,,4.0,11.5,25.0,622.0273518731176,7142.248751476537,0.0,0.0,0.0,0.0,0.0,0.0,0.07666666666666666,5.408933494548848,1
output,output::4.0|11.75|25.0,4.0|11.75|25.0,1,2.09e-07,2.09e-07,0.0,,4.0,11.75,25.0,623.4104460794745,7313.871621683791,0.0,0.0,0.0,0.0,0.0,0.0,0.07833333333333334,5.420960400691082,1
output,output::4.0|12.0|25.0,4.0|12.0|25.0,1,2.1e-07,2.1e-07,0.0,,4.0,12.0,25.0,624.7937165436707,7486.190679924051,0.0,0.0,0.0,0.0,0.0,0.0,0.08,5.43298883951018,1
output,output::4.0|12.25|25.0,4.0|12.25|25.0,1,2.1100000000000002e-07,2.1100000000000002e-07,0.0,,4.0,12.25,25.0,626.1771583398543,7659.205928371914,0.0,0.0,0.0,0.0,0.0,0.0,0.08166666666666667,5.445018768172646,1
output,output::4.0|12.5|25.0,4.0|12.5|25.0,1,2.1200000000000002e-07,2.1200000000000002e-07,0.0,,4.0,12.5,25.0,627.5607667240275,7832.917369064602,0.0,0.0,0.0,0.0,0.0,0.0,0.08333333333333333,5.457050145426327,1
output,output::4.0|12.75|25.0,4.0|12.75|25.0,1,2.1300000000000001e-07,2.1300000000000001e-07,0.0,,4.0,12.75,25.0,628.9445371257336,8007.325003912643,0.0,0.0,0.0,0.0,0.0,0.0,0.085,5.469082931528119,1
output,output::4.0|13.0|25.0,4.0|13.0|25.0,1,2.14e-07,2.14e-07,0.0,,4.0,13.0,25.0,630.3284651401918,8182.428834709572,0.0,0.0,0.0,0.0,0.0,0.0,0.08666666666666667,5.481117088175581,1
output,output::4.0|13.25|25.0,4.0|13.25|25.0,1,2.15e-07,2.15e-07,0.0,,4.0,13.25,25.0,631.7125465208577,8358.228863140743,0.0,0.0,0.0,0.0,0.0,0.0,0.08833333333333333,5.493152578442241,1
output,output::4.0|13.5|25.0,4.0|13.5|25.0,1,2.16e-07,2.16e-07,0.0,,4.0,13.5,25.0,633.0967771723815,8534.725090791364,0.0,0.0,0.0,0.0,0.0,0.0,0.09,5.505189366716361,1
output,output::4.0|13.75|25.0,4.0|13.75|25.0,1,2.1700000000000002e-07,2.1700000000000002e-07,0.0,,4.0,13.75,25.0,634.4811531439381,8711.917519153838,0.0,0.0,0.0,0.0,0.0,0.0,0.09166666666666666,5.51722741864294,1
output,output::4.0|14.0|25.0,4.0|14.0|25.0,1,2.1800000000000002e-07,2.1800000000000002e-07,0.0,,4.0,14.0,25.0,635.8656706229079,8889.80614963445,0.0,0.0,0.0,0.0,0.0,0.0,0.09333333333333334,5.529266701068765,1
output,output::4.0|14.25|25.0,4.0|14.25|25.0,1,2.1900000000000002e-07,2.1900000000000002e-07,0.0,,4.0,14.25,25.0,637.2503259288854,9068.39098355949,0.0,0.0,0.0,0.0,0.0,0.0,0.095,5.541307181990308,1
output,output::4.0|14.5|25.0,4.0|14.5|25.0,1,2.2e-07,2.2e-07,0.0,,4.0,14.5,25.0,638.6351155079976,9247.672022180852,0.0,0.0,0.0,0.0,0.0,0.0,0.09666666666666666,5.553348830504327,1
output,output::4.0|14.75|25.0,4.0|14.75|25.0,1,2.21e-07,2.21e-07,0.0,,4.0,14.75,25.0,640.0200359275128,9427.6492666812,0.0,0.0,0.0,0.0,0.0,0.0,0.09833333333333333,5.565391616760981,1
output,output::4.0|15.0|25.0,4.0|15.0|25.0,1,2.22e-07,2.22e-07,0.0,,4.0,15.0,25.0,641.4050838707219,9608.322718178666,0.0,0.0,0.0,0.0,0.0,0.0,0.1,5.577435511919321,1
output,output::4.0|15.25|25.0,4.0|15.25|25.0,1,2.2300000000000002e-07,2.2300000000000002e-07,0.0,,4.0,15.25,25.0,642.7902561320783,9789.692377731213,0.0,0.0,0.0,0.0,0.0,0.0,0.10166666666666667,5.589480488105028,1
output,output::4.0|15.5|25.0,4.0|15.5|25.0,1,2.2400000000000002e-07,2.2400000000000002e-07,0.0,,4.0,15.5,25.0,644.1755496125788,9971.758246340605,0.0,0.0,0.0,0.0,0.0,0.0,0.10333333333333333,5.6015265183702505,1
output,output::4.0|15.75|25.0,4.0|15.75|25.0,1,2.2500000000000002e-07,2.2500000000000002e-07,0.0,,4.0,15.75,25.0,645.5609613153746,10154.520324956115,0.0,0.0,0.0,0.0,0.0,0.0,0.105,5.6135735766554316,1
output,output::4.0|16.0|25.0,4.0|16.0|25.0,1,2.26e-07,2.26e-07,0.0,,4.0,16.0,25.0,646.9464883415955,10337.978614477894,0.0,0.0,0.0,0.0,0.0,0.0,0.10666666666666667,5.625621637753004,1
output,output::4.0|16.25|25.0,4.0|16.25|25.0,1,2.27e-07,2.27e-07,0.0,,4.0,16.25,25.0,648.3321278863784,10522.133115760129,0.0,0.0,0.0,0.0,0.0,0.0,0.10833333333333334,5.6376706772728555,1
output,output::4.0|16.5|25.0,4.0|16.5|25.0,1,2.28e-07,2.28e-07,0.0,,4.0,16.5,25.0,649.7178772350876,10706.983829613922,0.0,0.0,0.0,0.0,0.0,0.0,0.11,5.649720671609457,1
output,output::4.0|16.75|25.0,4.0|16.75|25.0,1,2.2900000000000003e-07,2.2900000000000003e-07,0.0,,4.0,16.75,25.0,651.103733759716,10892.530756809992,0.0,0.0,0.0,0.0,0.0,0.0,0.11166666666666666,5.661771597910573,1
output,output::4.0|17.0|25.0,4.0|17.0|25.0,1,2.3000000000000002e-07,2.3000000000000002e-07,0.0,,4.0,17.0,25.0,652.4896949154559,11078.77389808114,0.0,0.0,0.0,0.0,0.0,0.0,0.11333333333333333,5.673823434047442,1
output,output::4.0|17.25|25.0,4.0|17.25|25.0,1,2.3100000000000002e-07,2.3100000000000002e-07,0.0,,4.0,17.25,25.0,653.8757582374325,11265.713254124554,0.0,0.0,0.0,0.0,0.0,0.0,0.115,5.685876158586369,1
output,output::4.0|17.5|25.0,4.0|17.5|25.0,1,2.32e-07,2.32e-07,0.0,,4.0,17.5,25.0,655.2619213375916,11453.348825603969,0.0,0.0,0.0,0.0,0.0,0.0,0.11666666666666667,5.697929750761666,1
output,output::4.0|17.75|25.0,4.0|17.75|25.0,1,2.33e-07,2.33e-07,0.0,,4.0,17.75,25.0,656.6481819017275,11641.680613151611,0.0,0.0,0.0,0.0,0.0,0.0,0.11833333333333333,5.709984190449805,1
output,output::4.0|18.0|25.0,4.0|18.0|25.0,1,2.34e-07,2.34e-07,0.0,,4.0,18.0,25.0,658.0345376866519,11830.708617370079,0.0,0.0,0.0,0.0,0.0,0.0,0.12,5.722039458144799,1
output,output::4.0|18.25|25.0,4.0|18.25|25.0,1,2.3500000000000003e-07,2.3500000000000003e-07,0.0,,4.0,18.25,25.0,659.4209865174906,12020.43283883405,0.0,0.0,0.0,0.0,0.0,0.0,0.12166666666666667,5.734095534934701,1
output,output::4.0|18.5|25.0,4.0|18.5|25.0,1,2.3600000000000002e-07,2.3600000000000002e-07,0.0,,4.0,18.5,25.0,660.807526285101,12210.853278091858,0.0,0.0,0.0,0.0,0.0,0.0,0.12333333333333334,5.746152402479138,1
output,output::4.0|18.75|25.0,4.0|18.75|25.0,1,2.3700000000000002e-07,2.3700000000000002e-07,0.0,,4.0,18.75,25.0,662.1941549436094,12401.969935667026,0.0,0.0,0.0,0.0,0.0,0.0,0.125,5.758210042987908,1
output,output::4.0|19.0|25.0,4.0|19.0|25.0,1,2.3800000000000001e-07,2.3800000000000001e-07,0.0,,4.0,19.0,25.0,663.580870508055,12593.782812059613,0.0,0.0,0.0,0.0,0.0,0.0,0.12666666666666668,5.770268439200478,1
output,output::4.0|19.25|25.0,4.0|19.25|25.0,1,2.39e-07,2.39e-07,0.0,,4.0,19.25,25.0,664.9676710521402,12786.291907747545,0.0,0.0,0.0,0.0,0.0,0.0,0.12833333333333333,5.782327574366437,1
output,output::4.0|19.5|25.0,4.0|19.5|25.0,1,2.4000000000000003e-07,2.4000000000000003e-07,0.0,,4.0,19.5,25.0,666.3545547060792,12979.497223187806,0.0,0.0,0.0,0.0,0.0,0.0,0.13,5.794387432226776,1
output,output::4.0|19.75|25.0,4.0|19.75|25.0,1,2.41e-07,2.41e-07,0.0,,4.0,19.75,25.0,667.7415196545401,13173.398758817577,0.0,0.0,0.0,0.0,0.0,0.0,0.13166666666666665,5.806447996996001,1
output,output::4.0|20.0|25.0,4.0|20.0|25.0,1,2.42e-07,2.42e-07,0.0,,4.0,20.0,25.0,669.1285641346784,13367.996515055309,0.0,0.0,0.0,0.0,0.0,0.0,0.13333333333333333,5.81850925334503,1
output,output::5.0|0.0|25.0,5.0|0.0|25.0,1,2.43e-07,2.43e-07,0.0,,5.0,0.0,25.0,0.4469647079792594,0.0,0.0,0.0,0.0,0.0,0.0,0.0,0.0,0.0038866496346022556,0
output,output::5.0|0.25|25.0,5.0|0.25|25.0,1,2.44e-07,2.44e-07,0.0,,5.0,0.25,25.0,154.9272674067759,38.32380555262919,0.0,0.0,0.0,0.0,0.0,0.0,0.0016666666666666668,1.3471936296241385,1
output,output::5.0|0.5|25.0,5.0|0.5|25.0,1,2.4500000000000004e-07,2.4500000000000004e-07,0.0,,5.0,0.5,25.0,298.6834139823771,148.5366753262023,0.0,0.0,0.0,0.0,0.0,0.0,0.0033333333333333335,2.597247078107627,1
output,output::5.0|0.75|25.0,5.0|0.75|25.0,1,2.46e-07,2.46e-07,0.0,,5.0,0.75,25.0,432.95822831172933,323.52753042129115,0.0,0.0,0.0,0.0,0.0,0.0,0.005,3.764854159232429,1
output,output::5.0|1.0|25.0,5.0|1.0|25.0,1,2.4700000000000003e-07,2.4700000000000003e-07,0.0,,5.0,1.0,25.0,557.675766635097,556.1092492569811,0.0,0.0,0.0,0.0,0.0,0.0,0.006666666666666667,4.8493544924791046,1
output,output::5.0|1.25|25.0,5.0|1.25|25.0,1,2.48e-07,2.48e-07,0.0,,5.0,1.25,25.0,672.7600880376507,839.018706885989,0.0,0.0,0.0,0.0,0.0,0.0,0.008333333333333333,5.850087722066528,1
output,output::5.0|1.5|25.0,5.0|1.5|25.0,1,2.49e-07,2.49e-07,0.0,,5.0,1.5,25.0,778.1352542312625,1164.9168020993927,0.0,0.0,0.0,0.0,0.0,0.0,0.01,6.766393515054457,1
output,output::5.0|1.75|25.0,5.0|1.75|25.0,1,2.5000000000000004e-07,2.5000000000000004e-07,0.0,,5.0,1.75,25.0,842.2952097429868,1471.3857672078623,0.0,0.0,0.0,0.0,0.0,0.0,0.011666666666666667,7.324306171678146,1
output,output::5.0|2.0|25.0,5.0|2.0|25.0,1,2.51e-07,2.51e-07,0.0,,5.0,2.0,25.0,844.3370945864937,1685.708157960812,0.0,0.0,0.0,0.0,0.0,0.0,0.013333333333333334,7.3420616920564665,1
output,output::5.0|2.25|25.0,5.0|2.25|25.0,1,2.5200000000000003e-07,2.5200000000000003e-07,0.0,,5.0,2.25,25.0,846.3796851180595,1901.0623474358358,0.0,0.0,0.0,0.0,0.0,0.0,0.015,7.359823348852691,1
output,output::5.0|2.5|25.0,5.0|2.5|25.0,1,2.53e-07,2.53e-07,0.0,,5.0,2.5,25.0,848.4229503624845,2117.448467518127,0.0,0.0,0.0,0.0,0.0,0.0,0.016666666666666666,7.377590872717256,1
output,output::5.0|2.75|25.0,5.0|2.75|25.0,1,2.54e-07,2.54e-07,0.0,,5.0,2.75,25.0,850.4668611312026,2334.8666284002143,0.0,0.0,0.0,0.0,0.0,0.0,0.018333333333333333,7.395364009836544,1
output,output::5.0|3.0|25.0,5.0|3.0|25.0,1,2.55e-07,2.55e-07,0.0,,5.0,3.0,25.0,852.5113898953103,2553.316922865856,0.0,0.0,0.0,0.0,0.0,0.0,0.02,7.413142520828786,1
output,output::5.0|3.25|25.0,5.0|3.25|25.0,1,2.56e-07,2.56e-07,0.0,,5.0,3.25,25.0,854.5565106692692,2772.799429597322,0.0,0.0,0.0,0.0,0.0,0.0,0.021666666666666667,7.430926179732776,1
output,output::5.0|3.5|25.0,5.0|3.5|25.0,1,2.5700000000000004e-07,2.5700000000000004e-07,0.0,,5.0,3.5,25.0,856.6021989042468,2993.3142157563034,0.0,0.0,0.0,0.0,0.0,0.0,0.023333333333333334,7.4487147730804075,1
output,output::5.0|3.75|25.0,5.0|3.75|25.0,1,2.58e-07,2.58e-07,0.0,,5.0,3.75,25.0,858.6484313901826,3214.8613390179908,0.0,0.0,0.0,0.0,0.0,0.0,0.025,7.4665080990450665,1
output,output::5.0|4.0|25.0,5.0|4.0|25.0,1,2.5900000000000003e-07,2.5900000000000003e-07,0.0,,5.0,4.0,25.0,860.6951861657541,3437.440849188892,0.0,0.0,0.0,0.0,0.0,0.0,0.02666666666666667,7.484305966658731,1
output,output::5.0|4.25|25.0,5.0|4.25|25.0,1,2.6e-07,2.6e-07,0.0,,5.0,4.25,25.0,862.7424424355147,3661.052789504491,0.0,0.0,0.0,0.0,0.0,0.0,0.028333333333333332,7.502108195091433,1
output,output::5.0|4.5|25.0,5.0|4.5|25.0,1,2.61e-07,2.61e-07,0.0,,5.0,4.5,25.0,864.7901804935399,3885.697197678293,0.0,0.0,0.0,0.0,0.0,0.0,0.03,7.519914612987304,1
output,output::5.0|4.75|25.0,5.0|4.75|25.0,1,2.62e-07,2.62e-07,0.0,,5.0,4.75,25.0,866.8383816529976,4111.374106756127,0.0,0.0,0.0,0.0,0.0,0.0,0.03166666666666667,7.537725057852152,1
output,output::5.0|5.0|25.0,5.0|5.0|25.0,1,2.63e-07,2.63e-07,0.0,,5.0,5.0,25.0,868.8870281811112,4338.083545816597,0.0,0.0,0.0,0.0,0.0,0.0,0.03333333333333333,7.555539375487923,1
output,output::5.0|5.25|25.0,5.0|5.25|25.0,1,2.6400000000000003e-07,2.6400000000000003e-07,0.0,,5.0,5.25,25.0,870.9361032390418,4565.825540549082,0.0,0.0,0.0,0.0,0.0,0.0,0.035,7.573357419469929,1
output,output::5.0|5.5|25.0,5.0|5.5|25.0,1,2.65e-07,2.65e-07,0.0,,5.0,5.5,25.0,872.9855908262581,4794.600113733537,0.0,0.0,0.0,0.0,0.0,0.0,0.03666666666666667,7.591179050663114,1
output,output::5.0|5.75|25.0,5.0|5.75|25.0,1,2.66e-07,2.66e-07,0.0,,5.0,5.75,25.0,875.0354757290095,5024.40728564103,0.0,0.0,0.0,0.0,0.0,0.0,0.03833333333333333,7.609004136773995,1
output,output::5.0|6.0|25.0,5.0|6.0|25.0,1,2.67e-07,2.67e-07,0.0,,5.0,6.0,25.0,877.0857434725536,5255.247074369889,0.0,0.0,0.0,0.0,0.0,0.0,0.04,7.626832551935249,1
output,output::5.0|6.25|25.0,5.0|6.25|25.0,1,2.68e-07,2.68e-07,0.0,,5.0,6.25,25.0,879.1363802768254,5487.119496129205,0.0,0.0,0.0,0.0,0.0,0.0,0.041666666666666664,7.644664176320221,1
output,output::5.0|6.5|25.0,5.0|6.5|25.0,1,2.6900000000000004e-07,2.6900000000000004e-07,0.0,,5.0,6.5,25.0,881.1873730152541,5720.02456547908,0.0,0.0,0.0,0.0,0.0,0.0,0.043333333333333335,7.662498895784819,1
output,output::5.0|6.75|25.0,5.0|6.75|25.0,1,2.7e-07,2.7e-07,0.0,,5.0,6.75,25.0,883.2387091764816,5953.962295535124,0.0,0.0,0.0,0.0,0.0,0.0,0.045,7.680336601534623,1
output,output::5.0|7.0|25.0,5.0|7.0|25.0,1,2.7100000000000003e-07,2.7100000000000003e-07,0.0,,5.0,7.0,25.0,885.290376828736,6188.932698143246,0.0,0.0,0.0,0.0,0.0,0.0,0.04666666666666667,7.698177189815096,1
output,output::5.0|7.25|25.0,5.0|7.25|25.0,1,2.72e-07,2.72e-07,0.0,,5.0,7.25,25.0,887.3423645866552,6424.9357840296725,0.0,0.0,0.0,0.0,0.0,0.0,0.04833333333333333,7.716020561623089,1
output,output::5.0|7.5|25.0,5.0|7.5|25.0,1,2.73e-07,2.73e-07,0.0,,5.0,7.5,25.0,889.3946615803628,6661.97156293019,0.0,0.0,0.0,0.0,0.0,0.0,0.05,7.7338666224379375,1
output,output::5.0|7.75|25.0,5.0|7.75|25.0,1,2.74e-07,2.74e-07,0.0,,5.0,7.75,25.0,891.4472574266205,6900.040043701878,0.0,0.0,0.0,0.0,0.0,0.0,0.051666666666666666,7.751715281970613,1
output,output::5.0|8.0|25.0,5.0|8.0|25.0,1,2.75e-07,2.75e-07,0.0,,5.0,8.0,25.0,893.5001422018964,7139.141234420062,0.0,0.0,0.0,0.0,0.0,0.0,0.05333333333333334,7.769566453929534,1
output,output::5.0|8.25|25.0,5.0|8.25|25.0,1,2.7600000000000004e-07,2.7600000000000004e-07,0.0,,5.0,8.25,25.0,895.5533064172023,7379.275142462697,0.0,0.0,0.0,0.0,0.0,0.0,0.055,7.787420055801759,1
output,output::5.0|8.5|25.0,5.0|8.5|25.0,1,2.77e-07,2.77e-07,0.0,,5.0,8.5,25.0,897.6067409945656,7620.441774584057,0.0,0.0,0.0,0.0,0.0,0.0,0.056666666666666664,7.805276008648397,1
output,output::5.0|8.75|25.0,5.0|8.75|25.0,1,2.7800000000000003e-07,2.7800000000000003e-07,0.0,,5.0,8.75,25.0,899.6604372450148,7862.641136979277,0.0,0.0,0.0,0.0,0.0,0.0,0.058333333333333334,7.823134236913172,1
output,output::5.0|9.0|25.0,5.0|9.0|25.0,1,2.79e-07,2.79e-07,0.0,,5.0,9.0,25.0,901.714386847963,8105.873235341037,0.0,0.0,0.0,0.0,0.0,0.0,0.06,7.840994668243157,1
output,output::5.0|9.25|25.0,5.0|9.25|25.0,1,2.8e-07,2.8e-07,0.0,,5.0,9.25,25.0,903.7685818318898,8350.138074909484,0.0,0.0,0.0,0.0,0.0,0.0,0.06166666666666667,7.858857233320781,1
output,output::5.0|9.5|25.0,5.0|9.5|25.0,1,2.8100000000000004e-07,2.8100000000000004e-07,0.0,,5.0,9.5,25.0,905.8230145562264,8595.43566051633,0.0,0.0,0.0,0.0,0.0,0.0,0.06333333333333334,7.876721865706317,1
output,output::5.0|9.75|25.0,5.0|9.75|25.0,1,2.82e-07,2.82e-07,0.0,,5.0,9.75,25.0,907.8776776943575,8841.76599662388,0.0,0.0,0.0,0.0,0.0,0.0,0.065,7.894588501690065,1
output,output::5.0|10.0|25.0,5.0|10.0|25.0,1,2.8300000000000003e-07,2.8300000000000003e-07,0.0,,5.0,10.0,25.0,909.9325642176589,9089.129087359683,0.0,0.0,0.0,0.0,0.0,0.0,0.06666666666666667,7.912457080153556,1
output,output::5.0|10.25|25.0,5.0|10.25|25.0,1,2.84e-07,2.84e-07,0.0,,5.0,10.25,25.0,911.9876673805002,9337.524936547321,0.0,0.0,0.0,0.0,0.0,0.0,0.06833333333333333,7.930327542439132,1
output,output::5.0|10.5|25.0,5.0|10.5|25.0,1,2.85e-07,2.85e-07,0.0,,5.0,10.5,25.0,914.0429807061444,9586.953547733918,0.0,0.0,0.0,0.0,0.0,0.0,0.07,7.948199832227342,1
output,output::5.0|10.75|25.0,5.0|10.75|25.0,1,2.86e-07,2.86e-07,0.0,,5.0,10.75,25.0,916.0984979734815,9837.414924214658,0.0,0.0,0.0,0.0,0.0,0.0,0.07166666666666667,7.966073895421578,1
output,output::5.0|11.0|25.0,5.0|11.0|25.0,1,2.87e-07,2.87e-07,0.0,,5.0,11.0,25.0,918.1542132045404,10088.909069054773,0.0,0.0,0.0,0.0,0.0,0.0,0.07333333333333333,7.983949680039482,1
output,output::5.0|11.25|25.0,5.0|11.25|25.0,1,2.8800000000000004e-07,2.8800000000000004e-07,0.0,,5.0,11.25,25.0,920.2101206527251,10341.43598510925,0.0,0.0,0.0,0.0,0.0,0.0,0.075,8.001827136110654,1
output,output::5.0|11.5|25.0,5.0|11.5|25.0,1,2.89e-07,2.89e-07,0.0,,5.0,11.5,25.0,922.2662147917289,10594.995675040567,0.0,0.0,0.0,0.0,0.0,0.0,0.07666666666666666,8.019706215580252,1
output,output::5.0|11.75|25.0,5.0|11.75|25.0,1,2.9000000000000003e-07,2.9000000000000003e-07,0.0,,5.0,11.75,25.0,924.3224903050782,10849.588141334634,0.0,0.0,0.0,0.0,0.0,0.0,0.07833333333333334,8.037586872218071,1
output,output::5.0|12.0|25.0,5.0|12.0|25.0,1,2.91e-07,2.91e-07,0.0,,5.0,12.0,25.0,926.378942076267,11105.213386315207,0.0,0.0,0.0,0.0,0.0,0.0,0.08,8.055469061532756,1
output,output::5.0|12.25|25.0,5.0|12.25|25.0,1,2.92e-07,2.92e-07,0.0,,5.0,12.25,25.0,928.4355651794428,11361.871412156874,0.0,0.0,0.0,0.0,0.0,0.0,0.08166666666666667,8.073352740690808,1
output,output::5.0|12.5|25.0,5.0|12.5|25.0,1,2.9300000000000004e-07,2.9300000000000004e-07,0.0,,5.0,12.5,25.0,930.4923548706084,11619.562220896863,0.0,0.0,0.0,0.0,0.0,0.0,0.08333333333333333,8.091237868440073,1
output,output::5.0|12.75|25.0,5.0|12.75|25.0,1,2.94e-07,2.94e-07,0.0,,5.0,12.75,25.0,932.5493065793071,11878.285814445706,0.0,0.0,0.0,0.0,0.0,0.0,0.085,8.109124405037454,1
output,output::5.0|13.0|25.0,5.0|13.0|25.0,1,2.9500000000000003e-07,2.9500000000000003e-07,0.0,,5.0,13.0,25.0,934.6064159007576,12138.042194596926,0.0,0.0,0.0,0.0,0.0,0.0,0.08666666666666667,8.1270123121805,1
output,output::5.0|13.25|25.0,5.0|13.25|25.0,1,2.96e-07,2.96e-07,0.0,,5.0,13.25,25.0,936.6636785884159,12398.831363035888,0.0,0.0,0.0,0.0,0.0,0.0,0.08833333333333333,8.144901552942747,1
output,output::5.0|13.5|25.0,5.0|13.5|25.0,1,2.97e-07,2.97e-07,0.0,,5.0,13.5,25.0,938.721090546932,12660.653321347796,0.0,0.0,0.0,0.0,0.0,0.0,0.09,8.162792091712452,1
output,output::5.0|13.75|25.0,5.0|13.75|25.0,1,2.98e-07,2.98e-07,0.0,,5.0,13.75,25.0,940.778647825481,12923.508071025053,0.0,0.0,0.0,0.0,0.0,0.0,0.09166666666666666,8.180683894134617,1
output,output::5.0|14.0|25.0,5.0|14.0|25.0,1,2.99e-07,2.99e-07,0.0,,5.0,14.0,25.0,942.8363466114433,13187.395613473947,0.0,0.0,0.0,0.0,0.0,0.0,0.09333333333333334,8.19857692705603,1
output,output::5.0|14.25|25.0,5.0|14.25|25.0,1,3.0000000000000004e-07,3.0000000000000004e-07,0.0,,5.0,14.25,25.0,944.8941832244133,13452.31595002076,0.0,0.0,0.0,0.0,0.0,0.0,0.095,8.216471158473158,1
output,output::5.0|14.5|25.0,5.0|14.5|25.0,1,3.01e-07,3.01e-07,0.0,,5.0,14.5,25.0,946.9521541105179,13718.269081917395,0.0,0.0,0.0,0.0,0.0,0.0,0.09666666666666666,8.234366557482764,1
output,output::5.0|14.75|25.0,5.0|14.75|25.0,1,3.0200000000000003e-07,3.0200000000000003e-07,0.0,,5.0,14.75,25.0,949.0102558370254,13985.25501034651,0.0,0.0,0.0,0.0,0.0,0.0,0.09833333333333333,8.252263094235003,1
output,output::5.0|15.0|25.0,5.0|15.0|25.0,1,3.03e-07,3.03e-07,0.0,,5.0,15.0,25.0,951.0684850872268,14253.27373642624,0.0,0.0,0.0,0.0,0.0,0.0,0.1,8.27016073988893,1
output,output::5.0|15.25|25.0,5.0|15.25|25.0,1,3.04e-07,3.04e-07,0.0,,5.0,15.25,25.0,953.1268386555756,14522.325261214548,0.0,0.0,0.0,0.0,0.0,0.0,0.10166666666666667,8.288059466570223,1
output,output::5.0|15.5|25.0,5.0|15.5|25.0,1,3.0500000000000004e-07,3.0500000000000004e-07,0.0,,5.0,15.5,25.0,955.1853134430687,14792.4095857132,0.0,0.0,0.0,0.0,0.0,0.0,0.10333333333333333,8.305959247331032,1
output,output::5.0|15.75|25.0,5.0|15.75|25.0,1,3.06e-07,3.06e-07,0.0,,5.0,15.75,25.0,957.2439064528568,15063.52671087146,0.0,0.0,0.0,0.0,0.0,0.0,0.105,8.323860056111798,1
output,output::5.0|16.0|25.0,5.0|16.0|25.0,1,3.0700000000000004e-07,3.0700000000000004e-07,0.0,,5.0,16.0,25.0,959.30261478607,15335.676637589486,0.0,0.0,0.0,0.0,0.0,0.0,0.10666666666666667,8.341761867704957,1
output,output::5.0|16.25|25.0,5.0|16.25|25.0,1,3.08e-07,3.08e-07,0.0,,5.0,16.25,25.0,961.3614356378454,15608.859366721468,0.0,0.0,0.0,0.0,0.0,0.0,0.10833333333333334,8.359664657720394,1
output,output::5.0|16.5|25.0,5.0|16.5|25.0,1,3.0900000000000003e-07,3.0900000000000003e-07,0.0,,5.0,16.5,25.0,963.420366293547,15883.074899078501,0.0,0.0,0.0,0.0,0.0,0.0,0.11,8.377568402552582,1
output,output::5.0|16.75|25.0,5.0|16.75|25.0,1,3.1e-07,3.1e-07,0.0,,5.0,16.75,25.0,965.4794041251678,16158.323235431311,0.0,0.0,0.0,0.0,0.0,0.0,0.11166666666666666,8.395473079349285,1
output,output::5.0|17.0|25.0,5.0|17.0|25.0,1,3.11e-07,3.11e-07,0.0,,5.0,17.0,25.0,967.5385465879,16434.60437651269,0.0,0.0,0.0,0.0,0.0,0.0,0.11333333333333333,8.413378665981739,1
output,output::5.0|17.25|25.0,5.0|17.25|25.0,1,3.1200000000000004e-07,3.1200000000000004e-07,0.0,,5.0,17.25,25.0,969.597791216869,16711.918323019836,0.0,0.0,0.0,0.0,0.0,0.0,0.115,8.431285141016252,1
output,output::5.0|17.5|25.0,5.0|17.5|25.0,1,3.13e-07,3.13e-07,0.0,,5.0,17.5,25.0,971.6571356240206,16990.265075616477,0.0,0.0,0.0,0.0,0.0,0.0,0.11666666666666667,8.449192483687137,1
output,output::5.0|17.75|25.0,5.0|17.75|25.0,1,3.1400000000000003e-07,3.1400000000000003e-07,0.0,,5.0,17.75,25.0,973.716577495149,17269.64463493484,0.0,0.0,0.0,0.0,0.0,0.0,0.11833333333333333,8.46710067387086,1
output,output::5.0|18.0|25.0,5.0|18.0|25.0,1,3.15e-07,3.15e-07,0.0,,5.0,18.0,25.0,975.7761145870658,17550.05700157753,0.0,0.0,0.0,0.0,0.0,0.0,0.12,8.48500969206144,1
output,output::5.0|18.25|25.0,5.0|18.25|25.0,1,3.16e-07,3.16e-07,0.0,,5.0,18.25,25.0,977.8357447248969,17831.502176119215,0.0,0.0,0.0,0.0,0.0,0.0,0.12166666666666667,8.50291951934693,1
output,output::5.0|18.5|25.0,5.0|18.5|25.0,1,3.1700000000000005e-07,3.1700000000000005e-07,0.0,,5.0,18.5,25.0,979.8954657994996,18113.980159108232,0.0,0.0,0.0,0.0,0.0,0.0,0.12333333333333334,8.520830137386953,1
output,output::5.0|18.75|25.0,5.0|18.75|25.0,1,3.18e-07,3.18e-07,0.0,,5.0,18.75,25.0,981.9552757650004,18397.490951068106,0.0,0.0,0.0,0.0,0.0,0.0,0.125,8.538741528391308,1
output,output::5.0|19.0|25.0,5.0|19.0|25.0,1,3.1900000000000004e-07,3.1900000000000004e-07,0.0,,5.0,19.0,25.0,984.0151726364385,18682.0345524989,0.0,0.0,0.0,0.0,0.0,0.0,0.12666666666666668,8.556653675099465,1
output,output::5.0|19.25|25.0,5.0|19.25|25.0,1,3.2e-07,3.2e-07,0.0,,5.0,19.25,25.0,986.075154487516,18967.610963878527,0.0,0.0,0.0,0.0,0.0,0.0,0.12833333333333333,8.574566560761008,1
output,output::5.0|19.5|25.0,5.0|19.5|25.0,1,3.2100000000000003e-07,3.2100000000000003e-07,0.0,,5.0,19.5,25.0,988.1352194484474,19254.220185663984,0.0,0.0,0.0,0.0,0.0,0.0,0.13,8.592480169116934,1
output,output::5.0|19.75|25.0,5.0|19.75|25.0,1,3.22e-07,3.22e-07,0.0,,5.0,19.75,25.0,990.1953657039007,19541.862218292452,0.0,0.0,0.0,0.0,0.0,0.0,0.13166666666666665,8.610394484381745,1
output,output::5.0|20.0|25.0,5.0|20.0|25.0,1,3.23e-07,3.23e-07,0.0,,5.0,20.0,25.0,992.2555914910314,19830.53706218237,0.0,0.0,0.0,0.0,0.0,0.0,0.13333333333333333,8.62830949122636,1
output,output::5.5|0.0|25.0,5.5|0.0|25.0,1,3.2400000000000004e-07,3.2400000000000004e-07,0.0,,5.5,0.0,25.0,0.2234823539896297,0.0,0.0,0.0,0.0,0.0,0.0,0.0,0.0,0.0019433248173011278,0
output,output::5.5|0.25|25.0,5.5|0.25|25.0,1,3.25e-07,3.25e-07,0.0,,5.5,0.25,25.0,175.21750380573965,43.396364652370124,0.0,0.0,0.0,0.0,0.0,0.0,0.0016666666666666668,1.523630467875997,1
output,output::5.5|0.5|25.0,5.5|0.5|25.0,1,3.2600000000000003e-07,3.2600000000000003e-07,0.0,,5.5,0.5,25.0,339.3650849668331,168.8775108184303,0.0,0.0,0.0,0.0,0.0,0.0,0.0033333333333333335,2.9510007388420267,1
output,output::5.5|0.75|25.0,5.5|0.75|25.0,1,3.27e-07,3.27e-07,0.0,,5.5,0.75,25.0,494.1325320682061,369.4082582386488,0.0,0.0,0.0,0.0,0.0,0.0,0.005,4.2968046266800535,1
output,output::5.5|1.0|25.0,5.5|1.0|25.0,1,3.28e-07,3.28e-07,0.0,,5.5,1.0,25.0,639.4439013501229,637.877383972007,0.0,0.0,0.0,0.0,0.0,0.0,0.006666666666666667,5.560381750870635,1
output,output::5.5|1.25|25.0,5.5|1.25|25.0,1,3.29e-07,3.29e-07,0.0,,5.5,1.25,25.0,775.2232518977544,967.0976617111187,0.0,0.0,0.0,0.0,0.0,0.0,0.008333333333333333,6.741071755632647,1
output,output::5.5|1.5|25.0,5.5|1.5|25.0,1,3.3e-07,3.3e-07,0.0,,5.5,1.5,25.0,901.3946454229725,1349.805888886958,0.0,0.0,0.0,0.0,0.0,0.0,0.01,7.838214308025848,1
output,output::5.5|1.75|25.0,5.5|1.75|25.0,1,3.3100000000000004e-07,3.3100000000000004e-07,0.0,,5.5,1.75,25.0,979.2876057159409,1711.122460160532,0.0,0.0,0.0,0.0,0.0,0.0,0.011666666666666667,8.51554439752992,1
output,output::5.5|2.0|25.0,5.5|2.0|25.0,1,3.32e-07,3.32e-07,0.0,,5.5,2.0,25.0,981.6660812129439,1960.3661312137126,0.0,0.0,0.0,0.0,0.0,0.0,0.013333333333333334,8.536226793156034,1
output,output::5.5|2.25|25.0,5.5|2.25|25.0,1,3.3300000000000003e-07,3.3300000000000003e-07,0.0,,5.5,2.25,25.0,984.0452623980059,2210.8098963157154,0.0,0.0,0.0,0.0,0.0,0.0,0.015,8.556915325200052,1
output,output::5.5|2.5|25.0,5.5|2.5|25.0,1,3.34e-07,3.34e-07,0.0,,5.5,2.5,25.0,986.4251182959272,2462.453887351734,0.0,0.0,0.0,0.0,0.0,0.0,0.016666666666666666,8.57760972431241,1
output,output::5.5|2.75|25.0,5.5|2.75|25.0,1,3.35e-07,3.35e-07,0.0,,5.5,2.75,25.0,988.8056197181414,2715.2982145142964,0.0,0.0,0.0,0.0,0.0,0.0,0.018333333333333333,8.598309736679491,1
output,output::5.5|3.0|25.0,5.5|3.0|25.0,1,3.3600000000000004e-07,3.3600000000000004e-07,0.0,,5.5,3.0,25.0,991.1867391357455,2969.3429705871613,0.0,0.0,0.0,0.0,0.0,0.0,0.02,8.619015122919526,1
output,output::5.5|3.25|25.0,5.5|3.25|25.0,1,3.37e-07,3.37e-07,0.0,,5.5,3.25,25.0,993.5684505632004,3224.588234252599,0.0,0.0,0.0,0.0,0.0,0.0,0.021666666666666667,8.639725657071308,1
output,output::5.5|3.5|25.0,5.5|3.5|25.0,1,3.3800000000000004e-07,3.3800000000000004e-07,0.0,,5.5,3.5,25.0,995.9507294516743,3481.0340726722993,0.0,0.0,0.0,0.0,0.0,0.0,0.023333333333333334,8.660441125666733,1
output,output::5.5|3.75|25.0,5.5|3.75|25.0,1,3.39e-07,3.39e-07,0.0,,5.5,3.75,25.0,998.3335525911064,3738.6805435214546,0.0,0.0,0.0,0.0,0.0,0.0,0.025,8.681161326879186,1
output,output::5.5|4.0|25.0,5.5|4.0|25.0,1,3.4000000000000003e-07,3.4000000000000003e-07,0.0,,5.5,4.0,25.0,1000.716898020174,3997.5276966065717,0.0,0.0,0.0,0.0,0.0,0.0,0.02666666666666667,8.701886069740643,1
output,output::5.5|4.25|25.0,5.5|4.25|25.0,1,3.41e-07,3.41e-07,0.0,,5.5,4.25,25.0,1003.1007449434308,4257.575575163134,0.0,0.0,0.0,0.0,0.0,0.0,0.028333333333333332,8.722615173421136,1
output,output::5.5|4.5|25.0,5.5|4.5|25.0,1,3.42e-07,3.42e-07,0.0,,5.5,4.5,25.0,1005.4850736549521,4518.824216904647,0.0,0.0,0.0,0.0,0.0,0.0,0.03,8.7433484665648,1
output,output::5.5|4.75|25.0,5.5|4.75|25.0,1,3.4300000000000004e-07,3.4300000000000004e-07,0.0,,5.5,4.75,25.0,1007.869865467906,4781.273654876943,0.0,0.0,0.0,0.0,0.0,0.0,0.03166666666666667,8.764085786677445,1
output,output::5.5|5.0|25.0,5.5|5.0|25.0,1,3.44e-07,3.44e-07,0.0,,5.5,5.0,25.0,1010.2551026495158,5044.92391815862,0.0,0.0,0.0,0.0,0.0,0.0,0.03333333333333333,8.784826979561007,1
output,output::5.5|5.25|25.0,5.5|5.25|25.0,1,3.4500000000000003e-07,3.4500000000000003e-07,0.0,,5.5,5.25,25.0,1012.6407683609427,5309.775032439062,0.0,0.0,0.0,0.0,0.0,0.0,0.035,8.805571898790806,1
output,output::5.5|5.5|25.0,5.5|5.5|25.0,1,3.46e-07,3.46e-07,0.0,,5.5,5.5,25.0,1015.0268466016552,5575.827020498221,0.0,0.0,0.0,0.0,0.0,0.0,0.03666666666666667,8.826320405231783,1
output,output::5.5|5.75|25.0,5.5|5.75|25.0,1,3.47e-07,3.47e-07,0.0,,5.5,5.75,25.0,1017.4133221579027,5843.079902607166,0.0,0.0,0.0,0.0,0.0,0.0,0.03833333333333333,8.847072366590458,1
output,output::5.5|6.0|25.0,5.5|6.0|25.0,1,3.4800000000000005e-07,3.4800000000000005e-07,0.0,,5.5,6.0,25.0,1019.8001805549432,6111.533696864226,0.0,0.0,0.0,0.0,0.0,0.0,0.04,8.867827656999506,1
output,output::5.5|6.25|25.0,5.5|6.25|25.0,1,3.49e-07,3.49e-07,0.0,,5.5,6.25,25.0,1022.1874080127111,6381.18841947849,0.0,0.0,0.0,0.0,0.0,0.0,0.041666666666666664,8.88858615663227,1
output,output::5.5|6.5|25.0,5.5|6.5|25.0,1,3.5000000000000004e-07,3.5000000000000004e-07,0.0,,5.5,6.5,25.0,1024.5749914046362,6652.044085010063,0.0,0.0,0.0,0.0,0.0,0.0,0.043333333333333335,8.909347751344663,1
output,output::5.5|6.75|25.0,5.5|6.75|25.0,1,3.51e-07,3.51e-07,0.0,,5.5,6.75,25.0,1026.9629182193598,6924.100706574551,0.0,0.0,0.0,0.0,0.0,0.0,0.045,8.93011233234226,1
output,output::5.5|7.0|25.0,5.5|7.0|25.0,1,3.5200000000000003e-07,3.5200000000000003e-07,0.0,,5.5,7.0,25.0,1029.3511765251105,7197.3582960178655,0.0,0.0,0.0,0.0,0.0,0.0,0.04666666666666667,8.950879795870526,1
output,output::5.5|7.25|25.0,5.5|7.25|25.0,1,3.53e-07,3.53e-07,0.0,,5.5,7.25,25.0,1031.7397549365257,7471.8168640662325,0.0,0.0,0.0,0.0,0.0,0.0,0.04833333333333333,8.97165004292631,1
output,output::5.5|7.5|25.0,5.5|7.5|25.0,1,3.54e-07,3.54e-07,0.0,,5.5,7.5,25.0,1034.1286425837295,7747.47642045544,0.0,0.0,0.0,0.0,0.0,0.0,0.05,8.992422978988952,1
output,output::5.5|7.75|25.0,5.5|7.75|25.0,1,3.5500000000000004e-07,3.5500000000000004e-07,0.0,,5.5,7.75,25.0,1036.5178290834833,8024.336974042565,0.0,0.0,0.0,0.0,0.0,0.0,0.051666666666666666,9.01319851376942,1
output,output::5.5|8.0|25.0,5.5|8.0|25.0,1,3.56e-07,3.56e-07,0.0,,5.5,8.0,25.0,1038.9073045122555,8302.398532902935,0.0,0.0,0.0,0.0,0.0,0.0,0.05333333333333334,9.033976560976134,1
output,output::5.5|8.25|25.0,5.5|8.25|25.0,1,3.5700000000000003e-07,3.5700000000000003e-07,0.0,,5.5,8.25,25.0,1041.2970593810574,8581.661104414501,0.0,0.0,0.0,0.0,0.0,0.0,0.055,9.05475703809615,1
output,output::5.5|8.5|25.0,5.5|8.5|25.0,1,3.58e-07,3.58e-07,0.0,,5.5,8.5,25.0,1043.687084611917,8862.124695331546,0.0,0.0,0.0,0.0,0.0,0.0,0.056666666666666664,9.075539866190583,1
output,output::5.5|8.75|25.0,5.5|8.75|25.0,1,3.59e-07,3.59e-07,0.0,,5.5,8.75,25.0,1046.0773715158625,9143.789311849194,0.0,0.0,0.0,0.0,0.0,0.0,0.058333333333333334,9.096324969703153,1
output,output::5.5|9.0|25.0,5.5|9.0|25.0,1,3.6000000000000005e-07,3.6000000000000005e-07,0.0,,5.5,9.0,25.0,1048.4679117723072,9426.65495966013,0.0,0.0,0.0,0.0,0.0,0.0,0.06,9.117112276280931,1
output,output::5.5|9.25|25.0,5.5|9.25|25.0,1,3.61e-07,3.61e-07,0.0,,5.5,9.25,25.0,1050.8586974097302,9710.721644004505,0.0,0.0,0.0,0.0,0.0,0.0,0.06166666666666667,9.13790171660635,1
output,output::5.5|9.5|25.0,5.5|9.5|25.0,1,3.6200000000000004e-07,3.6200000000000004e-07,0.0,,5.5,9.5,25.0,1053.2497207875629,9995.989369714025,0.0,0.0,0.0,0.0,0.0,0.0,0.06333333333333334,9.158693224239677,1
output,output::5.5|9.75|25.0,5.5|9.75|25.0,1,3.63e-07,3.63e-07,0.0,,5.5,9.75,25.0,1055.64097457919,10282.458141250998,0.0,0.0,0.0,0.0,0.0,0.0,0.065,9.179486735471217,1
output,output::5.5|10.0|25.0,5.5|10.0|25.0,1,3.6400000000000003e-07,3.6400000000000003e-07,0.0,,5.5,10.0,25.0,1058.0324517559875,10570.127962742969,0.0,0.0,0.0,0.0,0.0,0.0,0.06666666666666667,9.2002821891825,1
output,output::5.5|10.25|25.0,5.5|10.25|25.0,1,3.65e-07,3.65e-07,0.0,,5.5,10.25,25.0,1060.4241455723252,10858.998838013527,0.0,0.0,0.0,0.0,0.0,0.0,0.06833333333333333,9.22107952671587,1
output,output::5.5|10.5|25.0,5.5|10.5|25.0,1,3.66e-07,3.66e-07,0.0,,5.5,10.5,25.0,1062.8160495514655,11149.07077060979,0.0,0.0,0.0,0.0,0.0,0.0,0.07,9.241878691751873,1
output,output::5.5|10.75|25.0,5.5|10.75|25.0,1,3.6700000000000004e-07,3.6700000000000004e-07,0.0,,5.5,10.75,25.0,1065.2081574722986,11440.343763826942,0.0,0.0,0.0,0.0,0.0,0.0,0.07166666666666667,9.262679630193901,1
output,output::5.5|11.0|25.0,5.5|11.0|25.0,1,3.68e-07,3.68e-07,0.0,,5.5,11.0,25.0,1067.600463356854,11732.817820730223,0.0,0.0,0.0,0.0,0.0,0.0,0.07333333333333333,9.2834822900596,1
output,output::5.5|11.25|25.0,5.5|11.25|25.0,1,3.6900000000000004e-07,3.6900000000000004e-07,0.0,,5.5,11.25,25.0,1069.992961458535,12026.49294417461,0.0,0.0,0.0,0.0,0.0,0.0,0.075,9.304286621378566,1
output,output::5.5|11.5|25.0,5.5|11.5|25.0,1,3.7e-07,3.7e-07,0.0,,5.5,11.5,25.0,1072.385646251035,12321.369136822585,0.0,0.0,0.0,0.0,0.0,0.0,0.07666666666666666,9.325092576095956,1
output,output::5.5|11.75|25.0,5.5|11.75|25.0,1,3.7100000000000003e-07,3.7100000000000003e-07,0.0,,5.5,11.75,25.0,1074.7785124178804,12617.446401160061,0.0,0.0,0.0,0.0,0.0,0.0,0.07833333333333334,9.345900107981569,1
output,output::5.5|12.0|25.0,5.5|12.0|25.0,1,3.7200000000000005e-07,3.7200000000000005e-07,0.0,,5.5,12.0,25.0,1077.1715548425655,12914.724739510788,0.0,0.0,0.0,0.0,0.0,0.0,0.08,9.366709172544047,1
output,output::5.5|12.25|25.0,5.5|12.25|25.0,1,3.73e-07,3.73e-07,0.0,,5.5,12.25,25.0,1079.5647685992374,13213.204154049357,0.0,0.0,0.0,0.0,0.0,0.0,0.08166666666666667,9.38751972694989,1
output,output::5.5|12.5|25.0,5.5|12.5|25.0,1,3.7400000000000004e-07,3.7400000000000004e-07,0.0,,5.5,12.5,25.0,1081.9581489438995,13512.884646812998,0.0,0.0,0.0,0.0,0.0,0.0,0.08333333333333333,9.408331729946951,1
output,output::5.5|12.75|25.0,5.5|12.75|25.0,1,3.75e-07,3.75e-07,0.0,,5.5,12.75,25.0,1084.3516913060944,13813.766219712239,0.0,0.0,0.0,0.0,0.0,0.0,0.085,9.429145141792125,1
output,output::5.5|13.0|25.0,5.5|13.0|25.0,1,3.7600000000000003e-07,3.7600000000000003e-07,0.0,,5.5,13.0,25.0,1086.7453912810406,14115.848874540607,0.0,0.0,0.0,0.0,0.0,0.0,0.08666666666666667,9.449959924182961,1
output,output::5.5|13.25|25.0,5.5|13.25|25.0,1,3.77e-07,3.77e-07,0.0,,5.5,13.25,25.0,1089.139244622195,14419.132612983463,0.0,0.0,0.0,0.0,0.0,0.0,0.08833333333333333,9.470776040193,1
output,output::5.5|13.5|25.0,5.5|13.5|25.0,1,3.78e-07,3.78e-07,0.0,,5.5,13.5,25.0,1091.5332472342075,14723.617436626017,0.0,0.0,0.0,0.0,0.0,0.0,0.09,9.4915934542105,1
output,output::5.5|13.75|25.0,5.5|13.75|25.0,1,3.7900000000000005e-07,3.7900000000000005e-07,0.0,,5.5,13.75,25.0,1093.9273951662526,15029.303346960665,0.0,0.0,0.0,0.0,0.0,0.0,0.09166666666666666,9.512412131880458,1
output,output::5.5|14.0|25.0,5.5|14.0|25.0,1,3.8e-07,3.8e-07,0.0,,5.5,14.0,25.0,1096.3216846057114,15336.1903453937,0.0,0.0,0.0,0.0,0.0,0.0,0.09333333333333334,9.533232040049665,1
output,output::5.5|14.25|25.0,5.5|14.25|25.0,1,3.8100000000000004e-07,3.8100000000000004e-07,0.0,,5.5,14.25,25.0,1098.7161118721774,15644.278433251398,0.0,0.0,0.0,0.0,0.0,0.0,0.095,9.554053146714587,1
output,output::5.5|14.5|25.0,5.5|14.5|25.0,1,3.82e-07,3.82e-07,0.0,,5.5,14.5,25.0,1101.1106734117784,15953.567611785671,0.0,0.0,0.0,0.0,0.0,0.0,0.09666666666666666,9.574875420971987,1
output,output::5.5|14.75|25.0,5.5|14.75|25.0,1,3.8300000000000003e-07,3.8300000000000003e-07,0.0,,5.5,14.75,25.0,1103.5053657917817,16264.05788217917,0.0,0.0,0.0,0.0,0.0,0.0,0.09833333333333333,9.595698832972015,1
output,output::5.5|15.0|25.0,5.5|15.0|25.0,1,3.8400000000000005e-07,3.8400000000000005e-07,0.0,,5.5,15.0,25.0,1105.9001856954796,16575.749245550032,0.0,0.0,0.0,0.0,0.0,0.0,0.1,9.616523353873736,1
output,output::5.5|15.25|25.0,5.5|15.25|25.0,1,3.85e-07,3.85e-07,0.0,,5.5,15.25,25.0,1108.2951299173249,16888.64170295622,0.0,0.0,0.0,0.0,0.0,0.0,0.10166666666666667,9.637348955802825,1
output,output::5.5|15.5|25.0,5.5|15.5|25.0,1,3.8600000000000004e-07,3.8600000000000004e-07,0.0,,5.5,15.5,25.0,1110.690195358314,17202.7352553995,0.0,0.0,0.0,0.0,0.0,0.0,0.10333333333333333,9.658175611811426,1
output,output::5.5|15.75|25.0,5.5|15.75|25.0,1,3.87e-07,3.87e-07,0.0,,5.5,15.75,25.0,1113.0853790215983,17518.029903829134,0.0,0.0,0.0,0.0,0.0,0.0,0.105,9.679003295839985,1
output,output::5.5|16.0|25.0,5.5|16.0|25.0,1,3.8800000000000003e-07,3.8800000000000003e-07,0.0,,5.5,16.0,25.0,1115.4806780083074,17834.525649145286,0.0,0.0,0.0,0.0,0.0,0.0,0.10666666666666667,9.699831982680934,1
output,output::5.5|16.25|25.0,5.5|16.25|25.0,1,3.89e-07,3.89e-07,0.0,,5.5,16.25,25.0,1117.876089513579,18152.22249220214,0.0,0.0,0.0,0.0,0.0,0.0,0.10833333333333334,9.720661647944166,1
output,output::5.5|16.5|25.0,5.5|16.5|25.0,1,3.9e-07,3.9e-07,0.0,,5.5,16.5,25.0,1120.2716108227771,18471.120433810796,0.0,0.0,0.0,0.0,0.0,0.0,0.11,9.74149226802415,1
output,output::5.5|16.75|25.0,5.5|16.75|25.0,1,3.9100000000000005e-07,3.9100000000000005e-07,0.0,,5.5,16.75,25.0,1122.667239307894,18791.21947474197,0.0,0.0,0.0,0.0,0.0,0.0,0.11166666666666666,9.762323820068644,1
output,output::5.5|17.0|25.0,5.5|17.0|25.0,1,3.92e-07,3.92e-07,0.0,,5.5,17.0,25.0,1125.0629724241223,19112.51961572847,0.0,0.0,0.0,0.0,0.0,0.0,0.11333333333333333,9.783156281948889,1
output,output::5.5|17.25|25.0,5.5|17.25|25.0,1,3.9300000000000004e-07,3.9300000000000004e-07,0.0,,5.5,17.25,25.0,1127.4588077065878,19435.020857467483,0.0,0.0,0.0,0.0,0.0,0.0,0.115,9.803989632231199,1
output,output::5.5|17.5|25.0,5.5|17.5|25.0,1,3.94e-07,3.94e-07,0.0,,5.5,17.5,25.0,1129.8547427672352,19758.723200622735,0.0,0.0,0.0,0.0,0.0,0.0,0.11666666666666667,9.82482385014987,1
output,output::5.5|17.75|25.0,5.5|17.75|25.0,1,3.9500000000000003e-07,3.9500000000000003e-07,0.0,,5.5,17.75,25.0,1132.2507752918598,20083.626645826458,0.0,0.0,0.0,0.0,0.0,0.0,0.11833333333333333,9.845658915581389,1
output,output::5.5|18.0|25.0,5.5|18.0|25.0,1,3.96e-07,3.96e-07,0.0,,5.5,18.0,25.0,1134.646903037273,20409.73119368126,0.0,0.0,0.0,0.0,0.0,0.0,0.12,9.866494809019764,1
output,output::5.5|18.25|25.0,5.5|18.25|25.0,1,3.97e-07,3.97e-07,0.0,,5.5,18.25,25.0,1137.0431238286,20737.0368447618,0.0,0.0,0.0,0.0,0.0,0.0,0.12166666666666667,9.887331511553045,1
output,output::5.5|18.5|25.0,5.5|18.5|25.0,1,3.9800000000000004e-07,3.9800000000000004e-07,0.0,,5.5,18.5,25.0,1139.4394355566992,21065.543599616423,0.0,0.0,0.0,0.0,0.0,0.0,0.12333333333333334,9.908169004840863,1
output,output::5.5|18.75|25.0,5.5|18.75|25.0,1,3.99e-07,3.99e-07,0.0,,5.5,18.75,25.0,1141.8358361756964,21395.251458768656,0.0,0.0,0.0,0.0,0.0,0.0,0.125,9.929007271093012,1
output,output::5.5|19.0|25.0,5.5|19.0|25.0,1,4.0000000000000003e-07,4.0000000000000003e-07,0.0,,5.5,19.0,25.0,1144.2323237006306,21726.160422718545,0.0,0.0,0.0,0.0,0.0,0.0,0.12666666666666668,9.949846293048962,1
output,output::5.5|19.25|25.0,5.5|19.25|25.0,1,4.01e-07,4.01e-07,0.0,,5.5,19.25,25.0,1146.6288962052042,22058.270491944022,0.0,0.0,0.0,0.0,0.0,0.0,0.12833333333333333,9.970686053958298,1
output,output::5.5|19.5|25.0,5.5|19.5|25.0,1,4.02e-07,4.02e-07,0.0,,5.5,19.5,25.0,1149.0255518196316,22391.58166690208,0.0,0.0,0.0,0.0,0.0,0.0,0.13,9.991526537562013,1
output,output::5.5|19.75|25.0,5.5|19.75|25.0,1,4.0300000000000005e-07,4.0300000000000005e-07,0.0,,5.5,19.75,25.0,1151.4222887285812,22726.093948029895,0.0,0.0,0.0,0.0,0.0,0.0,0.13166666666666665,10.012367728074619,1
output,output::5.5|20.0|25.0,5.5|20.0|25.0,1,4.04e-07,4.04e-07,0.0,,5.5,20.0,25.0,1153.8191051692083,23061.807335745907,0.0,0.0,0.0,0.0,0.0,0.0,0.13333333333333333,10.03320961016703,1
switching,switching::0.0|100.0|25.0,0.0|100.0|25.0,8006,0.0,1.4119000000000002e-05,1.4119000000000002e-05,1.0000000000000751e-09,0.0,100.0,25.0,89.90982013999579,144.0306478680753,7.201532393403766e-08,0.0,7.201532393403766e-08,0.0,6.275111111111111e-06,3.0562479235945537e-10,0.6666666666666666,0.7818245229564851,0
switching,switching::0.263|100.0|25.0,0.263|100.0|25.0,6,2.001e-06,1.2118000000000002e-05,1.0117000000000002e-05,2.037e-06,0.2631578947368421,100.0,25.0,3.265986323710904e-06,0.0,0.0,0.0,0.0,0.0,4.496444444444445e-06,8.159899180844362e-21,0.6666666666666666,2.839988107574699e-08,0
switching,switching::0.526|100.0|25.0,0.526|100.0|25.0,6,2.002e-06,1.2117000000000001e-05,1.0115e-05,2.035e-06,0.5263157894736842,100.0,25.0,3.265986323710904e-06,0.0,0.0,0.0,0.0,0.0,4.495555555555556e-06,8.158286074354127e-21,0.6666666666666666,2.839988107574699e-08,0
switching,switching::0.789|100.0|25.0,0.789|100.0|25.0,6,2.003e-06,1.2116e-05,1.0113e-05,2.033e-06,0.7894736842105263,100.0,25.0,3.265986323710904e-06,0.0,0.0,0.0,0.0,0.0,4.494666666666666e-06,8.156672967863894e-21,0.6666666666666666,2.839988107574699e-08,0
switching,switching::1.053|100.0|25.0,1.053|100.0|25.0,6,2.004e-06,1.2115e-05,1.0111e-05,2.0309999999999997e-06,1.0526315789473684,100.0,25.0,0.7886971602033008,1.2634448217467569,6.38734529634073e-06,0.0,6.38734529634073e-06,0.0,4.493777777777777e-06,2.3778748210216554e-10,0.6666666666666666,0.006858236175680877,0
switching,switching::1.316|99.123|25.0,1.316|99.123|25.0,6,2.0050000000000003e-06,1.2114000000000001e-05,1.0109000000000001e-05,2.0289999999999995e-06,1.3157894736842106,99.12279446045122,25.0,10.461140467113118,729.227163853349,0.007352799001564185,0.007324902583181759,2.7896418382424695e-05,0.0,4.414410871559481e-06,5.806810073557851e-08,0.6608186297363414,0.0909664388444619,0
switching,switching::1.579|95.641|25.0,1.579|95.641|25.0,6,2.006e-06,1.2113e-05,1.0107e-05,2.0269999999999994e-06,1.5789473684210527,95.6406811636788,25.0,41.74262006327524,3482.361697927361,0.03517939971839372,0.03511577957505087,6.362014334285732e-05,0.0,4.108895240138848e-06,1.0838895201121529e-06,0.637604541091192,0.3629793048980456,0
switching,switching::1.842|89.843|25.0,1.842|89.843|25.0,6,2.007e-06,1.2112e-05,1.0105e-05,2.0249999999999992e-06,1.8421052631578947,89.84291539521573,25.0,92.25695241586824,7615.222433720468,0.07693786567959826,0.07684364873201535,9.421694758291633e-05,0.0,3.625112362623274e-06,5.631593603650145e-06,0.5989527693014381,0.8022343688336369,0
switching,switching::2.105|82.12|25.0,2.105|82.12|25.0,6,2.008e-06,1.2111000000000001e-05,1.0103000000000001e-05,2.023e-06,2.1052631578947367,82.12023913684459,25.0,158.746923018763,12248.470281127145,0.1237359439074289,0.12361780227009778,0.00011814163733112526,0.0,3.028086281224105e-06,1.719545865914628e-05,0.5474682609122973,1.380408026250113,6
switching,switching::2.368|72.965|25.0,2.368|72.965|25.0,6,2.009e-06,1.2110000000000001e-05,1.0101e-05,2.021e-06,2.3684210526315788,72.9648544508768,25.0,237.15348808296167,16452.439779266493,0.16617942151360893,0.16604490634971247,0.00013451516389649133,0.0,2.3900626986162294e-06,3.905309090263996e-05,0.48643236300584536,2.0622042441996666,6
switching,switching::2.632|62.881|25.0,2.632|62.881|25.0,6,2.0100000000000002e-06,1.2109e-05,1.0099e-05,2.0190000000000005e-06,2.6315789473684212,62.88121588736803,25.0,323.08741242984587,19464.881922176726,0.1965739112179621,0.19643180105066016,0.00014211016730190462,0.0,1.7747521688255002e-06,7.329065904172944e-05,0.41920810591578683,2.8094557602595294,6
switching,switching::2.895|52.527|25.0,2.895|52.527|25.0,6,2.0110000000000003e-06,1.2108e-05,1.0097e-05,2.017e-06,2.8947368421052633,52.5269739859378,25.0,409.86074331411794,20794.24296229216,0.2099519439747163,0.2098168718481996,0.0001350721265166877,0.0,1.238153822747442e-06,0.0001191689790332283,0.3501798265729187,3.5640064636010256,6
switching,switching::3.158|43.238|25.0,3.158|43.238|25.0,6,2.012e-06,1.2107000000000001e-05,1.0095e-05,2.0150000000000006e-06,3.1578947368421053,43.23806328909308,25.0,487.65746475707664,20464.7740014346,0.20658445521155663,0.20646598632757565,0.00011846888398096473,0.0,8.387958458235729e-07,0.00017029025076030398,0.2882537552606205,4.240499693539797,6
switching,switching::3.421|35.016|25.0,3.421|35.016|25.0,6,2.013e-06,1.2106e-05,1.0093e-05,2.013e-06,3.4210526315789473,35.01559748550599,25.0,556.7503903327412,18973.04762481861,0.19148884681672418,0.19138579422663032,0.00010305259009385362,0.0,5.499976548855806e-07,0.00022324358593373223,0.23343731657003994,4.841307742023837,6
switching,switching::3.684|27.686|25.0,3.684|27.686|25.0,6,2.014e-06,1.2105e-05,1.0091e-05,2.0110000000000003e-06,3.6842105263157894,27.685891588360107,25.0,618.6288767487864,16693.39255551463,0.16844796460348654,0.16835829157852525,8.967302496128335e-05,0.0,3.4377058721738447e-07,0.00027646427003339937,0.18457261058906738,5.379381536945969,6
switching,switching::3.947|21.111|25.0,3.947|21.111|25.0,6,2.015e-06,1.2104000000000001e-05,1.0089000000000001e-05,2.0090000000000006e-06,3.9473684210526314,21.11103446053726,25.0,674.5088032694224,13886.677664003017,0.1400985150832361,0.14002083136027216,7.768372296393378e-05,0.0,1.9984101795570585e-07,0.0003290192749561807,0.14074022973691508,5.865293941473238,6
switching,switching::4.211|15.18|25.0,4.211|15.18|25.0,6,2.0160000000000003e-06,1.2103e-05,1.0087e-05,2.0070000000000004e-06,4.2105263157894735,15.180129443284962,25.0,725.4217116009413,10736.722845847513,0.10829791448172693,0.10823154424658399,6.637023514294716e-05,0.0,1.0330716710450956e-07,0.0003803238697150951,0.10120086295523308,6.308014883486446,6
switching,switching::4.474|9.803|25.0,4.474|9.803|25.0,6,2.017e-06,1.2102e-05,1.0085000000000001e-05,2.0050000000000007e-06,4.473684210526316,9.80298855256062,25.0,772.2994382675338,7374.016837990248,0.07436427279754247,0.07430966441627751,5.460838126495941e-05,0.0,4.3073521124625984e-08,0.00043002366525335883,0.0653532570170708,6.715647289282902,6
switching,switching::4.737|4.906|25.0,4.737|4.906|25.0,6,2.018e-06,1.2101000000000002e-05,1.0083000000000002e-05,2.003000000000001e-06,4.7368421052631575,4.905514198389291,25.0,809.8233609258073,3891.5030048059425,0.03923086384401954,0.03919659960797695,3.426423604258919e-05,0.0,1.0783911701275065e-08,0.0004740399249284111,0.032703427989261936,7.041942268920063,6
switching,switching::5.0|1.61|25.0,5.0|1.61|25.0,6006,2.019e-06,1.2100000000000001e-05,1.0081e-05,1.0000000000000751e-09,5.0,1.6102594020322538,25.0,819.9145053975052,1321.7459788474582,0.013312694133071769,0.013309692683397451,3.001449674316499e-06,0.0,1.1617502747120536e-09,0.0005072265590583225,0.010735062680215025,7.129691351282654,6006
thermal,thermal::3.0|0.0|25.0,3.0|0.0|25.0,1,0.0,0.0,0.0,,3.0,0.0,25.0,1.3408941239377783,0.0,0.0,0.0,0.0,0.0,0.0,0.0,0.0,0.011659948903806767,0
thermal,thermal::3.0|0.5|25.0,3.0|0.5|25.0,1,1e-09,1e-09,0.0,,3.0,0.5,25.0,137.66394560946188,67.22190959022849,0.0,0.0,0.0,0.0,0.0,0.0,0.0033333333333333335,1.197077787908364,1
thermal,thermal::3.0|1.0|25.0,3.0|1.0|25.0,1,2e-09,2e-09,0.0,,3.0,1.0,25.0,232.25567802131567,229.12264359168256,0.0,0.0,0.0,0.0,0.0,0.0,0.006666666666666667,2.0196145914897015,1
thermal,thermal::3.0|1.5|25.0,3.0|1.5|25.0,1,3.0000000000000004e-09,3.0000000000000004e-09,0.0,,3.0,1.5,25.0,286.69877878791397,425.4760102868691,0.0,0.0,0.0,0.0,0.0,0.0,0.01,2.4930328590253388,1
thermal,thermal::3.0|2.0|25.0,3.0|2.0|25.0,1,4e-09,4e-09,0.0,,3.0,2.0,25.0,296.57397300336373,587.2158845061373,0.0,0.0,0.0,0.0,0.0,0.0,0.013333333333333334,2.578904113072728,1
thermal,thermal::3.0|2.5|25.0,3.0|2.5|25.0,1,5e-09,5e-09,0.0,,3.0,2.5,25.0,297.921663835594,737.5863441038114,0.0,0.0,0.0,0.0,0.0,0.0,0.016666666666666666,2.590623163787774,1
thermal,thermal::3.0|3.0|25.0,3.0|3.0|25.0,1,6.000000000000001e-09,6.000000000000001e-09,0.0,,3.0,3.0,25.0,299.27452218672397,889.3890746170781,0.0,0.0,0.0,0.0,0.0,0.0,0.02,2.6023871494497737,1
thermal,thermal::3.0|3.5|25.0,3.0|3.5|25.0,1,7.000000000000001e-09,7.000000000000001e-09,0.0,,3.0,3.5,25.0,300.6321194940384,1042.6254595505477,0.0,0.0,0.0,0.0,0.0,0.0,0.023333333333333334,2.614192343426421,1
thermal,thermal::3.0|4.0|25.0,3.0|4.0|25.0,1,8e-09,8e-09,0.0,,3.0,4.0,25.0,301.9940733096316,1197.2965049030672,0.0,0.0,0.0,0.0,0.0,0.0,0.02666666666666667,2.626035420083753,1
thermal,thermal::3.0|4.5|25.0,3.0|4.5|25.0,1,9.000000000000001e-09,9.000000000000001e-09,0.0,,3.0,4.5,25.0,303.36004126034607,1353.4029597039755,0.0,0.0,0.0,0.0,0.0,0.0,0.03,2.637913402263879,1
thermal,thermal::3.0|5.0|25.0,3.0|5.0|25.0,1,1e-08,1e-08,0.0,,3.0,5.0,25.0,304.7297159327781,1510.9453931374567,0.0,0.0,0.0,0.0,0.0,0.0,0.03333333333333333,2.649823616806766,1
thermal,thermal::3.0|5.5|25.0,3.0|5.5|25.0,1,1.1000000000000001e-08,1.1000000000000001e-08,0.0,,3.0,5.5,25.0,306.10282052219316,1669.924245462976,0.0,0.0,0.0,0.0,0.0,0.0,0.03666666666666667,2.661763656714723,1
thermal,thermal::3.0|6.0|25.0,3.0|6.0|25.0,1,1.2000000000000002e-08,1.2000000000000002e-08,0.0,,3.0,6.0,25.0,307.47910511549196,1830.3398625620846,0.0,0.0,0.0,0.0,0.0,0.0,0.04,2.6737313488303647,1
thermal,thermal::3.0|6.5|25.0,3.0|6.5|25.0,1,1.3e-08,1.3e-08,0.0,,3.0,6.5,25.0,308.8583435029925,1992.1925199416391,0.0,0.0,0.0,0.0,0.0,0.0,0.043333333333333335,2.685724726112978,1
thermal,thermal::3.0|7.0|25.0,3.0|7.0|25.0,1,1.4000000000000001e-08,1.4000000000000001e-08,0.0,,3.0,7.0,25.0,310.2403304332898,2155.4824397659054,0.0,0.0,0.0,0.0,0.0,0.0,0.04666666666666667,2.697742003767737,1
thermal,thermal::3.0|7.5|25.0,3.0|7.5|25.0,1,1.5000000000000002e-08,1.5000000000000002e-08,0.0,,3.0,7.5,25.0,311.62487924098093,2320.2098031704973,0.0,0.0,0.0,0.0,0.0,0.0,0.05,2.7097815586172254,1
thermal,thermal::3.0|8.0|25.0,3.0|8.0|25.0,1,1.6e-08,1.6e-08,0.0,,3.0,8.0,25.0,313.0118197894807,2486.374759315711,0.0,0.0,0.0,0.0,0.0,0.0,0.05333333333333334,2.7218419112128753,1
thermal,thermal::3.0|8.5|25.0,3.0|8.5|25.0,1,1.7e-08,1.7e-08,0.0,,3.0,8.5,25.0,314.4009966811551,2653.9774321439354,0.0,0.0,0.0,0.0,0.0,0.0,0.056666666666666664,2.733921710270914,1
thermal,thermal::3.0|9.0|25.0,3.0|9.0|25.0,1,1.8000000000000002e-08,1.8000000000000002e-08,0.0,,3.0,9.0,25.0,315.7922676951105,2823.017925492897,0.0,0.0,0.0,0.0,0.0,0.0,0.06,2.7460197190879176,1
thermal,thermal::3.0|9.5|25.0,3.0|9.5|25.0,1,1.9e-08,1.9e-08,0.0,,3.0,9.5,25.0,317.1855024195546,2993.49632701325,0.0,0.0,0.0,0.0,0.0,0.0,0.06333333333333334,2.758134803648301,1
thermal,thermal::3.0|10.0|25.0,3.0|10.0|25.0,1,2e-08,2e-08,0.0,,3.0,10.0,25.0,318.5805810510344,3165.412711204484,0.0,0.0,0.0,0.0,0.0,0.0,0.06666666666666667,2.770265922182908,1
thermal,thermal::3.0|10.5|25.0,3.0|10.5|25.0,1,2.1000000000000003e-08,2.1000000000000003e-08,0.0,,3.0,10.5,25.0,319.97739333726645,3338.7671417922575,0.0,0.0,0.0,0.0,0.0,0.0,0.07,2.78241211597623,1
thermal,thermal::3.0|11.0|25.0,3.0|11.0|25.0,1,2.2000000000000002e-08,2.2000000000000002e-08,0.0,,3.0,11.0,25.0,321.37583764391957,3513.55967360803,0.0,0.0,0.0,0.0,0.0,0.0,0.07333333333333333,2.7945725012514746,1
thermal,thermal::3.0|11.5|25.0,3.0|11.5|25.0,1,2.3e-08,2.3e-08,0.0,,3.0,11.5,25.0,322.77582012871824,3689.7903540884517,0.0,0.0,0.0,0.0,0.0,0.0,0.07666666666666666,2.806746261988854,1
thermal,thermal::3.0|12.0|25.0,3.0|12.0|25.0,1,2.4000000000000003e-08,2.4000000000000003e-08,0.0,,3.0,12.0,25.0,324.1772540087392,3867.459224481323,0.0,0.0,0.0,0.0,0.0,0.0,0.08,2.818932643554254,1
thermal,thermal::3.0|12.5|25.0,3.0|12.5|25.0,1,2.5000000000000002e-08,2.5000000000000002e-08,0.0,,3.0,12.5,25.0,325.5800589088586,4046.566320823003,0.0,0.0,0.0,0.0,0.0,0.0,0.08333333333333333,2.831130947033553,1
thermal,thermal::3.0|13.0|25.0,3.0|13.0|25.0,1,2.6e-08,2.6e-08,0.0,,3.0,13.0,25.0,326.98416028105515,4227.111674736259,0.0,0.0,0.0,0.0,0.0,0.0,0.08666666666666667,2.8433405241830885,1
thermal,thermal::3.0|13.5|25.0,3.0|13.5|25.0,1,2.7e-08,2.7e-08,0.0,,3.0,13.5,25.0,328.3894888857378,4409.09531408589,0.0,0.0,0.0,0.0,0.0,0.0,0.09,2.855560772919459,1
thermal,thermal::3.0|14.0|25.0,3.0|14.0|25.0,1,2.8000000000000003e-08,2.8000000000000003e-08,0.0,,3.0,14.0,25.0,329.7959803275062,4592.517263520853,0.0,0.0,0.0,0.0,0.0,0.0,0.09333333333333334,2.8677911332826627,1
thermal,thermal::3.0|14.5|25.0,3.0|14.5|25.0,1,2.9e-08,2.9e-08,0.0,,3.0,14.5,25.0,331.2035746387911,4777.377544925174,0.0,0.0,0.0,0.0,0.0,0.0,0.09666666666666666,2.8800310838155747,1
thermal,thermal::3.0|15.0|25.0,3.0|15.0|25.0,1,3.0000000000000004e-08,3.0000000000000004e-08,0.0,,3.0,15.0,25.0,332.61221590571466,4963.676177795061,0.0,0.0,0.0,0.0,0.0,0.0,0.1,2.892280138310562,1
thermal,thermal::3.0|15.5|25.0,3.0|15.5|25.0,1,3.1e-08,3.1e-08,0.0,,3.0,15.5,25.0,334.021851931255,5151.413179555932,0.0,0.0,0.0,0.0,0.0,0.0,0.10333333333333333,2.9045378428804782,1
thermal,thermal::3.0|16.0|25.0,3.0|16.0|25.0,1,3.2e-08,3.2e-08,0.0,,3.0,16.0,25.0,335.4324339314492,5340.588565830234,0.0,0.0,0.0,0.0,0.0,0.0,0.10666666666666667,2.91680377331695,1
thermal,thermal::3.0|16.5|25.0,3.0|16.5|25.0,1,3.3000000000000004e-08,3.3000000000000004e-08,0.0,,3.0,16.5,25.0,336.84391626091394,5531.2023506647565,0.0,0.0,0.0,0.0,0.0,0.0,0.11,2.9290775327035994,1
thermal,thermal::3.0|17.0|25.0,3.0|17.0|25.0,1,3.4e-08,3.4e-08,0.0,,3.0,17.0,25.0,338.25625616443494,5723.254546724389,0.0,0.0,0.0,0.0,0.0,0.0,0.11333333333333333,2.941358749255956,1
thermal,thermal::3.0|17.5|25.0,3.0|17.5|25.0,1,3.5e-08,3.5e-08,0.0,,3.0,17.5,25.0,339.6694135517827,5916.745165457984,0.0,0.0,0.0,0.0,0.0,0.0,0.11666666666666667,2.953647074363328,1
thermal,thermal::3.0|18.0|25.0,3.0|18.0|25.0,1,3.6000000000000005e-08,3.6000000000000005e-08,0.0,,3.0,18.0,25.0,341.0833507932586,6111.674217240876,0.0,0.0,0.0,0.0,0.0,0.0,0.12,2.9659421808109445,1
thermal,thermal::3.0|18.5|25.0,3.0|18.5|25.0,1,3.7e-08,3.7e-08,0.0,,3.0,18.5,25.0,342.4980325337789,6308.041711497838,0.0,0.0,0.0,0.0,0.0,0.0,0.12333333333333334,2.9782437611632946,1
thermal,thermal::3.0|19.0|25.0,3.0|19.0|25.0,1,3.8e-08,3.8e-08,0.0,,3.0,19.0,25.0,343.91342552356605,6505.847656809489,0.0,0.0,0.0,0.0,0.0,0.0,0.12666666666666668,2.9905515262918785,1
thermal,thermal::3.0|19.5|25.0,3.0|19.5|25.0,1,3.9000000000000005e-08,3.9000000000000005e-08,0.0,,3.0,19.5,25.0,345.3294984637395,6705.092061004749,0.0,0.0,0.0,0.0,0.0,0.0,0.13,3.0028652040325174,1
thermal,thermal::3.0|20.0|25.0,3.0|20.0|25.0,1,4e-08,4e-08,0.0,,3.0,20.0,25.0,346.74622186530104,6905.774931241374,0.0,0.0,0.0,0.0,0.0,0.0,0.13333333333333333,3.0151845379591395,1
thermal,thermal::3.0|20.5|25.0,3.0|20.5|25.0,1,4.1e-08,4.1e-08,0.0,,3.0,20.5,25.0,348.1635679201766,7107.896274076387,0.0,0.0,0.0,0.0,0.0,0.0,0.13666666666666666,3.027509286262405,1
thermal,thermal::3.0|21.0|25.0,3.0|21.0|25.0,1,4.2000000000000006e-08,4.2000000000000006e-08,0.0,,3.0,21.0,25.0,349.58151038312934,7311.456095527792,0.0,0.0,0.0,0.0,0.0,0.0,0.14,3.0398392207228637,1
thermal,thermal::3.0|21.5|25.0,3.0|21.5|25.0,1,4.3e-08,4.3e-08,0.0,,3.0,21.5,25.0,351.0000244634905,7516.454401128855,0.0,0.0,0.0,0.0,0.0,0.0,0.14333333333333334,3.0521741257694823,1
thermal,thermal::3.0|22.0|25.0,3.0|22.0|25.0,1,4.4000000000000004e-08,4.4000000000000004e-08,0.0,,3.0,22.0,25.0,352.4190867257665,7722.891195975938,0.0,0.0,0.0,0.0,0.0,0.0,0.14666666666666667,3.0645137976153607,1
thermal,thermal::3.0|22.5|25.0,3.0|22.5|25.0,1,4.5000000000000006e-08,4.5000000000000006e-08,0.0,,3.0,22.5,25.0,353.83867499828796,7930.766484770796,0.0,0.0,0.0,0.0,0.0,0.0,0.15,3.0768580434633734,1
thermal,thermal::3.0|23.0|25.0,3.0|23.0|25.0,1,4.6e-08,4.6e-08,0.0,,3.0,23.0,25.0,355.25876828914807,8140.080271858033,0.0,0.0,0.0,0.0,0.0,0.0,0.15333333333333332,3.0892066807752006,1
thermal,thermal::3.0|23.5|25.0,3.0|23.5|25.0,1,4.7000000000000004e-08,4.7000000000000004e-08,0.0,,3.0,23.5,25.0,356.6793467087641,8350.832561258392,0.0,0.0,0.0,0.0,0.0,0.0,0.15666666666666668,3.1015595365979487,1
thermal,thermal::3.0|24.0|25.0,3.0|24.0|25.0,1,4.8000000000000006e-08,4.8000000000000006e-08,0.0,,3.0,24.0,25.0,358.10039139845804,8563.02335669838,0.0,0.0,0.0,0.0,0.0,0.0,0.16,3.1139164469431133,1
thermal,thermal::3.0|24.5|25.0,3.0|24.5|25.0,1,4.9e-08,4.9e-08,0.0,,3.0,24.5,25.0,359.5218844645194,8776.652661636692,0.0,0.0,0.0,0.0,0.0,0.0,0.16333333333333333,3.1262772562132124,1
thermal,thermal::3.0|25.0|25.0,3.0|25.0|25.0,1,5.0000000000000004e-08,5.0000000000000004e-08,0.0,,3.0,25.0,25.0,360.9438089172656,8991.720479287846,0.0,0.0,0.0,0.0,0.0,0.0,0.16666666666666666,3.138641816671875,1
thermal,thermal::3.0|25.5|25.0,3.0|25.5|25.0,1,5.1e-08,5.1e-08,0.0,,3.0,25.5,25.0,362.3661486146616,9208.22681264336,0.0,0.0,0.0,0.0,0.0,0.0,0.17,3.151009987953579,1
thermal,thermal::3.0|26.0|25.0,3.0|26.0|25.0,1,5.2e-08,5.2e-08,0.0,,3.0,26.0,25.0,363.7888882101088,9426.171664490768,0.0,0.0,0.0,0.0,0.0,0.0,0.17333333333333334,3.1633816366096417,1
thermal,thermal::3.0|26.5|25.0,3.0|26.5|25.0,1,5.3000000000000005e-08,5.3000000000000005e-08,0.0,,3.0,26.5,25.0,365.2120131040435,9645.555037430699,0.0,0.0,0.0,0.0,0.0,0.0,0.17666666666666667,3.1757566356873346,1
thermal,thermal::3.0|27.0|25.0,3.0|27.0|25.0,1,5.4e-08,5.4e-08,0.0,,3.0,27.0,25.0,366.63550939902996,9866.376933892292,0.0,0.0,0.0,0.0,0.0,0.0,0.18,3.188134864339391,1
thermal,thermal::3.0|27.5|25.0,3.0|27.5|25.0,1,5.5e-08,5.5e-08,0.0,,3.0,27.5,25.0,368.0593638580526,10088.637356147108,0.0,0.0,0.0,0.0,0.0,0.0,0.18333333333333332,3.200516207461327,1
thermal,thermal::3.0|28.0|25.0,3.0|28.0|25.0,1,5.6000000000000005e-08,5.6000000000000005e-08,0.0,,3.0,28.0,25.0,369.48356386574676,10312.336306321691,0.0,0.0,0.0,0.0,0.0,0.0,0.18666666666666668,3.2129005553543197,1
thermal,thermal::3.0|28.5|25.0,3.0|28.5|25.0,1,5.7e-08,5.7e-08,0.0,,3.0,28.5,25.0,370.90809739232884,10537.473786408971,0.0,0.0,0.0,0.0,0.0,0.0,0.19,3.2252878034115553,1
thermal,thermal::3.0|29.0|25.0,3.0|29.0|25.0,1,5.8e-08,5.8e-08,0.0,,3.0,29.0,25.0,372.33295296000927,10764.049798278586,0.0,0.0,0.0,0.0,0.0,0.0,0.19333333333333333,3.2376778518261675,1
thermal,thermal::3.0|29.5|25.0,3.0|29.5|25.0,1,5.9000000000000006e-08,5.9000000000000006e-08,0.0,,3.0,29.5,25.0,373.75811961169086,10992.064343686272,0.0,0.0,0.0,0.0,0.0,0.0,0.19666666666666666,3.250070605319051,1
thermal,thermal::3.0|30.0|25.0,3.0|30.0|25.0,1,6.000000000000001e-08,6.000000000000001e-08,0.0,,3.0,30.0,25.0,375.18358688177324,11221.517424282418,0.0,0.0,0.0,0.0,0.0,0.0,0.2,3.2624659728849847,1
thermal,thermal::3.0|30.5|25.0,3.0|30.5|25.0,1,6.1e-08,6.1e-08,0.0,,3.0,30.5,25.0,376.60934476889975,11452.409041619836,0.0,0.0,0.0,0.0,0.0,0.0,0.20333333333333334,3.27486386755565,1
thermal,thermal::3.0|31.0|25.0,3.0|31.0|25.0,1,6.2e-08,6.2e-08,0.0,,3.0,31.0,25.0,378.0353837104984,11684.739197160876,0.0,0.0,0.0,0.0,0.0,0.0,0.20666666666666667,3.2872642061782473,1
thermal,thermal::3.0|31.5|25.0,3.0|31.5|25.0,1,6.300000000000001e-08,6.300000000000001e-08,0.0,,3.0,31.5,25.0,379.46169455897933,11918.507892283915,0.0,0.0,0.0,0.0,0.0,0.0,0.21,3.299666909208516,1
thermal,thermal::3.0|32.0|25.0,3.0|32.0|25.0,1,6.4e-08,6.4e-08,0.0,,3.0,32.0,25.0,380.888268559466,12153.715128289305,0.0,0.0,0.0,0.0,0.0,0.0,0.21333333333333335,3.3120719005170955,1
thermal,thermal::3.0|32.5|25.0,3.0|32.5|25.0,1,6.5e-08,6.5e-08,0.0,,3.0,32.5,25.0,382.3150973289435,12390.360906404801,0.0,0.0,0.0,0.0,0.0,0.0,0.21666666666666667,3.3244791072082047,1
thermal,thermal::3.0|33.0|25.0,3.0|33.0|25.0,1,6.600000000000001e-08,6.600000000000001e-08,0.0,,3.0,33.0,25.0,383.7421728367243,12628.445227790586,0.0,0.0,0.0,0.0,0.0,0.0,0.22,3.3368884594497765,1
thermal,thermal::3.0|33.5|25.0,3.0|33.5|25.0,1,6.7e-08,6.7e-08,0.0,,3.0,33.5,25.0,385.1694873861291,12867.968093543828,0.0,0.0,0.0,0.0,0.0,0.0,0.22333333333333333,3.349299890314166,1
thermal,thermal::3.0|34.0|25.0,3.0|34.0|25.0,1,6.8e-08,6.8e-08,0.0,,3.0,34.0,25.0,386.59703359730173,13108.929504702915,0.0,0.0,0.0,0.0,0.0,0.0,0.22666666666666666,3.3617133356287106,1
thermal,thermal::3.0|34.5|25.0,3.0|34.5|25.0,1,6.900000000000001e-08,6.900000000000001e-08,0.0,,3.0,34.5,25.0,388.02480439107296,13351.32946225134,0.0,0.0,0.0,0.0,0.0,0.0,0.23,3.374128733835417,1
thermal,thermal::3.0|35.0|25.0,3.0|35.0|25.0,1,7e-08,7e-08,0.0,,3.0,35.0,25.0,389.4527929738006,13595.167967121273,0.0,0.0,0.0,0.0,0.0,0.0,0.23333333333333334,3.3865460258591358,1
thermal,thermal::3.0|35.5|25.0,3.0|35.5|25.0,1,7.1e-08,7.1e-08,0.0,,3.0,35.5,25.0,390.8809928231183,13840.445020196876,0.0,0.0,0.0,0.0,0.0,0.0,0.23666666666666666,3.398965154983637,1
thermal,thermal::3.0|36.0|25.0,3.0|36.0|25.0,1,7.200000000000001e-08,7.200000000000001e-08,0.0,,3.0,36.0,25.0,392.30939767452867,14087.160622317348,0.0,0.0,0.0,0.0,0.0,0.0,0.24,3.411386066735032,1
thermal,thermal::3.0|36.5|25.0,3.0|36.5|25.0,1,7.3e-08,7.3e-08,0.0,,3.0,36.5,25.0,393.7380015087843,14335.314774279748,0.0,0.0,0.0,0.0,0.0,0.0,0.24333333333333335,3.4238087087720372,1
thermal,thermal::3.0|37.0|25.0,3.0|37.0|25.0,1,7.4e-08,7.4e-08,0.0,,3.0,37.0,25.0,395.1667985400022,14584.907476841609,0.0,0.0,0.0,0.0,0.0,0.0,0.24666666666666667,3.436233030782628,1
thermal,thermal::3.0|37.5|25.0,3.0|37.5|25.0,1,7.500000000000001e-08,7.500000000000001e-08,0.0,,3.0,37.5,25.0,396.59578320446326,14835.938730723352,0.0,0.0,0.0,0.0,0.0,0.0,0.25,3.448658984386637,1
thermal,thermal::3.0|38.0|25.0,3.0|38.0|25.0,1,7.6e-08,7.6e-08,0.0,,3.0,38.0,25.0,398.02495015005013,15088.408536610541,0.0,0.0,0.0,0.0,0.0,0.0,0.25333333333333335,3.4610865230439143,1
thermal,thermal::3.0|38.5|25.0,3.0|38.5|25.0,1,7.7e-08,7.7e-08,0.0,,3.0,38.5,25.0,399.45429422628297,15342.316895155966,0.0,0.0,0.0,0.0,0.0,0.0,0.25666666666666665,3.473515601967678,1
thermal,thermal::3.0|39.0|25.0,3.0|39.0|25.0,1,7.800000000000001e-08,7.800000000000001e-08,0.0,,3.0,39.0,25.0,400.8838104749114,15597.663806981562,0.0,0.0,0.0,0.0,0.0,0.0,0.26,3.485946178042708,1
thermal,thermal::3.0|39.5|25.0,3.0|39.5|25.0,1,7.9e-08,7.9e-08,0.0,,3.0,39.5,25.0,402.31349412103003,15854.44927268023,0.0,0.0,0.0,0.0,0.0,0.0,0.2633333333333333,3.498378209748087,1
thermal,thermal::3.0|40.0|25.0,3.0|40.0|25.0,1,8e-08,8e-08,0.0,,3.0,40.0,25.0,403.7433405646812,16112.673292817499,0.0,0.0,0.0,0.0,0.0,0.0,0.26666666666666666,3.5108116570841843,1
thermal,thermal::5.0|0.0|25.0,5.0|0.0|25.0,1,8.100000000000001e-08,8.100000000000001e-08,0.0,,5.0,0.0,25.0,0.8939294159585188,0.0,0.0,0.0,0.0,0.0,0.0,0.0,0.0,0.007773299269204511,0
thermal,thermal::5.0|0.5|25.0,5.0|0.5|25.0,1,8.2e-08,8.2e-08,0.0,,5.0,0.5,25.0,300.39062954728564,148.58525155914037,0.0,0.0,0.0,0.0,0.0,0.0,0.0033333333333333335,2.612092430845962,1
thermal,thermal::5.0|1.0|25.0,5.0|1.0|25.0,1,8.3e-08,8.3e-08,0.0,,5.0,1.0,25.0,559.3282168814193,556.1951824517862,0.0,0.0,0.0,0.0,0.0,0.0,0.006666666666666667,4.86372362505582,1
thermal,thermal::5.0|1.5|25.0,5.0|1.5|25.0,1,8.400000000000001e-08,8.400000000000001e-08,0.0,,5.0,1.5,25.0,779.7363435547533,1165.032357437128,0.0,0.0,0.0,0.0,0.0,0.0,0.01,6.780316030910898,1
thermal,thermal::5.0|2.0|25.0,5.0|2.0|25.0,1,8.500000000000001e-08,8.500000000000001e-08,0.0,,5.0,2.0,25.0,845.889919509164,1685.8477775177378,0.0,0.0,0.0,0.0,0.0,0.0,0.013333333333333334,7.355564517470991,1
thermal,thermal::5.0|2.5|25.0,5.0|2.5|25.0,1,8.6e-08,8.6e-08,0.0,,5.0,2.5,25.0,849.9303355693637,2117.6080234382357,0.0,0.0,0.0,0.0,0.0,0.0,0.016666666666666666,7.39069857016838,1
thermal,thermal::5.0|3.0|25.0,5.0|3.0|25.0,1,8.700000000000001e-08,8.700000000000001e-08,0.0,,5.0,3.0,25.0,853.9759191484634,2553.4932655022963,0.0,0.0,0.0,0.0,0.0,0.0,0.02,7.425877557812725,1
thermal,thermal::5.0|3.5|25.0,5.0|3.5|25.0,1,8.800000000000001e-08,8.800000000000001e-08,0.0,,5.0,3.5,25.0,858.0262416837475,2993.5048872145294,0.0,0.0,0.0,0.0,0.0,0.0,0.023333333333333334,7.461097753771717,1
thermal,thermal::5.0|4.0|25.0,5.0|4.0|25.0,1,8.9e-08,8.9e-08,0.0,,5.0,4.0,25.0,862.0809207273102,3437.643894573782,0.0,0.0,0.0,0.0,0.0,0.0,0.02666666666666667,7.496355832411393,1
thermal,thermal::5.0|4.5|25.0,5.0|4.5|25.0,1,9.000000000000001e-08,9.000000000000001e-08,0.0,,5.0,4.5,25.0,866.1396139059942,3885.9110366093923,0.0,0.0,0.0,0.0,0.0,0.0,0.03,7.531648816573862,1
thermal,thermal::5.0|5.0|25.0,5.0|5.0|25.0,1,9.100000000000001e-08,9.100000000000001e-08,0.0,,5.0,5.0,25.0,870.2020138063959,4338.306882505546,0.0,0.0,0.0,0.0,0.0,0.0,0.03333333333333333,7.566974033099095,1
thermal,thermal::5.0|5.5|25.0,5.0|5.5|25.0,1,9.2e-08,9.2e-08,0.0,,5.0,5.5,25.0,874.2678436237805,4794.831872521707,0.0,0.0,0.0,0.0,0.0,0.0,0.03666666666666667,7.602329074989396,1
thermal,thermal::5.0|6.0|25.0,5.0|6.0|25.0,1,9.300000000000001e-08,9.300000000000001e-08,0.0,,5.0,6.0,25.0,878.3368534450491,5255.486352539428,0.0,0.0,0.0,0.0,0.0,0.0,0.04,7.6377117690873835,1
thermal,thermal::5.0|6.5|25.0,5.0|6.5|25.0,1,9.400000000000001e-08,9.400000000000001e-08,0.0,,5.0,6.5,25.0,882.4088170605191,5720.270598065562,0.0,0.0,0.0,0.0,0.0,0.0,0.043333333333333335,7.67312014835234,1
thermal,thermal::5.0|7.0|25.0,5.0|7.0|25.0,1,9.5e-08,9.5e-08,0.0,,5.0,7.0,25.0,886.4835292187861,6189.18483126438,0.0,0.0,0.0,0.0,0.0,0.0,0.04666666666666667,7.708552427989444,1
thermal,thermal::5.0|7.5|25.0,5.0|7.5|25.0,1,9.600000000000001e-08,9.600000000000001e-08,0.0,,5.0,7.5,25.0,890.5608032544468,6662.2292332714915,0.0,0.0,0.0,0.0,0.0,0.0,0.05,7.744006984821277,1
thermal,thermal::5.0|8.0|25.0,5.0|8.0|25.0,1,9.700000000000001e-08,9.700000000000001e-08,0.0,,5.0,8.0,25.0,894.6404690309163,7139.403953247195,0.0,0.0,0.0,0.0,0.0,0.0,0.05333333333333334,7.779482339399272,1
thermal,thermal::5.0|8.5|25.0,5.0|8.5|25.0,1,9.8e-08,9.8e-08,0.0,,5.0,8.5,25.0,898.7223711505602,7620.709115133879,0.0,0.0,0.0,0.0,0.0,0.0,0.056666666666666664,7.814977140439654,1
thermal,thermal::5.0|9.0|25.0,5.0|9.0|25.0,1,9.9e-08,9.9e-08,0.0,,5.0,9.0,25.0,902.8063673924852,8106.144822769269,0.0,0.0,0.0,0.0,0.0,0.0,0.06,7.8504901512390015,1
thermal,thermal::5.0|9.5|25.0,5.0|9.5|25.0,1,1.0000000000000001e-07,1.0000000000000001e-07,0.0,,5.0,9.5,25.0,906.8923273448988,8595.711163804022,0.0,0.0,0.0,0.0,0.0,0.0,0.06333333333333334,7.886020237781729,1
thermal,thermal::5.0|10.0|25.0,5.0|10.0|25.0,1,1.01e-07,1.01e-07,0.0,,5.0,10.0,25.0,910.9801312043484,9089.408212737624,0.0,0.0,0.0,0.0,0.0,0.0,0.06666666666666667,7.921566358298682,1
thermal,thermal::5.0|10.5|25.0,5.0|10.5|25.0,1,1.02e-07,1.02e-07,0.0,,5.0,10.5,25.0,915.06966871855,9587.236033295734,0.0,0.0,0.0,0.0,0.0,0.0,0.07,7.957127554074348,1
thermal,thermal::5.0|11.0|25.0,5.0|11.0|25.0,1,1.0300000000000001e-07,1.0300000000000001e-07,0.0,,5.0,11.0,25.0,919.1608382531728,10089.194680309816,0.0,0.0,0.0,0.0,0.0,0.0,0.07333333333333333,7.992702941331937,1
thermal,thermal::5.0|11.5|25.0,5.0|11.5|25.0,1,1.04e-07,1.04e-07,0.0,,5.0,11.5,25.0,923.2535459659409,10595.284201216513,0.0,0.0,0.0,0.0,0.0,0.0,0.07666666666666666,8.02829170405166,1
thermal,thermal::5.0|12.0|25.0,5.0|12.0|25.0,1,1.05e-07,1.05e-07,0.0,,5.0,12.0,25.0,927.3477050739317,11105.504637263633,0.0,0.0,0.0,0.0,0.0,0.0,0.08,8.063893087599405,1
thermal,thermal::5.0|12.5|25.0,5.0|12.5|25.0,1,1.0600000000000001e-07,1.0600000000000001e-07,0.0,,5.0,12.5,25.0,931.4432352020206,11619.856024487528,0.0,0.0,0.0,0.0,0.0,0.0,0.08333333333333333,8.099506393061048,1
thermal,thermal::5.0|13.0|25.0,5.0|13.0|25.0,1,1.07e-07,1.07e-07,0.0,,5.0,13.0,25.0,935.5400618021866,12138.338394510969,0.0,0.0,0.0,0.0,0.0,0.0,0.08666666666666667,8.135130972192927,1
thermal,thermal::5.0|13.5|25.0,5.0|13.5|25.0,1,1.08e-07,1.08e-07,0.0,,5.0,13.5,25.0,939.6381156348392,12660.951775198757,0.0,0.0,0.0,0.0,0.0,0.0,0.09,8.170766222911645,1
thermal,thermal::5.0|14.0|25.0,5.0|14.0|25.0,1,1.0900000000000001e-07,1.0900000000000001e-07,0.0,,5.0,14.0,25.0,943.737332304577,13187.696191199846,0.0,0.0,0.0,0.0,0.0,0.0,0.09333333333333334,8.206411585257191,1
thermal,thermal::5.0|14.5|25.0,5.0|14.5|25.0,1,1.1e-07,1.1e-07,0.0,,5.0,14.5,25.0,947.8376518438316,13718.571664398261,0.0,0.0,0.0,0.0,0.0,0.0,0.09666666666666666,8.242066537772448,1
thermal,thermal::5.0|15.0|25.0,5.0|15.0|25.0,1,1.11e-07,1.11e-07,0.0,,5.0,15.0,25.0,951.9390183387245,14253.57821429021,0.0,0.0,0.0,0.0,0.0,0.0,0.1,8.277730594249778,1
thermal,thermal::5.0|15.5|25.0,5.0|15.5|25.0,1,1.1200000000000001e-07,1.1200000000000001e-07,0.0,,5.0,15.5,25.0,956.0413795922348,14792.715858301119,0.0,0.0,0.0,0.0,0.0,0.0,0.10333333333333333,8.313403300802042,1
thermal,thermal::5.0|16.0|25.0,5.0|16.0|25.0,1,1.13e-07,1.13e-07,0.0,,5.0,16.0,25.0,960.1446868203984,15335.98461205342,0.0,0.0,0.0,0.0,0.0,0.0,0.10666666666666667,8.349084233220855,1
thermal,thermal::5.0|16.5|25.0,5.0|16.5|25.0,1,1.14e-07,1.14e-07,0.0,,5.0,16.5,25.0,964.2488943778328,15883.384489593916,0.0,0.0,0.0,0.0,0.0,0.0,0.11,8.38477299458985,1
thermal,thermal::5.0|17.0|25.0,5.0|17.0|25.0,1,1.1500000000000001e-07,1.1500000000000001e-07,0.0,,5.0,17.0,25.0,968.3539595093233,16434.91550358749,0.0,0.0,0.0,0.0,0.0,0.0,0.11333333333333333,8.42046921312455,1
thermal,thermal::5.0|17.5|25.0,5.0|17.5|25.0,1,1.16e-07,1.16e-07,0.0,,5.0,17.5,25.0,972.4598421246409,16990.577665482997,0.0,0.0,0.0,0.0,0.0,0.0,0.11666666666666667,8.456172540214268,1
thermal,thermal::5.0|18.0|25.0,5.0|18.0|25.0,1,1.17e-07,1.17e-07,0.0,,5.0,18.0,25.0,976.5665045940862,17550.370985655776,0.0,0.0,0.0,0.0,0.0,0.0,0.12,8.491882648644227,1
thermal,thermal::5.0|18.5|25.0,5.0|18.5|25.0,1,1.1800000000000001e-07,1.1800000000000001e-07,0.0,,5.0,18.5,25.0,980.6739115625762,18114.295473530587,0.0,0.0,0.0,0.0,0.0,0.0,0.12333333333333334,8.527599230978923,1
thermal,thermal::5.0|19.0|25.0,5.0|19.0|25.0,1,1.1900000000000001e-07,1.1900000000000001e-07,0.0,,5.0,19.0,25.0,984.782029780333,18682.351137688063,0.0,0.0,0.0,0.0,0.0,0.0,0.12666666666666668,8.563321998089853,1
thermal,thermal::5.0|19.5|25.0,5.0|19.5|25.0,1,1.2000000000000002e-07,1.2000000000000002e-07,0.0,,5.0,19.5,25.0,988.8908279484762,19254.53798595711,0.0,0.0,0.0,0.0,0.0,0.0,0.13,8.599050677812835,1
thermal,thermal::5.0|20.0|25.0,5.0|20.0|25.0,1,1.21e-07,1.21e-07,0.0,,5.0,20.0,25.0,993.0002765780071,19830.856025495494,0.0,0.0,0.0,0.0,0.0,0.0,0.13333333333333333,8.634785013721801,1
thermal,thermal::5.0|20.5|25.0,5.0|20.5|25.0,1,1.22e-07,1.22e-07,0.0,,5.0,20.5,25.0,997.1103478608524,20411.30526286024,0.0,0.0,0.0,0.0,0.0,0.0,0.13666666666666666,8.670524764007412,1
thermal,thermal::5.0|21.0|25.0,5.0|21.0|25.0,1,1.23e-07,1.23e-07,0.0,,5.0,21.0,25.0,1001.2210155517747,20995.885704069344,0.0,0.0,0.0,0.0,0.0,0.0,0.14,8.706269700450214,1
thermal,thermal::5.0|21.5|25.0,5.0|21.5|25.0,1,1.24e-07,1.24e-07,0.0,,5.0,21.5,25.0,1005.3322548601054,21584.597354656078,0.0,0.0,0.0,0.0,0.0,0.0,0.14333333333333334,8.742019607479177,1
thermal,thermal::5.0|22.0|25.0,5.0|22.0|25.0,1,1.2500000000000002e-07,1.2500000000000002e-07,0.0,,5.0,22.0,25.0,1009.4440423503511,22177.4402197168,0.0,0.0,0.0,0.0,0.0,0.0,0.14666666666666667,8.777774281307401,1
thermal,thermal::5.0|22.5|25.0,5.0|22.5|25.0,1,1.2600000000000002e-07,1.2600000000000002e-07,0.0,,5.0,22.5,25.0,1013.5563558508422,22774.414303953265,0.0,0.0,0.0,0.0,0.0,0.0,0.15,8.813533529137759,1
thermal,thermal::5.0|23.0|25.0,5.0|23.0|25.0,1,1.27e-07,1.27e-07,0.0,,5.0,23.0,25.0,1017.6691743696719,23375.51961171008,0.0,0.0,0.0,0.0,0.0,0.0,0.15333333333333332,8.84929716843193,1
thermal,thermal::5.0|23.5|25.0,5.0|23.5|25.0,1,1.28e-07,1.28e-07,0.0,,5.0,23.5,25.0,1021.7824780172574,23980.756147007985,0.0,0.0,0.0,0.0,0.0,0.0,0.15666666666666668,8.88506502623702,1
thermal,thermal::5.0|24.0|25.0,5.0|24.0|25.0,1,1.29e-07,1.29e-07,0.0,,5.0,24.0,25.0,1025.896247934921,24590.123913573494,0.0,0.0,0.0,0.0,0.0,0.0,0.16,8.920836938564529,1
thermal,thermal::5.0|24.5|25.0,5.0|24.5|25.0,1,1.3e-07,1.3e-07,0.0,,5.0,24.5,25.0,1030.010466228952,25203.622914865293,0.0,0.0,0.0,0.0,0.0,0.0,0.16333333333333333,8.956612749816975,1
thermal,thermal::5.0|25.0|25.0,5.0|25.0|25.0,1,1.31e-07,1.31e-07,0.0,,5.0,25.0,25.0,1034.1251159096678,25821.253154097896,0.0,0.0,0.0,0.0,0.0,0.0,0.16666666666666666,8.99239231225798,1
thermal,thermal::5.0|25.5|25.0,5.0|25.5|25.0,1,1.3200000000000002e-07,1.3200000000000002e-07,0.0,,5.0,25.5,25.0,1038.2401808350335,26443.01463426284,0.0,0.0,0.0,0.0,0.0,0.0,0.17,9.02817548552203,1
thermal,thermal::5.0|26.0|25.0,5.0|26.0|25.0,1,1.33e-07,1.33e-07,0.0,,5.0,26.0,25.0,1042.3556456584502,27068.907358147648,0.0,0.0,0.0,0.0,0.0,0.0,0.17333333333333334,9.063962136160436,1
thermal,thermal::5.0|26.5|25.0,5.0|26.5|25.0,1,1.34e-07,1.34e-07,0.0,,5.0,26.5,25.0,1046.4714957803546,27698.931328352945,0.0,0.0,0.0,0.0,0.0,0.0,0.17666666666666667,9.099752137220475,1
thermal,thermal::5.0|27.0|25.0,5.0|27.0|25.0,1,1.35e-07,1.35e-07,0.0,,5.0,27.0,25.0,1050.5877173033105,28333.08654730787,0.0,0.0,0.0,0.0,0.0,0.0,0.18,9.135545367854874,1
thermal,thermal::5.0|27.5|25.0,5.0|27.5|25.0,1,1.36e-07,1.36e-07,0.0,,5.0,27.5,25.0,1054.7042969903027,28971.373017283986,0.0,0.0,0.0,0.0,0.0,0.0,0.18333333333333332,9.171341712959155,1
thermal,thermal::5.0|28.0|25.0,5.0|28.0|25.0,1,1.37e-07,1.37e-07,0.0,,5.0,28.0,25.0,1058.8212222259665,29613.790740407847,0.0,0.0,0.0,0.0,0.0,0.0,0.18666666666666668,9.207141062834491,1
thermal,thermal::5.0|28.5|25.0,5.0|28.5|25.0,1,1.3800000000000002e-07,1.3800000000000002e-07,0.0,,5.0,28.5,25.0,1062.938480980518,30260.339718672374,0.0,0.0,0.0,0.0,0.0,0.0,0.19,9.24294331287407,1
thermal,thermal::5.0|29.0|25.0,5.0|29.0|25.0,1,1.3900000000000001e-07,1.3900000000000001e-07,0.0,,5.0,29.0,25.0,1067.0560617761685,30911.0199539472,0.0,0.0,0.0,0.0,0.0,0.0,0.19333333333333333,9.27874836327103,1
thermal,thermal::5.0|29.5|25.0,5.0|29.5|25.0,1,1.4e-07,1.4e-07,0.0,,5.0,29.5,25.0,1071.1739536558193,31565.83144798807,0.0,0.0,0.0,0.0,0.0,0.0,0.19666666666666666,9.314556118746255,1
thermal,thermal::5.0|30.0|25.0,5.0|30.0|25.0,1,1.41e-07,1.41e-07,0.0,,5.0,30.0,25.0,1075.2921461538717,32224.77420244537,0.0,0.0,0.0,0.0,0.0,0.0,0.2,9.350366488294537,1
thermal,thermal::5.0|30.5|25.0,5.0|30.5|25.0,1,1.42e-07,1.42e-07,0.0,,5.0,30.5,25.0,1079.4106292689676,32887.848218871906,0.0,0.0,0.0,0.0,0.0,0.0,0.20333333333333334,9.386179384947544,1
thermal,thermal::5.0|31.0|25.0,5.0|31.0|25.0,1,1.43e-07,1.43e-07,0.0,,5.0,31.0,25.0,1083.5293934385359,33555.05349873004,0.0,0.0,0.0,0.0,0.0,0.0,0.20666666666666667,9.421994725552485,1
thermal,thermal::5.0|31.5|25.0,5.0|31.5|25.0,1,1.4400000000000002e-07,1.4400000000000002e-07,0.0,,5.0,31.5,25.0,1087.6484295149864,34226.39004339814,0.0,0.0,0.0,0.0,0.0,0.0,0.21,9.457812430565099,1
thermal,thermal::5.0|32.0|25.0,5.0|32.0|25.0,1,1.4500000000000001e-07,1.4500000000000001e-07,0.0,,5.0,32.0,25.0,1091.7677287434428,34901.85785417656,0.0,0.0,0.0,0.0,0.0,0.0,0.21333333333333335,9.493632423856024,1
thermal,thermal::5.0|32.5|25.0,5.0|32.5|25.0,1,1.46e-07,1.46e-07,0.0,,5.0,32.5,25.0,1095.88728274089,35581.45693229305,0.0,0.0,0.0,0.0,0.0,0.0,0.21666666666666667,9.529454632529479,1
thermal,thermal::5.0|33.0|25.0,5.0|33.0|25.0,1,1.47e-07,1.47e-07,0.0,,5.0,33.0,25.0,1100.0070834766404,36265.18727890781,0.0,0.0,0.0,0.0,0.0,0.0,0.22,9.565278986753395,1
thermal,thermal::5.0|33.5|25.0,5.0|33.5|25.0,1,1.48e-07,1.48e-07,0.0,,5.0,33.5,25.0,1104.1271232540148,36953.048895117994,0.0,0.0,0.0,0.0,0.0,0.0,0.22333333333333333,9.60110541960013,1
thermal,thermal::5.0|34.0|25.0,5.0|34.0|25.0,1,1.49e-07,1.49e-07,0.0,,5.0,34.0,25.0,1108.247394693157,37645.041781962,0.0,0.0,0.0,0.0,0.0,0.0,0.22666666666666666,9.636933866897017,1
thermal,thermal::5.0|34.5|25.0,5.0|34.5|25.0,1,1.5000000000000002e-07,1.5000000000000002e-07,0.0,,5.0,34.5,25.0,1112.3678907148976,38341.16594042329,0.0,0.0,0.0,0.0,0.0,0.0,0.23,9.672764267086066,1
thermal,thermal::5.0|35.0|25.0,5.0|35.0|25.0,1,1.5100000000000002e-07,1.5100000000000002e-07,0.0,,5.0,35.0,25.0,1116.488604525595,39041.42137143408,0.0,0.0,0.0,0.0,0.0,0.0,0.23333333333333334,9.708596561092131,1
thermal,thermal::5.0|35.5|25.0,5.0|35.5|25.0,1,1.52e-07,1.52e-07,0.0,,5.0,35.5,25.0,1120.6095296028825,39745.8080758785,0.0,0.0,0.0,0.0,0.0,0.0,0.23666666666666666,9.744430692198979,1
thermal,thermal::5.0|36.0|25.0,5.0|36.0|25.0,1,1.53e-07,1.53e-07,0.0,,5.0,36.0,25.0,1124.7306596822625,40454.32605459575,0.0,0.0,0.0,0.0,0.0,0.0,0.24,9.780266605932718,1
thermal,thermal::5.0|36.5|25.0,5.0|36.5|25.0,1,1.54e-07,1.54e-07,0.0,,5.0,36.5,25.0,1128.8519887444875,41166.97530838292,0.0,0.0,0.0,0.0,0.0,0.0,0.24333333333333335,9.816104249952065,1
thermal,thermal::5.0|37.0|25.0,5.0|37.0|25.0,1,1.55e-07,1.55e-07,0.0,,5.0,37.0,25.0,1132.9735110036752,41883.75583799751,0.0,0.0,0.0,0.0,0.0,0.0,0.24666666666666667,9.851943573945002,1
thermal,thermal::5.0|37.5|25.0,5.0|37.5|25.0,1,1.5600000000000002e-07,1.5600000000000002e-07,0.0,,5.0,37.5,25.0,1137.0952208961057,42604.66764415994,0.0,0.0,0.0,0.0,0.0,0.0,0.25,9.887784529531354,1
thermal,thermal::5.0|38.0|25.0,5.0|38.0|25.0,1,1.5700000000000002e-07,1.5700000000000002e-07,0.0,,5.0,38.0,25.0,1141.217113069662,43329.710727555794,0.0,0.0,0.0,0.0,0.0,0.0,0.25333333333333335,9.923627070170975,1
thermal,thermal::5.0|38.5|25.0,5.0|38.5|25.0,1,1.58e-07,1.58e-07,0.0,,5.0,38.5,25.0,1145.3391823738648,44058.88508883786,0.0,0.0,0.0,0.0,0.0,0.0,0.25666666666666665,9.959471151077086,1
thermal,thermal::5.0|39.0|25.0,5.0|39.0|25.0,1,1.59e-07,1.59e-07,0.0,,5.0,39.0,25.0,1149.4614238504628,44792.19072862806,0.0,0.0,0.0,0.0,0.0,0.0,0.26,9.995316729134458,1
thermal,thermal::5.0|39.5|25.0,5.0|39.5|25.0,1,1.6e-07,1.6e-07,0.0,,5.0,39.5,25.0,1153.583832724551,45529.6276475193,0.0,0.0,0.0,0.0,0.0,0.0,0.2633333333333333,10.031163762822183,1
thermal,thermal::5.0|40.0|25.0,5.0|40.0|25.0,1,1.61e-07,1.61e-07,0.0,,5.0,40.0,25.0,1157.7064043961718,46271.19584607711,0.0,0.0,0.0,0.0,0.0,0.0,0.26666666666666666,10.067012212140625,1
thermal,thermal::3.0|0.0|125.0,3.0|0.0|125.0,1,1.6200000000000002e-07,1.6200000000000002e-07,0.0,,3.0,0.0,125.0,0.8939294159585188,0.0,0.0,0.0,0.0,0.0,0.0,0.0,0.0,0.007773299269204511,0
thermal,thermal::3.0|0.5|125.0,3.0|0.5|125.0,1,1.6300000000000002e-07,1.6300000000000002e-07,0.0,,3.0,0.5,125.0,137.66394884262337,67.22190959022849,0.0,0.0,0.0,0.0,0.0,0.0,0.0033333333333333335,1.197077816022812,1
thermal,thermal::3.0|1.0|125.0,3.0|1.0|125.0,1,1.64e-07,1.64e-07,0.0,,3.0,1.0,125.0,232.25568259369652,229.12264359168256,0.0,0.0,0.0,0.0,0.0,0.0,0.006666666666666667,2.019614631249535,1
thermal,thermal::3.0|1.5|125.0,3.0|1.5|125.0,1,1.65e-07,1.65e-07,0.0,,3.0,1.5,125.0,286.698784387914,425.4760102868691,0.0,0.0,0.0,0.0,0.0,0.0,0.01,2.493032907720991,1
thermal,thermal::3.0|2.0|125.0,3.0|2.0|125.0,1,1.66e-07,1.66e-07,0.0,,3.0,2.0,125.0,296.5739794696867,587.2158845061373,0.0,0.0,0.0,0.0,0.0,0.0,0.013333333333333334,2.5789041693016235,1
thermal,thermal::3.0|2.5|125.0,3.0|2.5|125.0,1,1.67e-07,1.67e-07,0.0,,3.0,2.5,125.0,297.9216710651629,737.5863441038114,0.0,0.0,0.0,0.0,0.0,0.0,0.016666666666666666,2.5906232266535905,1
thermal,thermal::3.0|3.0|125.0,3.0|3.0|125.0,1,1.6800000000000002e-07,1.6800000000000002e-07,0.0,,3.0,3.0,125.0,299.27453010631996,889.3890746170781,0.0,0.0,0.0,0.0,0.0,0.0,0.02,2.6023872183158256,1
thermal,thermal::3.0|3.5|125.0,3.0|3.5|125.0,1,1.6900000000000002e-07,1.6900000000000002e-07,0.0,,3.0,3.5,125.0,300.6321280481797,1042.6254595505477,0.0,0.0,0.0,0.0,0.0,0.0,0.023333333333333334,2.6141924178102585,1
thermal,thermal::3.0|4.0|125.0,3.0|4.0|125.0,1,1.7000000000000001e-07,1.7000000000000001e-07,0.0,,3.0,4.0,125.0,301.99408245439326,1197.2965049030672,0.0,0.0,0.0,0.0,0.0,0.0,0.02666666666666667,2.62603549960342,1
thermal,thermal::3.0|4.5|125.0,3.0|4.5|125.0,1,1.71e-07,1.71e-07,0.0,,3.0,4.5,125.0,303.3600509598306,1353.4029597039755,0.0,0.0,0.0,0.0,0.0,0.0,0.03,2.6379134866072222,1
thermal,thermal::3.0|5.0|125.0,3.0|5.0|125.0,1,1.72e-07,1.72e-07,0.0,,3.0,5.0,125.0,304.72972615693254,1510.9453931374567,0.0,0.0,0.0,0.0,0.0,0.0,0.03333333333333333,2.649823705712457,1
thermal,thermal::3.0|5.5|125.0,3.0|5.5|125.0,1,1.73e-07,1.73e-07,0.0,,3.0,5.5,125.0,306.10283124537676,1669.924245462976,0.0,0.0,0.0,0.0,0.0,0.0,0.03666666666666667,2.661763749959798,1
thermal,thermal::3.0|6.0|125.0,3.0|6.0|125.0,1,1.7400000000000002e-07,1.7400000000000002e-07,0.0,,3.0,6.0,125.0,307.479116315492,1830.3398625620846,0.0,0.0,0.0,0.0,0.0,0.0,0.04,2.6737314462216695,1
thermal,thermal::3.0|6.5|125.0,3.0|6.5|125.0,1,1.7500000000000002e-07,1.7500000000000002e-07,0.0,,3.0,6.5,125.0,308.8583551603221,1992.1925199416391,0.0,0.0,0.0,0.0,0.0,0.0,0.043333333333333335,2.685724827481062,1
thermal,thermal::3.0|7.0|125.0,3.0|7.0|125.0,1,1.7600000000000001e-07,1.7600000000000001e-07,0.0,,3.0,7.0,125.0,310.2403425306724,2155.4824397659054,0.0,0.0,0.0,0.0,0.0,0.0,0.04666666666666667,2.6977421089623688,1
thermal,thermal::3.0|7.5|125.0,3.0|7.5|125.0,1,1.77e-07,1.77e-07,0.0,,3.0,7.5,125.0,311.62489176296157,2320.2098031704973,0.0,0.0,0.0,0.0,0.0,0.0,0.05,2.709781667504014,1
thermal,thermal::3.0|8.0|125.0,3.0|8.0|125.0,1,1.78e-07,1.78e-07,0.0,,3.0,8.0,125.0,313.0118327221267,2486.374759315711,0.0,0.0,0.0,0.0,0.0,0.0,0.05333333333333334,2.721842023670667,1
thermal,thermal::3.0|8.5|125.0,3.0|8.5|125.0,1,1.79e-07,1.79e-07,0.0,,3.0,8.5,125.0,314.4010100118215,2653.9774321439354,0.0,0.0,0.0,0.0,0.0,0.0,0.056666666666666664,2.733921826189752,1
thermal,thermal::3.0|9.0|125.0,3.0|9.0|125.0,1,1.8000000000000002e-07,1.8000000000000002e-07,0.0,,3.0,9.0,125.0,315.7922814122531,2823.017925492897,0.0,0.0,0.0,0.0,0.0,0.0,0.06,2.746019838367418,1
thermal,thermal::3.0|9.5|125.0,3.0|9.5|125.0,1,1.8100000000000002e-07,1.8100000000000002e-07,0.0,,3.0,9.5,125.0,317.1855165125789,2993.49632701325,0.0,0.0,0.0,0.0,0.0,0.0,0.06333333333333334,2.758134926196338,1
thermal,thermal::3.0|10.0|125.0,3.0|10.0|125.0,1,1.8200000000000002e-07,1.8200000000000002e-07,0.0,,3.0,10.0,125.0,318.5805955101722,3165.412711204484,0.0,0.0,0.0,0.0,0.0,0.0,0.06666666666666667,2.7702660479145407,1
thermal,thermal::3.0|10.5|125.0,3.0|10.5|125.0,1,1.83e-07,1.83e-07,0.0,,3.0,10.5,125.0,319.9774081534738,3338.7671417922575,0.0,0.0,0.0,0.0,0.0,0.0,0.07,2.7824122448128157,1
thermal,thermal::3.0|11.0|125.0,3.0|11.0|125.0,1,1.84e-07,1.84e-07,0.0,,3.0,11.0,125.0,321.37585280879125,3513.55967360803,0.0,0.0,0.0,0.0,0.0,0.0,0.07333333333333333,2.794572633119924,1
thermal,thermal::3.0|11.5|125.0,3.0|11.5|125.0,1,1.85e-07,1.85e-07,0.0,,3.0,11.5,125.0,322.7758356344161,3689.7903540884517,0.0,0.0,0.0,0.0,0.0,0.0,0.07666666666666666,2.80674639682101,1
thermal,thermal::3.0|12.0|125.0,3.0|12.0|125.0,1,1.8600000000000002e-07,1.8600000000000002e-07,0.0,,3.0,12.0,125.0,324.17726984793114,3867.459224481323,0.0,0.0,0.0,0.0,0.0,0.0,0.08,2.8189327812863576,1
thermal,thermal::3.0|12.5|125.0,3.0|12.5|125.0,1,1.8700000000000002e-07,1.8700000000000002e-07,0.0,,3.0,12.5,125.0,325.58007507466607,4046.566320823003,0.0,0.0,0.0,0.0,0.0,0.0,0.08333333333333333,2.831131087605792,1
thermal,thermal::3.0|13.0|125.0,3.0|13.0|125.0,1,1.8800000000000002e-07,1.8800000000000002e-07,0.0,,3.0,13.0,125.0,326.9841767670088,4227.111674736259,0.0,0.0,0.0,0.0,0.0,0.0,0.08666666666666667,2.843340667539207,1
thermal,thermal::3.0|13.5|125.0,3.0|13.5|125.0,1,1.89e-07,1.89e-07,0.0,,3.0,13.5,125.0,328.38950568573784,4409.09531408589,0.0,0.0,0.0,0.0,0.0,0.0,0.09,2.855560919006416,1
thermal,thermal::3.0|14.0|125.0,3.0|14.0|125.0,1,1.9e-07,1.9e-07,0.0,,3.0,14.0,125.0,329.7959974357888,4592.517263520853,0.0,0.0,0.0,0.0,0.0,0.0,0.09333333333333334,2.8677912820503377,1
thermal,thermal::3.0|14.5|125.0,3.0|14.5|125.0,1,1.91e-07,1.91e-07,0.0,,3.0,14.5,125.0,331.20359204989865,4777.377544925174,0.0,0.0,0.0,0.0,0.0,0.0,0.09666666666666666,2.88003123521651,1
thermal,thermal::3.0|15.0|125.0,3.0|15.0|125.0,1,1.9200000000000003e-07,1.9200000000000003e-07,0.0,,3.0,15.0,125.0,332.6122336144696,4963.676177795061,0.0,0.0,0.0,0.0,0.0,0.0,0.1,2.8922802922997355,1
thermal,thermal::3.0|15.5|125.0,3.0|15.5|125.0,1,1.9300000000000002e-07,1.9300000000000002e-07,0.0,,3.0,15.5,125.0,334.0218699327365,5151.413179555932,0.0,0.0,0.0,0.0,0.0,0.0,0.10333333333333333,2.9045379994151,1
thermal,thermal::3.0|16.0|125.0,3.0|16.0|125.0,1,1.9400000000000002e-07,1.9400000000000002e-07,0.0,,3.0,16.0,125.0,335.4324522209726,5340.588565830234,0.0,0.0,0.0,0.0,0.0,0.0,0.10666666666666667,2.9168039323562835,1
thermal,thermal::3.0|16.5|125.0,3.0|16.5|125.0,1,1.95e-07,1.95e-07,0.0,,3.0,16.5,125.0,336.84393483401277,5531.2023506647565,0.0,0.0,0.0,0.0,0.0,0.0,0.11,2.929077694208807,1
thermal,thermal::3.0|17.0|125.0,3.0|17.0|125.0,1,1.96e-07,1.96e-07,0.0,,3.0,17.0,125.0,338.2562750168442,5723.254546724389,0.0,0.0,0.0,0.0,0.0,0.0,0.11333333333333333,2.9413589131899496,1
thermal,thermal::3.0|17.5|125.0,3.0|17.5|125.0,1,1.97e-07,1.97e-07,0.0,,3.0,17.5,125.0,339.6694326794242,5916.745165457984,0.0,0.0,0.0,0.0,0.0,0.0,0.11666666666666667,2.953647240690645,1
thermal,thermal::3.0|18.0|125.0,3.0|18.0|125.0,1,1.98e-07,1.98e-07,0.0,,3.0,18.0,125.0,341.0833701922277,6111.674217240876,0.0,0.0,0.0,0.0,0.0,0.0,0.12,2.965942349497632,1
thermal,thermal::3.0|18.5|125.0,3.0|18.5|125.0,1,1.9900000000000002e-07,1.9900000000000002e-07,0.0,,3.0,18.5,125.0,342.49805220033255,6308.041711497838,0.0,0.0,0.0,0.0,0.0,0.0,0.12333333333333334,2.9782439321768046,1
thermal,thermal::3.0|19.0|125.0,3.0|19.0|125.0,1,2.0000000000000002e-07,2.0000000000000002e-07,0.0,,3.0,19.0,125.0,343.9134454541121,6505.847656809489,0.0,0.0,0.0,0.0,0.0,0.0,0.12666666666666668,2.990551699600975,1
thermal,thermal::3.0|19.5|125.0,3.0|19.5|125.0,1,2.01e-07,2.01e-07,0.0,,3.0,19.5,125.0,345.32951865482664,6705.092061004749,0.0,0.0,0.0,0.0,0.0,0.0,0.13,3.0028653796071882,1
thermal,thermal::3.0|20.0|125.0,3.0|20.0|125.0,1,2.02e-07,2.02e-07,0.0,,3.0,20.0,125.0,346.74624231360986,6905.774931241374,0.0,0.0,0.0,0.0,0.0,0.0,0.13333333333333333,3.0151847157705203,1
thermal,thermal::3.0|20.5|125.0,3.0|20.5|125.0,1,2.03e-07,2.03e-07,0.0,,3.0,20.5,125.0,348.1635886225114,7107.896274076387,0.0,0.0,0.0,0.0,0.0,0.0,0.13666666666666666,3.027509466282708,1
thermal,thermal::3.0|21.0|125.0,3.0|21.0|125.0,1,2.04e-07,2.04e-07,0.0,,3.0,21.0,125.0,349.5815313364107,7311.456095527792,0.0,0.0,0.0,0.0,0.0,0.0,0.14,3.0398394029253106,1
thermal,thermal::3.0|21.5|125.0,3.0|21.5|125.0,1,2.0500000000000002e-07,2.0500000000000002e-07,0.0,,3.0,21.5,125.0,351.0000456647483,7516.454401128855,0.0,0.0,0.0,0.0,0.0,0.0,0.14333333333333334,3.052174310128246,1
thermal,thermal::3.0|22.0|125.0,3.0|22.0|125.0,1,2.0600000000000002e-07,2.0600000000000002e-07,0.0,,3.0,22.0,125.0,352.4191081721337,7722.891195975938,0.0,0.0,0.0,0.0,0.0,0.0,0.14666666666666667,3.0645139841055102,1
thermal,thermal::3.0|22.5|125.0,3.0|22.5|125.0,1,2.0700000000000001e-07,2.0700000000000001e-07,0.0,,3.0,22.5,125.0,353.8386966869947,7930.766484770796,0.0,0.0,0.0,0.0,0.0,0.0,0.15,3.0768582320608235,1
thermal,thermal::3.0|23.0|125.0,3.0|23.0|125.0,1,2.08e-07,2.08e-07,0.0,,3.0,23.0,125.0,355.2587902175163,8140.080271858033,0.0,0.0,0.0,0.0,0.0,0.0,0.15333333333333332,3.0892068714566636,1
thermal,thermal::3.0|23.5|125.0,3.0|23.5|125.0,1,2.09e-07,2.09e-07,0.0,,3.0,23.5,125.0,356.6793688742027,8350.832561258392,0.0,0.0,0.0,0.0,0.0,0.0,0.15666666666666668,3.101559729340893,1
thermal,thermal::3.0|24.0|125.0,3.0|24.0|125.0,1,2.1e-07,2.1e-07,0.0,,3.0,24.0,125.0,358.100413798458,8563.02335669838,0.0,0.0,0.0,0.0,0.0,0.0,0.16,3.113916641725722,1
thermal,thermal::3.0|24.5|125.0,3.0|24.5|125.0,1,2.1100000000000002e-07,2.1100000000000002e-07,0.0,,3.0,24.5,125.0,359.52190709665,8776.652661636692,0.0,0.0,0.0,0.0,0.0,0.0,0.16333333333333333,3.126277453014348,1
thermal,thermal::3.0|25.0|125.0,3.0|25.0|125.0,1,2.1200000000000002e-07,2.1200000000000002e-07,0.0,,3.0,25.0,125.0,360.94383177916984,8991.720479287846,0.0,0.0,0.0,0.0,0.0,0.0,0.16666666666666666,3.138642015471042,1
thermal,thermal::3.0|25.5|125.0,3.0|25.5|125.0,1,2.1300000000000001e-07,2.1300000000000001e-07,0.0,,3.0,25.5,125.0,362.3661717040531,9208.22681264336,0.0,0.0,0.0,0.0,0.0,0.0,0.17,3.1510101887308966,1
thermal,thermal::3.0|26.0|125.0,3.0|26.0|125.0,1,2.14e-07,2.14e-07,0.0,,3.0,26.0,125.0,363.788911524768,9426.171664490768,0.0,0.0,0.0,0.0,0.0,0.0,0.17333333333333334,3.163381839345809,1
thermal,thermal::3.0|26.5|125.0,3.0|26.5|125.0,1,2.15e-07,2.15e-07,0.0,,3.0,26.5,125.0,365.21203664181456,9645.555037430699,0.0,0.0,0.0,0.0,0.0,0.0,0.17666666666666667,3.1757568403636047,1
thermal,thermal::3.0|27.0|125.0,3.0|27.0|125.0,1,2.16e-07,2.16e-07,0.0,,3.0,27.0,125.0,366.6355331578178,9866.376933892292,0.0,0.0,0.0,0.0,0.0,0.0,0.18,3.188135070937546,1
thermal,thermal::3.0|27.5|125.0,3.0|27.5|125.0,1,2.1700000000000002e-07,2.1700000000000002e-07,0.0,,3.0,27.5,125.0,368.05938783582013,10088.637356147108,0.0,0.0,0.0,0.0,0.0,0.0,0.18333333333333332,3.200516415963653,1
thermal,thermal::3.0|28.0|125.0,3.0|28.0|125.0,1,2.1800000000000002e-07,2.1800000000000002e-07,0.0,,3.0,28.0,125.0,369.48358806051203,10312.336306321691,0.0,0.0,0.0,0.0,0.0,0.0,0.18666666666666668,3.212900765743583,1
thermal,thermal::3.0|28.5|125.0,3.0|28.5|125.0,1,2.1900000000000002e-07,2.1900000000000002e-07,0.0,,3.0,28.5,125.0,370.90812180216295,10537.473786408971,0.0,0.0,0.0,0.0,0.0,0.0,0.19,3.2252880156709822,1
thermal,thermal::3.0|29.0|125.0,3.0|29.0|125.0,1,2.2e-07,2.2e-07,0.0,,3.0,29.0,125.0,372.3329775830337,10764.049798278586,0.0,0.0,0.0,0.0,0.0,0.0,0.19333333333333333,3.2376780659394235,1
thermal,thermal::3.0|29.5|125.0,3.0|29.5|125.0,1,2.21e-07,2.21e-07,0.0,,3.0,29.5,125.0,373.7581444460756,10992.064343686272,0.0,0.0,0.0,0.0,0.0,0.0,0.19666666666666666,3.250070821270223,1
thermal,thermal::3.0|30.0|125.0,3.0|30.0|125.0,1,2.22e-07,2.22e-07,0.0,,3.0,30.0,125.0,375.18361192573457,11221.517424282418,0.0,0.0,0.0,0.0,0.0,0.0,0.2,3.2624661906585612,1
thermal,thermal::3.0|30.5|125.0,3.0|30.5|125.0,1,2.2300000000000002e-07,2.2300000000000002e-07,0.0,,3.0,30.5,125.0,376.60937002069835,11452.409041619836,0.0,0.0,0.0,0.0,0.0,0.0,0.20333333333333334,3.2748640871365073,1
thermal,thermal::3.0|31.0|125.0,3.0|31.0|125.0,1,2.2400000000000002e-07,2.2400000000000002e-07,0.0,,3.0,31.0,125.0,378.0354091684376,11684.739197160876,0.0,0.0,0.0,0.0,0.0,0.0,0.20666666666666667,3.287264427551631,1
thermal,thermal::3.0|31.5|125.0,3.0|31.5|125.0,1,2.2500000000000002e-07,2.2500000000000002e-07,0.0,,3.0,31.5,125.0,379.4617202214032,11918.507892283915,0.0,0.0,0.0,0.0,0.0,0.0,0.21,3.2996671323600277,1
thermal,thermal::3.0|32.0|125.0,3.0|32.0|125.0,1,2.26e-07,2.26e-07,0.0,,3.0,32.0,125.0,380.88829442475804,12153.715128289305,0.0,0.0,0.0,0.0,0.0,0.0,0.21333333333333335,3.3120721254326786,1
thermal,thermal::3.0|32.5|125.0,3.0|32.5|125.0,1,2.27e-07,2.27e-07,0.0,,3.0,32.5,125.0,382.31512339552495,12390.360906404801,0.0,0.0,0.0,0.0,0.0,0.0,0.21666666666666667,3.32447933387413,1
thermal,thermal::3.0|33.0|125.0,3.0|33.0|125.0,1,2.28e-07,2.28e-07,0.0,,3.0,33.0,125.0,383.74219910305254,12628.445227790586,0.0,0.0,0.0,0.0,0.0,0.0,0.22,3.336888687852631,1
thermal,thermal::3.0|33.5|125.0,3.0|33.5|125.0,1,2.2900000000000003e-07,2.2900000000000003e-07,0.0,,3.0,33.5,125.0,385.1695138506966,12867.968093543828,0.0,0.0,0.0,0.0,0.0,0.0,0.22333333333333333,3.34930012044084,1
thermal,thermal::3.0|34.0|125.0,3.0|34.0|125.0,1,2.3000000000000002e-07,2.3000000000000002e-07,0.0,,3.0,34.0,125.0,386.59706025863454,13108.929504702915,0.0,0.0,0.0,0.0,0.0,0.0,0.22666666666666666,3.361713567466387,1
thermal,thermal::3.0|34.5|125.0,3.0|34.5|125.0,1,2.3100000000000002e-07,2.3100000000000002e-07,0.0,,3.0,34.5,125.0,388.0248312477295,13351.32946225134,0.0,0.0,0.0,0.0,0.0,0.0,0.23,3.374128967371561,1
thermal,thermal::3.0|35.0|125.0,3.0|35.0|125.0,1,2.32e-07,2.32e-07,0.0,,3.0,35.0,125.0,389.45282002437057,13595.167967121273,0.0,0.0,0.0,0.0,0.0,0.0,0.23333333333333334,3.386546261081483,1
thermal,thermal::3.0|35.5|125.0,3.0|35.5|125.0,1,2.33e-07,2.33e-07,0.0,,3.0,35.5,125.0,390.88102006622137,13840.445020196876,0.0,0.0,0.0,0.0,0.0,0.0,0.23666666666666666,3.3989653918801856,1
thermal,thermal::3.0|36.0|125.0,3.0|36.0|125.0,1,2.34e-07,2.34e-07,0.0,,3.0,36.0,125.0,392.3094251088138,14087.160622317348,0.0,0.0,0.0,0.0,0.0,0.0,0.24,3.411386305294033,1
thermal,thermal::3.0|36.5|125.0,3.0|36.5|125.0,1,2.3500000000000003e-07,2.3500000000000003e-07,0.0,,3.0,36.5,125.0,393.7380291329283,14335.314774279748,0.0,0.0,0.0,0.0,0.0,0.0,0.24333333333333335,3.423808948981985,1
thermal,thermal::3.0|37.0|125.0,3.0|37.0|125.0,1,2.3600000000000002e-07,2.3600000000000002e-07,0.0,,3.0,37.0,125.0,395.16682635270917,14584.907476841609,0.0,0.0,0.0,0.0,0.0,0.0,0.24666666666666667,3.4362332726322538,1
thermal,thermal::3.0|37.5|125.0,3.0|37.5|125.0,1,2.3700000000000002e-07,2.3700000000000002e-07,0.0,,3.0,37.5,125.0,396.59581120446325,14835.938730723352,0.0,0.0,0.0,0.0,0.0,0.0,0.25,3.4486592278648978,1
thermal,thermal::3.0|38.0|125.0,3.0|38.0|125.0,1,2.3800000000000001e-07,2.3800000000000001e-07,0.0,,3.0,38.0,125.0,398.0249783360987,15088.408536610541,0.0,0.0,0.0,0.0,0.0,0.0,0.25333333333333335,3.4610867681399884,1
thermal,thermal::3.0|38.5|125.0,3.0|38.5|125.0,1,2.39e-07,2.39e-07,0.0,,3.0,38.5,125.0,399.45432259716006,15342.316895155966,0.0,0.0,0.0,0.0,0.0,0.0,0.25666666666666665,3.473515848670957,1
thermal,thermal::3.0|39.0|125.0,3.0|39.0|125.0,1,2.4000000000000003e-07,2.4000000000000003e-07,0.0,,3.0,39.0,125.0,400.8838390294207,15597.663806981562,0.0,0.0,0.0,0.0,0.0,0.0,0.26,3.485946426342789,1
thermal,thermal::3.0|39.5|125.0,3.0|39.5|125.0,1,2.41e-07,2.41e-07,0.0,,3.0,39.5,125.0,402.31352285799807,15854.44927268023,0.0,0.0,0.0,0.0,0.0,0.0,0.2633333333333333,3.498378459634766,1
thermal,thermal::3.0|40.0|125.0,3.0|40.0|125.0,1,2.42e-07,2.42e-07,0.0,,3.0,40.0,125.0,403.7433694829569,16112.673292817499,0.0,0.0,0.0,0.0,0.0,0.0,0.26666666666666666,3.5108119085474514,1
thermal,thermal::5.0|0.0|125.0,5.0|0.0|125.0,1,2.43e-07,2.43e-07,0.0,,5.0,0.0,125.0,0.8939294159585188,0.0,0.0,0.0,0.0,0.0,0.0,0.0,0.0,0.007773299269204511,0
thermal,thermal::5.0|0.5|125.0,5.0|0.5|125.0,1,2.44e-07,2.44e-07,0.0,,5.0,0.5,125.0,300.39063278044716,148.58525155914037,0.0,0.0,0.0,0.0,0.0,0.0,0.0033333333333333335,2.61209245896041,1
thermal,thermal::5.0|1.0|125.0,5.0|1.0|125.0,1,2.4500000000000004e-07,2.4500000000000004e-07,0.0,,5.0,1.0,125.0,559.3282214538001,556.1951824517862,0.0,0.0,0.0,0.0,0.0,0.0,0.006666666666666667,4.863723664815653,1
thermal,thermal::5.0|1.5|125.0,5.0|1.5|125.0,1,2.46e-07,2.46e-07,0.0,,5.0,1.5,125.0,779.7363491547533,1165.032357437128,0.0,0.0,0.0,0.0,0.0,0.0,0.01,6.78031607960655,1
thermal,thermal::5.0|2.0|125.0,5.0|2.0|125.0,1,2.4700000000000003e-07,2.4700000000000003e-07,0.0,,5.0,2.0,125.0,845.889925975487,1685.8477775177378,0.0,0.0,0.0,0.0,0.0,0.0,0.013333333333333334,7.355564573699887,1
thermal,thermal::5.0|2.5|125.0,5.0|2.5|125.0,1,2.48e-07,2.48e-07,0.0,,5.0,2.5,125.0,849.9303427989327,2117.6080234382357,0.0,0.0,0.0,0.0,0.0,0.0,0.016666666666666666,7.390698633034197,1
thermal,thermal::5.0|3.0|125.0,5.0|3.0|125.0,1,2.49e-07,2.49e-07,0.0,,5.0,3.0,125.0,853.9759270680593,2553.4932655022963,0.0,0.0,0.0,0.0,0.0,0.0,0.02,7.425877626678776,1
thermal,thermal::5.0|3.5|125.0,5.0|3.5|125.0,1,2.5000000000000004e-07,2.5000000000000004e-07,0.0,,5.0,3.5,125.0,858.0262502378887,2993.5048872145294,0.0,0.0,0.0,0.0,0.0,0.0,0.023333333333333334,7.461097828155554,1
thermal,thermal::5.0|4.0|125.0,5.0|4.0|125.0,1,2.51e-07,2.51e-07,0.0,,5.0,4.0,125.0,862.0809298720719,3437.643894573782,0.0,0.0,0.0,0.0,0.0,0.0,0.02666666666666667,7.49635591193106,1
thermal,thermal::5.0|4.5|125.0,5.0|4.5|125.0,1,2.5200000000000003e-07,2.5200000000000003e-07,0.0,,5.0,4.5,125.0,866.1396236054787,3885.9110366093923,0.0,0.0,0.0,0.0,0.0,0.0,0.03,7.531648900917206,1
thermal,thermal::5.0|5.0|125.0,5.0|5.0|125.0,1,2.53e-07,2.53e-07,0.0,,5.0,5.0,125.0,870.2020240305503,4338.306882505546,0.0,0.0,0.0,0.0,0.0,0.0,0.03333333333333333,7.566974122004785,1
thermal,thermal::5.0|5.5|125.0,5.0|5.5|125.0,1,2.54e-07,2.54e-07,0.0,,5.0,5.5,125.0,874.2678543469642,4794.831872521707,0.0,0.0,0.0,0.0,0.0,0.0,0.03666666666666667,7.602329168234472,1
thermal,thermal::5.0|6.0|125.0,5.0|6.0|125.0,1,2.55e-07,2.55e-07,0.0,,5.0,6.0,125.0,878.3368646450491,5255.486352539428,0.0,0.0,0.0,0.0,0.0,0.0,0.04,7.637711866478688,1
thermal,thermal::5.0|6.5|125.0,5.0|6.5|125.0,1,2.56e-07,2.56e-07,0.0,,5.0,6.5,125.0,882.4088287178488,5720.270598065562,0.0,0.0,0.0,0.0,0.0,0.0,0.043333333333333335,7.673120249720424,1
thermal,thermal::5.0|7.0|125.0,5.0|7.0|125.0,1,2.5700000000000004e-07,2.5700000000000004e-07,0.0,,5.0,7.0,125.0,886.4835413161687,6189.18483126438,0.0,0.0,0.0,0.0,0.0,0.0,0.04666666666666667,7.708552533184076,1
thermal,thermal::5.0|7.5|125.0,5.0|7.5|125.0,1,2.58e-07,2.58e-07,0.0,,5.0,7.5,125.0,890.5608157764275,6662.2292332714915,0.0,0.0,0.0,0.0,0.0,0.0,0.05,7.744007093708065,1
thermal,thermal::5.0|8.0|125.0,5.0|8.0|125.0,1,2.5900000000000003e-07,2.5900000000000003e-07,0.0,,5.0,8.0,125.0,894.6404819635623,7139.403953247195,0.0,0.0,0.0,0.0,0.0,0.0,0.05333333333333334,7.779482451857063,1
thermal,thermal::5.0|8.5|125.0,5.0|8.5|125.0,1,2.6e-07,2.6e-07,0.0,,5.0,8.5,125.0,898.7223844812266,7620.709115133879,0.0,0.0,0.0,0.0,0.0,0.0,0.056666666666666664,7.8149772563584925,1
thermal,thermal::5.0|9.0|125.0,5.0|9.0|125.0,1,2.61e-07,2.61e-07,0.0,,5.0,9.0,125.0,902.8063811096278,8106.144822769269,0.0,0.0,0.0,0.0,0.0,0.0,0.06,7.8504902705185025,1
thermal,thermal::5.0|9.5|125.0,5.0|9.5|125.0,1,2.62e-07,2.62e-07,0.0,,5.0,9.5,125.0,906.8923414379232,8595.711163804022,0.0,0.0,0.0,0.0,0.0,0.0,0.06333333333333334,7.886020360329766,1
thermal,thermal::5.0|10.0|125.0,5.0|10.0|125.0,1,2.63e-07,2.63e-07,0.0,,5.0,10.0,125.0,910.9801456634862,9089.408212737624,0.0,0.0,0.0,0.0,0.0,0.0,0.06666666666666667,7.921566484030315,1
thermal,thermal::5.0|10.5|125.0,5.0|10.5|125.0,1,2.6400000000000003e-07,2.6400000000000003e-07,0.0,,5.0,10.5,125.0,915.0696835347574,9587.236033295734,0.0,0.0,0.0,0.0,0.0,0.0,0.07,7.957127682910934,1
thermal,thermal::5.0|11.0|125.0,5.0|11.0|125.0,1,2.65e-07,2.65e-07,0.0,,5.0,11.0,125.0,919.1608534180444,10089.194680309816,0.0,0.0,0.0,0.0,0.0,0.0,0.07333333333333333,7.992703073200387,1
thermal,thermal::5.0|11.5|125.0,5.0|11.5|125.0,1,2.66e-07,2.66e-07,0.0,,5.0,11.5,125.0,923.2535614716388,10595.284201216513,0.0,0.0,0.0,0.0,0.0,0.0,0.07666666666666666,8.028291838883815,1
thermal,thermal::5.0|12.0|125.0,5.0|12.0|125.0,1,2.67e-07,2.67e-07,0.0,,5.0,12.0,125.0,927.3477209131237,11105.504637263633,0.0,0.0,0.0,0.0,0.0,0.0,0.08,8.06389322533151,1
thermal,thermal::5.0|12.5|125.0,5.0|12.5|125.0,1,2.68e-07,2.68e-07,0.0,,5.0,12.5,125.0,931.4432513678281,11619.856024487528,0.0,0.0,0.0,0.0,0.0,0.0,0.08333333333333333,8.099506533633289,1
thermal,thermal::5.0|13.0|125.0,5.0|13.0|125.0,1,2.6900000000000004e-07,2.6900000000000004e-07,0.0,,5.0,13.0,125.0,935.5400782881402,12138.338394510969,0.0,0.0,0.0,0.0,0.0,0.0,0.08666666666666667,8.135131115549045,1
thermal,thermal::5.0|13.5|125.0,5.0|13.5|125.0,1,2.7e-07,2.7e-07,0.0,,5.0,13.5,125.0,939.6381324348391,12660.951775198757,0.0,0.0,0.0,0.0,0.0,0.0,0.09,8.170766368998601,1
thermal,thermal::5.0|14.0|125.0,5.0|14.0|125.0,1,2.7100000000000003e-07,2.7100000000000003e-07,0.0,,5.0,14.0,125.0,943.7373494128595,13187.696191199846,0.0,0.0,0.0,0.0,0.0,0.0,0.09333333333333334,8.206411734024865,1
thermal,thermal::5.0|14.5|125.0,5.0|14.5|125.0,1,2.72e-07,2.72e-07,0.0,,5.0,14.5,125.0,947.8376692549392,13718.571664398261,0.0,0.0,0.0,0.0,0.0,0.0,0.09666666666666666,8.242066689173384,1
thermal,thermal::5.0|15.0|125.0,5.0|15.0|125.0,1,2.73e-07,2.73e-07,0.0,,5.0,15.0,125.0,951.9390360474795,14253.57821429021,0.0,0.0,0.0,0.0,0.0,0.0,0.1,8.277730748238952,1
thermal,thermal::5.0|15.5|125.0,5.0|15.5|125.0,1,2.74e-07,2.74e-07,0.0,,5.0,15.5,125.0,956.0413975937162,14792.715858301119,0.0,0.0,0.0,0.0,0.0,0.0,0.10333333333333333,8.313403457336662,1
thermal,thermal::5.0|16.0|125.0,5.0|16.0|125.0,1,2.75e-07,2.75e-07,0.0,,5.0,16.0,125.0,960.1447051099218,15335.98461205342,0.0,0.0,0.0,0.0,0.0,0.0,0.10666666666666667,8.34908439226019,1
thermal,thermal::5.0|16.5|125.0,5.0|16.5|125.0,1,2.7600000000000004e-07,2.7600000000000004e-07,0.0,,5.0,16.5,125.0,964.2489129509316,15883.384489593916,0.0,0.0,0.0,0.0,0.0,0.0,0.11,8.384773156095058,1
thermal,thermal::5.0|17.0|125.0,5.0|17.0|125.0,1,2.77e-07,2.77e-07,0.0,,5.0,17.0,125.0,968.3539783617325,16434.91550358749,0.0,0.0,0.0,0.0,0.0,0.0,0.11333333333333333,8.420469377058543,1
thermal,thermal::5.0|17.5|125.0,5.0|17.5|125.0,1,2.7800000000000003e-07,2.7800000000000003e-07,0.0,,5.0,17.5,125.0,972.4598612522823,16990.577665482997,0.0,0.0,0.0,0.0,0.0,0.0,0.11666666666666667,8.456172706541585,1
thermal,thermal::5.0|18.0|125.0,5.0|18.0|125.0,1,2.79e-07,2.79e-07,0.0,,5.0,18.0,125.0,976.5665239930552,17550.370985655776,0.0,0.0,0.0,0.0,0.0,0.0,0.12,8.491882817330914,1
thermal,thermal::5.0|18.5|125.0,5.0|18.5|125.0,1,2.8e-07,2.8e-07,0.0,,5.0,18.5,125.0,980.67393122913,18114.295473530587,0.0,0.0,0.0,0.0,0.0,0.0,0.12333333333333334,8.527599401992434,1
thermal,thermal::5.0|19.0|125.0,5.0|19.0|125.0,1,2.8100000000000004e-07,2.8100000000000004e-07,0.0,,5.0,19.0,125.0,984.782049710879,18682.351137688063,0.0,0.0,0.0,0.0,0.0,0.0,0.12666666666666668,8.563322171398948,1
thermal,thermal::5.0|19.5|125.0,5.0|19.5|125.0,1,2.82e-07,2.82e-07,0.0,,5.0,19.5,125.0,988.8908481395632,19254.53798595711,0.0,0.0,0.0,0.0,0.0,0.0,0.13,8.599050853387507,1
thermal,thermal::5.0|20.0|125.0,5.0|20.0|125.0,1,2.8300000000000003e-07,2.8300000000000003e-07,0.0,,5.0,20.0,125.0,993.0002970263159,19830.856025495494,0.0,0.0,0.0,0.0,0.0,0.0,0.13333333333333333,8.634785191533181,1
thermal,thermal::5.0|20.5|125.0,5.0|20.5|125.0,1,2.84e-07,2.84e-07,0.0,,5.0,20.5,125.0,997.1103685631872,20411.30526286024,0.0,0.0,0.0,0.0,0.0,0.0,0.13666666666666666,8.670524944027715,1
thermal,thermal::5.0|21.0|125.0,5.0|21.0|125.0,1,2.85e-07,2.85e-07,0.0,,5.0,21.0,125.0,1001.2210365050561,20995.885704069344,0.0,0.0,0.0,0.0,0.0,0.0,0.14,8.706269882652661,1
thermal,thermal::5.0|21.5|125.0,5.0|21.5|125.0,1,2.86e-07,2.86e-07,0.0,,5.0,21.5,125.0,1005.3322760613632,21584.597354656078,0.0,0.0,0.0,0.0,0.0,0.0,0.14333333333333334,8.742019791837942,1
thermal,thermal::5.0|22.0|125.0,5.0|22.0|125.0,1,2.87e-07,2.87e-07,0.0,,5.0,22.0,125.0,1009.4440637967183,22177.4402197168,0.0,0.0,0.0,0.0,0.0,0.0,0.14666666666666667,8.77777446779755,1
thermal,thermal::5.0|22.5|125.0,5.0|22.5|125.0,1,2.8800000000000004e-07,2.8800000000000004e-07,0.0,,5.0,22.5,125.0,1013.556377539549,22774.414303953265,0.0,0.0,0.0,0.0,0.0,0.0,0.15,8.813533717735208,1
thermal,thermal::5.0|23.0|125.0,5.0|23.0|125.0,1,2.89e-07,2.89e-07,0.0,,5.0,23.0,125.0,1017.6691962980401,23375.51961171008,0.0,0.0,0.0,0.0,0.0,0.0,0.15333333333333332,8.849297359113391,1
thermal,thermal::5.0|23.5|125.0,5.0|23.5|125.0,1,2.9000000000000003e-07,2.9000000000000003e-07,0.0,,5.0,23.5,125.0,1021.7825001826959,23980.756147007985,0.0,0.0,0.0,0.0,0.0,0.0,0.15666666666666668,8.885065218979964,1
thermal,thermal::5.0|24.0|125.0,5.0|24.0|125.0,1,2.91e-07,2.91e-07,0.0,,5.0,24.0,125.0,1025.896270334921,24590.123913573494,0.0,0.0,0.0,0.0,0.0,0.0,0.16,8.920837133347138,1
thermal,thermal::5.0|24.5|125.0,5.0|24.5|125.0,1,2.92e-07,2.92e-07,0.0,,5.0,24.5,125.0,1030.0104888610826,25203.622914865293,0.0,0.0,0.0,0.0,0.0,0.0,0.16333333333333333,8.95661294661811,1
thermal,thermal::5.0|25.0|125.0,5.0|25.0|125.0,1,2.9300000000000004e-07,2.9300000000000004e-07,0.0,,5.0,25.0,125.0,1034.125138771572,25821.253154097896,0.0,0.0,0.0,0.0,0.0,0.0,0.16666666666666666,8.992392511057147,1
thermal,thermal::5.0|25.5|125.0,5.0|25.5|125.0,1,2.94e-07,2.94e-07,0.0,,5.0,25.5,125.0,1038.240203924425,26443.01463426284,0.0,0.0,0.0,0.0,0.0,0.0,0.17,9.028175686299349,1
thermal,thermal::5.0|26.0|125.0,5.0|26.0|125.0,1,2.9500000000000003e-07,2.9500000000000003e-07,0.0,,5.0,26.0,125.0,1042.3556689731095,27068.907358147648,0.0,0.0,0.0,0.0,0.0,0.0,0.17333333333333334,9.063962338896603,1
thermal,thermal::5.0|26.5|125.0,5.0|26.5|125.0,1,2.96e-07,2.96e-07,0.0,,5.0,26.5,125.0,1046.4715193181257,27698.931328352945,0.0,0.0,0.0,0.0,0.0,0.0,0.17666666666666667,9.099752341896746,1
thermal,thermal::5.0|27.0|125.0,5.0|27.0|125.0,1,2.97e-07,2.97e-07,0.0,,5.0,27.0,125.0,1050.5877410620983,28333.08654730787,0.0,0.0,0.0,0.0,0.0,0.0,0.18,9.135545574453028,1
thermal,thermal::5.0|27.5|125.0,5.0|27.5|125.0,1,2.98e-07,2.98e-07,0.0,,5.0,27.5,125.0,1054.7043209680703,28971.373017283986,0.0,0.0,0.0,0.0,0.0,0.0,0.18333333333333332,9.171341921461481,1
thermal,thermal::5.0|28.0|125.0,5.0|28.0|125.0,1,2.99e-07,2.99e-07,0.0,,5.0,28.0,125.0,1058.8212464207318,29613.790740407847,0.0,0.0,0.0,0.0,0.0,0.0,0.18666666666666668,9.207141273223755,1
thermal,thermal::5.0|28.5|125.0,5.0|28.5|125.0,1,3.0000000000000004e-07,3.0000000000000004e-07,0.0,,5.0,28.5,125.0,1062.9385053903522,30260.339718672374,0.0,0.0,0.0,0.0,0.0,0.0,0.19,9.242943525133498,1
thermal,thermal::5.0|29.0|125.0,5.0|29.0|125.0,1,3.01e-07,3.01e-07,0.0,,5.0,29.0,125.0,1067.056086399193,30911.0199539472,0.0,0.0,0.0,0.0,0.0,0.0,0.19333333333333333,9.278748577384286,1
thermal,thermal::5.0|29.5|125.0,5.0|29.5|125.0,1,3.0200000000000003e-07,3.0200000000000003e-07,0.0,,5.0,29.5,125.0,1071.173978490204,31565.83144798807,0.0,0.0,0.0,0.0,0.0,0.0,0.19666666666666666,9.314556334697427,1
thermal,thermal::5.0|30.0|125.0,5.0|30.0|125.0,1,3.03e-07,3.03e-07,0.0,,5.0,30.0,125.0,1075.292171197833,32224.77420244537,0.0,0.0,0.0,0.0,0.0,0.0,0.2,9.350366706068113,1
thermal,thermal::5.0|30.5|125.0,5.0|30.5|125.0,1,3.04e-07,3.04e-07,0.0,,5.0,30.5,125.0,1079.4106545207662,32887.848218871906,0.0,0.0,0.0,0.0,0.0,0.0,0.20333333333333334,9.386179604528403,1
thermal,thermal::5.0|31.0|125.0,5.0|31.0|125.0,1,3.0500000000000004e-07,3.0500000000000004e-07,0.0,,5.0,31.0,125.0,1083.5294188964751,33555.05349873004,0.0,0.0,0.0,0.0,0.0,0.0,0.20666666666666667,9.42199494692587,1
thermal,thermal::5.0|31.5|125.0,5.0|31.5|125.0,1,3.06e-07,3.06e-07,0.0,,5.0,31.5,125.0,1087.6484551774104,34226.39004339814,0.0,0.0,0.0,0.0,0.0,0.0,0.21,9.457812653716612,1
thermal,thermal::5.0|32.0|125.0,5.0|32.0|125.0,1,3.0700000000000004e-07,3.0700000000000004e-07,0.0,,5.0,32.0,125.0,1091.7677546087348,34901.85785417656,0.0,0.0,0.0,0.0,0.0,0.0,0.21333333333333335,9.493632648771607,1
thermal,thermal::5.0|32.5|125.0,5.0|32.5|125.0,1,3.08e-07,3.08e-07,0.0,,5.0,32.5,125.0,1095.8873088074713,35581.45693229305,0.0,0.0,0.0,0.0,0.0,0.0,0.21666666666666667,9.529454859195402,1
thermal,thermal::5.0|33.0|125.0,5.0|33.0|125.0,1,3.0900000000000003e-07,3.0900000000000003e-07,0.0,,5.0,33.0,125.0,1100.0071097429686,36265.18727890781,0.0,0.0,0.0,0.0,0.0,0.0,0.22,9.565279215156249,1
thermal,thermal::5.0|33.5|125.0,5.0|33.5|125.0,1,3.1e-07,3.1e-07,0.0,,5.0,33.5,125.0,1104.1271497185824,36953.048895117994,0.0,0.0,0.0,0.0,0.0,0.0,0.22333333333333333,9.601105649726803,1
thermal,thermal::5.0|34.0|125.0,5.0|34.0|125.0,1,3.11e-07,3.11e-07,0.0,,5.0,34.0,125.0,1108.24742135449,37645.041781962,0.0,0.0,0.0,0.0,0.0,0.0,0.22666666666666666,9.636934098734695,1
thermal,thermal::5.0|34.5|125.0,5.0|34.5|125.0,1,3.1200000000000004e-07,3.1200000000000004e-07,0.0,,5.0,34.5,125.0,1112.3679175715542,38341.16594042329,0.0,0.0,0.0,0.0,0.0,0.0,0.23,9.672764500622211,1
thermal,thermal::5.0|35.0|125.0,5.0|35.0|125.0,1,3.13e-07,3.13e-07,0.0,,5.0,35.0,125.0,1116.488631576165,39041.42137143408,0.0,0.0,0.0,0.0,0.0,0.0,0.23333333333333334,9.70859679631448,1
thermal,thermal::5.0|35.5|125.0,5.0|35.5|125.0,1,3.1400000000000003e-07,3.1400000000000003e-07,0.0,,5.0,35.5,125.0,1120.6095568459855,39745.8080758785,0.0,0.0,0.0,0.0,0.0,0.0,0.23666666666666666,9.744430929095525,1
thermal,thermal::5.0|36.0|125.0,5.0|36.0|125.0,1,3.15e-07,3.15e-07,0.0,,5.0,36.0,125.0,1124.7306871165476,40454.32605459575,0.0,0.0,0.0,0.0,0.0,0.0,0.24,9.780266844491718,1
thermal,thermal::5.0|36.5|125.0,5.0|36.5|125.0,1,3.16e-07,3.16e-07,0.0,,5.0,36.5,125.0,1128.8520163686317,41166.97530838292,0.0,0.0,0.0,0.0,0.0,0.0,0.24333333333333335,9.816104490162015,1
thermal,thermal::5.0|37.0|125.0,5.0|37.0|125.0,1,3.1700000000000005e-07,3.1700000000000005e-07,0.0,,5.0,37.0,125.0,1132.973538816382,41883.75583799751,0.0,0.0,0.0,0.0,0.0,0.0,0.24666666666666667,9.851943815794625,1
thermal,thermal::5.0|37.5|125.0,5.0|37.5|125.0,1,3.18e-07,3.18e-07,0.0,,5.0,37.5,125.0,1137.0952488961057,42604.66764415994,0.0,0.0,0.0,0.0,0.0,0.0,0.25,9.887784773009614,1
thermal,thermal::5.0|38.0|125.0,5.0|38.0|125.0,1,3.1900000000000004e-07,3.1900000000000004e-07,0.0,,5.0,38.0,125.0,1141.2171412557107,43329.710727555794,0.0,0.0,0.0,0.0,0.0,0.0,0.25333333333333335,9.92362731526705,1
thermal,thermal::5.0|38.5|125.0,5.0|38.5|125.0,1,3.2e-07,3.2e-07,0.0,,5.0,38.5,125.0,1145.3392107447419,44058.88508883786,0.0,0.0,0.0,0.0,0.0,0.0,0.25666666666666665,9.959471397780364,1
thermal,thermal::5.0|39.0|125.0,5.0|39.0|125.0,1,3.2100000000000003e-07,3.2100000000000003e-07,0.0,,5.0,39.0,125.0,1149.461452404972,44792.19072862806,0.0,0.0,0.0,0.0,0.0,0.0,0.26,9.99531697743454,1
thermal,thermal::5.0|39.5|125.0,5.0|39.5|125.0,1,3.22e-07,3.22e-07,0.0,,5.0,39.5,125.0,1153.583861461519,45529.6276475193,0.0,0.0,0.0,0.0,0.0,0.0,0.2633333333333333,10.031164012708862,1
thermal,thermal::5.0|40.0|125.0,5.0|40.0|125.0,1,3.23e-07,3.23e-07,0.0,,5.0,40.0,125.0,1157.7064333144474,46271.19584607711,0.0,0.0,0.0,0.0,0.0,0.0,0.26666666666666666,10.06701246360389,1
transfer,transfer::0.0|0.08|25.0,0.0|0.08|25.0,1,0.0,0.0,0.0,,0.0,0.08,25.0,0.5619533949284857,0.0027934582547859015,0.0,0.0,0.0,0.0,0.0,0.0,0.0005333333333333334,0.004886551260247702,0
transfer,transfer::0.05|0.08|25.0,0.05|0.08|25.0,1,1e-09,1e-09,0.0,,0.05,0.08,25.0,9.237604307034012e-08,0.0,0.0,0.0,0.0,0.0,0.0,0.0,0.0005333333333333334,8.03269939742088e-10,0
transfer,transfer::0.1|0.08|25.0,0.1|0.08|25.0,1,2e-09,2e-09,0.0,,0.1,0.08,25.0,9.237604307034012e-08,0.0,0.0,0.0,0.0,0.0,0.0,0.0,0.0005333333333333334,8.03269939742088e-10,0
transfer,transfer::0.15|0.08|25.0,0.15|0.08|25.0,1,3.0000000000000004e-09,3.0000000000000004e-09,0.0,,0.15000000000000002,0.08,25.0,9.237604307034012e-08,0.0,0.0,0.0,0.0,0.0,0.0,0.0,0.0005333333333333334,8.03269939742088e-10,0
transfer,transfer::0.2|0.08|25.0,0.2|0.08|25.0,1,4e-09,4e-09,0.0,,0.2,0.08,25.0,9.237604307034012e-08,0.0,0.0,0.0,0.0,0.0,0.0,0.0,0.0005333333333333334,8.03269939742088e-10,0
transfer,transfer::0.25|0.08|25.0,0.25|0.08|25.0,1,5e-09,5e-09,0.0,,0.25,0.08,25.0,9.237604307034012e-08,0.0,0.0,0.0,0.0,0.0,0.0,0.0,0.0005333333333333334,8.03269939742088e-10,0
transfer,transfer::0.3|0.08|25.0,0.3|0.08|25.0,1,6.000000000000001e-09,6.000000000000001e-09,0.0,,0.30000000000000004,0.08,25.0,9.237604307034012e-08,0.0,0.0,0.0,0.0,0.0,0.0,0.0,0.0005333333333333334,8.03269939742088e-10,0
transfer,transfer::0.35|0.08|25.0,0.35|0.08|25.0,1,7.000000000000001e-09,7.000000000000001e-09,0.0,,0.35000000000000003,0.08,25.0,9.237604307034012e-08,0.0,0.0,0.0,0.0,0.0,0.0,0.0,0.0005333333333333334,8.03269939742088e-10,0
transfer,transfer::0.4|0.08|25.0,0.4|0.08|25.0,1,8e-09,8e-09,0.0,,0.4,0.08,25.0,9.237604307034012e-08,0.0,0.0,0.0,0.0,0.0,0.0,0.0,0.0005333333333333334,8.03269939742088e-10,0
transfer,transfer::0.45|0.08|25.0,0.45|0.08|25.0,1,9.000000000000001e-09,9.000000000000001e-09,0.0,,0.45,0.08,25.0,9.237604307034012e-08,0.0,0.0,0.0,0.0,0.0,0.0,0.0,0.0005333333333333334,8.03269939742088e-10,0
transfer,transfer::0.5|0.08|25.0,0.5|0.08|25.0,1,1e-08,1e-08,0.0,,0.5,0.08,25.0,9.237604307034012e-08,0.0,0.0,0.0,0.0,0.0,0.0,0.0,0.0005333333333333334,8.03269939742088e-10,0
transfer,transfer::0.55|0.08|25.0,0.55|0.08|25.0,1,1.1000000000000001e-08,1.1000000000000001e-08,0.0,,0.55,0.08,25.0,9.237604307034012e-08,0.0,0.0,0.0,0.0,0.0,0.0,0.0,0.0005333333333333334,8.03269939742088e-10,0
transfer,transfer::0.6|0.08|25.0,0.6|0.08|25.0,1,1.2000000000000002e-08,1.2000000000000002e-08,0.0,,0.6000000000000001,0.08,25.0,9.237604307034012e-08,0.0,0.0,0.0,0.0,0.0,0.0,0.0,0.0005333333333333334,8.03269939742088e-10,0
transfer,transfer::0.65|0.08|25.0,0.65|0.08|25.0,1,1.3e-08,1.3e-08,0.0,,0.65,0.08,25.0,9.237604307034012e-08,0.0,0.0,0.0,0.0,0.0,0.0,0.0,0.0005333333333333334,8.03269939742088e-10,0
transfer,transfer::0.7|0.08|25.0,0.7|0.08|25.0,1,1.4000000000000001e-08,1.4000000000000001e-08,0.0,,0.7000000000000001,0.08,25.0,9.237604307034012e-08,0.0,0.0,0.0,0.0,0.0,0.0,0.0,0.0005333333333333334,8.03269939742088e-10,0
transfer,transfer::0.75|0.08|25.0,0.75|0.08|25.0,1,1.5000000000000002e-08,1.5000000000000002e-08,0.0,,0.75,0.08,25.0,9.237604307034012e-08,0.0,0.0,0.0,0.0,0.0,0.0,0.0,0.0005333333333333334,8.03269939742088e-10,0
transfer,transfer::0.8|0.08|25.0,0.8|0.08|25.0,1,1.6e-08,1.6e-08,0.0,,0.8,0.08,25.0,9.237604307034012e-08,0.0,0.0,0.0,0.0,0.0,0.0,0.0,0.0005333333333333334,8.03269939742088e-10,0
transfer,transfer::0.85|0.08|25.0,0.85|0.08|25.0,1,1.7e-08,1.7e-08,0.0,,0.8500000000000001,0.08,25.0,9.237604307034012e-08,0.0,0.0,0.0,0.0,0.0,0.0,0.0,0.0005333333333333334,8.03269939742088e-10,0
transfer,transfer::0.9|0.08|25.0,0.9|0.08|25.0,1,1.8000000000000002e-08,1.8000000000000002e-08,0.0,,0.9,0.08,25.0,9.237604307034012e-08,0.0,0.0,0.0,0.0,0.0,0.0,0.0,0.0005333333333333334,8.03269939742088e-10,0
transfer,transfer::0.95|0.08|25.0,0.95|0.08|25.0,1,1.9e-08,1.9e-08,0.0,,0.9500000000000001,0.08,25.0,9.237604307034012e-08,0.0,0.0,0.0,0.0,0.0,0.0,0.0,0.0005333333333333334,8.03269939742088e-10,0
transfer,transfer::1.0|0.08|25.0,1.0|0.08|25.0,1,2e-08,2e-08,0.0,,1.0,0.08,25.0,9.237604307034012e-08,0.0,0.0,0.0,0.0,0.0,0.0,0.0,0.0005333333333333334,8.03269939742088e-10,0
transfer,transfer::1.05|0.08|25.0,1.05|0.08|25.0,1,2.1000000000000003e-08,2.1000000000000003e-08,0.0,,1.05,0.08,25.0,9.237604307034012e-08,0.0,0.0,0.0,0.0,0.0,0.0,0.0,0.0005333333333333334,8.03269939742088e-10,0
transfer,transfer::1.1|0.08|25.0,1.1|0.08|25.0,1,2.2000000000000002e-08,2.2000000000000002e-08,0.0,,1.1,0.08,25.0,9.237604307034012e-08,0.0,0.0,0.0,0.0,0.0,0.0,0.0,0.0005333333333333334,8.03269939742088e-10,0
transfer,transfer::1.15|0.08|25.0,1.15|0.08|25.0,1,2.3e-08,2.3e-08,0.0,,1.1500000000000001,0.08,25.0,0.13008058366076838,0.010406439302778027,0.0,0.0,0.0,0.0,0.0,0.0,0.0005333333333333334,0.001131135510093638,0
transfer,transfer::1.2|0.08|25.0,1.2|0.08|25.0,1,2.4000000000000003e-08,2.4000000000000003e-08,0.0,,1.2000000000000002,0.08,25.0,0.6451163627639228,0.051609301631030384,0.0,0.0,0.0,0.0,0.0,0.0,0.0005333333333333334,0.005609707502294981,0
transfer,transfer::1.25|0.08|25.0,1.25|0.08|25.0,1,2.5000000000000002e-08,2.5000000000000002e-08,0.0,,1.25,0.08,25.0,1.355611911398081,0.10844894552176304,0.0,0.0,0.0,0.0,0.0,0.0,0.0005333333333333334,0.011787929664331138,0
transfer,transfer::1.3|0.08|25.0,1.3|0.08|25.0,1,2.6e-08,2.6e-08,0.0,,1.3,0.08,25.0,2.0493872001986526,0.16395096862580877,0.0,0.0,0.0,0.0,0.0,0.0,0.0005333333333333334,0.017820758262596978,0
transfer,transfer::1.35|0.08|25.0,1.35|0.08|25.0,1,2.7e-08,2.7e-08,0.0,,1.35,0.08,25.0,2.7225163256488623,0.21780129866182552,0.0,0.0,0.0,0.0,0.0,0.0,0.0005333333333333334,0.02367405500564228,0
transfer,transfer::1.4|0.08|25.0,1.4|0.08|25.0,1,2.8000000000000003e-08,2.8000000000000003e-08,0.0,,1.4000000000000001,0.08,25.0,3.382777607056998,0.2706222011744764,0.0,0.0,0.0,0.0,0.0,0.0,0.0005333333333333334,0.029415457452669547,0
transfer,transfer::1.45|0.08|25.0,1.45|0.08|25.0,1,2.9e-08,2.9e-08,0.0,,1.4500000000000002,0.08,25.0,4.036446743898623,0.3229157321218064,0.0,0.0,0.0,0.0,0.0,0.0,0.0005333333333333334,0.03509953690346629,0
transfer,transfer::1.5|0.08|25.0,1.5|0.08|25.0,1,3.0000000000000004e-08,3.0000000000000004e-08,0.0,,1.5,0.08,25.0,4.687028034677717,0.3749622353841339,0.0,0.0,0.0,0.0,0.0,0.0,0.0005333333333333334,0.04075676551893667,0
transfer,transfer::1.55|0.08|25.0,1.55|0.08|25.0,1,3.1e-08,3.1e-08,0.0,,1.55,0.08,25.0,5.336233674353718,0.42689868655821395,0.0,0.0,0.0,0.0,0.0,0.0,0.0005333333333333334,0.046402031950901895,0
transfer,transfer::1.6|0.08|25.0,1.6|0.08|25.0,1,3.2e-08,3.2e-08,0.0,,1.6,0.08,25.0,5.984845784298568,0.478787655353802,0.0,0.0,0.0,0.0,0.0,0.0,0.0005333333333333334,0.05204213725477016,0
transfer,transfer::1.65|0.08|25.0,1.65|0.08|25.0,1,3.3000000000000004e-08,3.3000000000000004e-08,0.0,,1.6500000000000001,0.08,25.0,6.633207493661997,0.5306565921028763,0.0,0.0,0.0,0.0,0.0,0.0,0.0005333333333333334,0.057680065162278235,0
transfer,transfer::1.7|0.08|25.0,1.7|0.08|25.0,1,3.4e-08,3.4e-08,0.0,,1.7000000000000002,0.08,25.0,7.281465313308072,0.5825172176745623,0.0,0.0,0.0,0.0,0.0,0.0,0.0005333333333333334,0.06331708968093976,0
transfer,transfer::1.75|0.08|25.0,1.75|0.08|25.0,1,3.5e-08,3.5e-08,0.0,,1.75,0.08,25.0,7.92968058620707,0.6343744395064821,0.0,0.0,0.0,0.0,0.0,0.0,0.0005333333333333334,0.06895374422788757,0
transfer,transfer::1.8|0.08|25.0,1.8|0.08|25.0,1,3.6000000000000005e-08,3.6000000000000005e-08,0.0,,1.8,0.08,25.0,8.577878615363641,0.6862302818390078,0.0,0.0,0.0,0.0,0.0,0.0,0.0005333333333333334,0.07459024882924906,0
transfer,transfer::1.85|0.08|25.0,1.85|0.08|25.0,1,3.7e-08,3.7e-08,0.0,,1.85,0.08,25.0,9.226069715429233,0.7380855698442552,0.0,0.0,0.0,0.0,0.0,0.0,0.0005333333333333334,0.08022669317764551,0
transfer,transfer::1.9|0.08|25.0,1.9|0.08|25.0,1,3.8e-08,3.8e-08,0.0,,1.9000000000000001,0.08,25.0,9.874258051051763,0.7899406366940576,0.0,0.0,0.0,0.0,0.0,0.0,0.0005333333333333334,0.08586311348740663,0
transfer,transfer::1.95|0.08|25.0,1.95|0.08|25.0,1,3.9000000000000005e-08,3.9000000000000005e-08,0.0,,1.9500000000000002,0.08,25.0,10.522445290462795,0.8417956158469401,0.0,0.0,0.0,0.0,0.0,0.0,0.0005333333333333334,0.09149952426489387,0
transfer,transfer::2.0|0.08|25.0,2.0|0.08|25.0,1,4e-08,4e-08,0.0,,2.0,0.08,25.0,11.170632097453382,0.8936505604061871,0.0,0.0,0.0,0.0,0.0,0.0,0.0005333333333333334,0.09713593128220332,0
transfer,transfer::2.05|0.08|25.0,2.05|0.08|25.0,1,4.1e-08,4.1e-08,0.0,,2.0500000000000003,0.08,25.0,11.818818734642925,0.9455054913813505,0.0,0.0,0.0,0.0,0.0,0.0,0.0005333333333333334,0.10277233682298195,0
transfer,transfer::2.1|0.08|25.0,2.1|0.08|25.0,1,4.2000000000000006e-08,4.2000000000000006e-08,0.0,,2.1,0.08,25.0,12.467005305421575,0.9973604170436425,0.0,0.0,0.0,0.0,0.0,0.0,0.0005333333333333334,0.10840874178627456,0
transfer,transfer::2.15|0.08|25.0,2.15|0.08|25.0,1,4.3e-08,4.3e-08,0.0,,2.15,0.08,25.0,13.115191850317904,1.0492153406353488,0.0,0.0,0.0,0.0,0.0,0.0,0.0005333333333333334,0.11404514652450351,0
transfer,transfer::2.2|0.08|25.0,2.2|0.08|25.0,1,4.4000000000000004e-08,4.4000000000000004e-08,0.0,,2.2,0.08,25.0,13.763378385158823,1.1010702634226226,0.0,0.0,0.0,0.0,0.0,0.0,0.0005333333333333334,0.11968155117529411,0
transfer,transfer::2.25|0.08|25.0,2.25|0.08|25.0,1,4.5000000000000006e-08,4.5000000000000006e-08,0.0,,2.25,0.08,25.0,14.411564916104172,1.1529251858982503,0.0,0.0,0.0,0.0,0.0,0.0,0.0005333333333333334,0.1253179557922102,0
transfer,transfer::2.3|0.08|25.0,2.3|0.08|25.0,1,4.6e-08,4.6e-08,0.0,,2.3000000000000003,0.08,25.0,15.059751445544178,1.2047801082534508,0.0,0.0,0.0,0.0,0.0,0.0,0.0005333333333333334,0.13095436039603633,0
transfer,transfer::2.35|0.08|25.0,2.35|0.08|25.0,1,4.7000000000000004e-08,4.7000000000000004e-08,0.0,,2.35,0.08,25.0,15.707937974403816,1.2566350305622218,0.0,0.0,0.0,0.0,0.0,0.0,0.0005333333333333334,0.1365907649948158,0
transfer,transfer::2.4|0.08|25.0,2.4|0.08|25.0,1,4.8000000000000006e-08,4.8000000000000006e-08,0.0,,2.4000000000000004,0.08,25.0,16.356124503040178,1.3084899528531309,0.0,0.0,0.0,0.0,0.0,0.0,0.0005333333333333334,0.1422271695916537,0
transfer,transfer::2.45|0.08|25.0,2.45|0.08|25.0,1,4.9e-08,4.9e-08,0.0,,2.45,0.08,25.0,17.00431103159079,1.3603448751371796,0.0,0.0,0.0,0.0,0.0,0.0,0.0005333333333333334,0.147863574187746,0
transfer,transfer::2.5|0.08|25.0,2.5|0.08|25.0,1,5.0000000000000004e-08,5.0000000000000004e-08,0.0,,2.5,0.08,25.0,17.652497560108543,1.4121997974185998,0.0,0.0,0.0,0.0,0.0,0.0,0.0005333333333333334,0.15349997878355254,0
transfer,transfer::2.55|0.08|25.0,2.55|0.08|25.0,1,5.1e-08,5.1e-08,0.0,,2.5500000000000003,0.08,25.0,18.300684088613725,1.4640547196990146,0.0,0.0,0.0,0.0,0.0,0.0,0.0005333333333333334,0.1591363833792498,0
transfer,transfer::2.6|0.08|25.0,2.6|0.08|25.0,1,5.2e-08,5.2e-08,0.0,,2.6,0.08,25.0,18.948870617114093,1.5159096419790437,0.0,0.0,0.0,0.0,0.0,0.0,0.0005333333333333334,0.16477278797490516,0
transfer,transfer::2.65|0.08|25.0,2.65|0.08|25.0,1,5.3000000000000005e-08,5.3000000000000005e-08,0.0,,2.6500000000000004,0.08,25.0,19.597057145612634,1.5677645642589273,0.0,0.0,0.0,0.0,0.0,0.0,0.0005333333333333334,0.17040919257054465,0
transfer,transfer::2.7|0.08|25.0,2.7|0.08|25.0,1,5.4e-08,5.4e-08,0.0,,2.7,0.08,25.0,20.24524367411047,1.6196194865387539,0.0,0.0,0.0,0.0,0.0,0.0,0.0005333333333333334,0.176045597166178,0
transfer,transfer::2.75|0.08|25.0,2.75|0.08|25.0,1,5.5e-08,5.5e-08,0.0,,2.75,0.08,25.0,20.893430202608034,1.6714744088185591,0.0,0.0,0.0,0.0,0.0,0.0,0.0005333333333333334,0.181682001761809,0
transfer,transfer::2.8|0.08|25.0,2.8|0.08|25.0,1,5.6000000000000005e-08,5.6000000000000005e-08,0.0,,2.8000000000000003,0.08,25.0,21.541616731105506,1.723329331098357,0.0,0.0,0.0,0.0,0.0,0.0,0.0005333333333333334,0.18731840635743918,0
transfer,transfer::2.85|0.08|25.0,2.85|0.08|25.0,1,5.7e-08,5.7e-08,0.0,,2.85,0.08,25.0,22.18980325960294,1.7751842533781514,0.0,0.0,0.0,0.0,0.0,0.0,0.0005333333333333334,0.19295481095306904,0
transfer,transfer::2.9|0.08|25.0,2.9|0.08|25.0,1,5.8e-08,5.8e-08,0.0,,2.9000000000000004,0.08,25.0,22.837989788100362,1.8270391756579456,0.0,0.0,0.0,0.0,0.0,0.0,0.0005333333333333334,0.1985912155486988,0
transfer,transfer::2.95|0.08|25.0,2.95|0.08|25.0,1,5.9000000000000006e-08,5.9000000000000006e-08,0.0,,2.95,0.08,25.0,23.486176316597774,1.8788940979377382,0.0,0.0,0.0,0.0,0.0,0.0,0.0005333333333333334,0.20422762014432846,0
transfer,transfer::3.0|0.08|25.0,3.0|0.08|25.0,1,6.000000000000001e-08,6.000000000000001e-08,0.0,,3.0,0.08,25.0,24.134362845095183,1.930749020217531,0.0,0.0,0.0,0.0,0.0,0.0,0.0005333333333333334,0.2098640247399581,0
transfer,transfer::3.05|0.08|25.0,3.05|0.08|25.0,1,6.1e-08,6.1e-08,0.0,,3.05,0.08,25.0,24.78254937359259,1.9826039424973236,0.0,0.0,0.0,0.0,0.0,0.0,0.0005333333333333334,0.21550042933558775,0
transfer,transfer::3.1|0.08|25.0,3.1|0.08|25.0,1,6.2e-08,6.2e-08,0.0,,3.0999999999999996,0.08,25.0,25.430735902089996,2.034458864777116,0.0,0.0,0.0,0.0,0.0,0.0,0.0005333333333333334,0.22113683393121736,0
transfer,transfer::3.15|0.08|25.0,3.15|0.08|25.0,1,6.300000000000001e-08,6.300000000000001e-08,0.0,,3.15,0.08,25.0,26.078922430587408,2.086313787056909,0.0,0.0,0.0,0.0,0.0,0.0,0.0005333333333333334,0.22677323852684703,0
transfer,transfer::3.2|0.08|25.0,3.2|0.08|25.0,1,6.4e-08,6.4e-08,0.0,,3.1999999999999997,0.08,25.0,26.727108959084816,2.1381687093367017,0.0,0.0,0.0,0.0,0.0,0.0,0.0005333333333333334,0.23240964312247667,0
transfer,transfer::3.25|0.08|25.0,3.25|0.08|25.0,1,6.5e-08,6.5e-08,0.0,,3.25,0.08,25.0,27.37529548758223,2.1900236316164947,0.0,0.0,0.0,0.0,0.0,0.0,0.0005333333333333334,0.23804604771810634,0
transfer,transfer::3.3|0.08|25.0,3.3|0.08|25.0,1,6.600000000000001e-08,6.600000000000001e-08,0.0,,3.3,0.08,25.0,28.023482016079637,2.2418785538962873,0.0,0.0,0.0,0.0,0.0,0.0,0.0005333333333333334,0.24368245231373598,0
transfer,transfer::3.35|0.08|25.0,3.35|0.08|25.0,1,6.7e-08,6.7e-08,0.0,,3.3499999999999996,0.08,25.0,28.67166854457704,2.2937334761760795,0.0,0.0,0.0,0.0,0.0,0.0,0.0005333333333333334,0.2493188569093656,0
transfer,transfer::3.4|0.08|25.0,3.4|0.08|25.0,1,6.8e-08,6.8e-08,0.0,,3.4,0.08,25.0,29.319855073074457,2.345588398455873,0.0,0.0,0.0,0.0,0.0,0.0,0.0005333333333333334,0.25495526150499526,0
transfer,transfer::3.45|0.08|25.0,3.45|0.08|25.0,1,6.900000000000001e-08,6.900000000000001e-08,0.0,,3.4499999999999997,0.08,25.0,29.968041601571862,2.397443320735665,0.0,0.0,0.0,0.0,0.0,0.0,0.0005333333333333334,0.2605916661006249,0
transfer,transfer::3.5|0.08|25.0,3.5|0.08|25.0,1,7e-08,7e-08,0.0,,3.5,0.08,25.0,30.616228130069274,2.449298243015458,0.0,0.0,0.0,0.0,0.0,0.0,0.0005333333333333334,0.26622807069625454,0
transfer,transfer::3.55|0.08|25.0,3.55|0.08|25.0,1,7.1e-08,7.1e-08,0.0,,3.55,0.08,25.0,31.26441465856668,2.501153165295251,0.0,0.0,0.0,0.0,0.0,0.0,0.0005333333333333334,0.2718644752918842,0
transfer,transfer::3.6|0.08|25.0,3.6|0.08|25.0,1,7.200000000000001e-08,7.200000000000001e-08,0.0,,3.5999999999999996,0.08,25.0,31.912601187064087,2.5530080875750434,0.0,0.0,0.0,0.0,0.0,0.0,0.0005333333333333334,0.2775008798875138,0
transfer,transfer::3.65|0.08|25.0,3.65|0.08|25.0,1,7.3e-08,7.3e-08,0.0,,3.65,0.08,25.0,32.5607877155615,2.604863009854837,0.0,0.0,0.0,0.0,0.0,0.0,0.0005333333333333334,0.2831372844831435,0
transfer,transfer::3.7|0.08|25.0,3.7|0.08|25.0,1,7.4e-08,7.4e-08,0.0,,3.6999999999999997,0.08,25.0,33.2089742440589,2.6567179321346286,0.0,0.0,0.0,0.0,0.0,0.0,0.0005333333333333334,0.28877368907877304,0
transfer,transfer::3.75|0.08|25.0,3.75|0.08|25.0,1,7.500000000000001e-08,7.500000000000001e-08,0.0,,3.75,0.08,25.0,33.85716077255631,2.7085728544144216,0.0,0.0,0.0,0.0,0.0,0.0,0.0005333333333333334,0.29441009367440274,0
transfer,transfer::3.8|0.08|25.0,3.8|0.08|25.0,1,7.6e-08,7.6e-08,0.0,,3.8,0.08,25.0,34.505347301053725,2.7604277766942147,0.0,0.0,0.0,0.0,0.0,0.0,0.0005333333333333334,0.3000464982700324,0
transfer,transfer::3.85|0.08|25.0,3.85|0.08|25.0,1,7.7e-08,7.7e-08,0.0,,3.85,0.08,25.0,35.15353382955114,2.8122826989740077,0.0,0.0,0.0,0.0,0.0,0.0,0.0005333333333333334,0.3056829028656621,0
transfer,transfer::3.9|0.08|25.0,3.9|0.08|25.0,1,7.800000000000001e-08,7.800000000000001e-08,0.0,,3.9,0.08,25.0,35.80172035804854,2.8641376212538,0.0,0.0,0.0,0.0,0.0,0.0,0.0005333333333333334,0.31131930746129166,0
transfer,transfer::3.95|0.08|25.0,3.95|0.08|25.0,1,7.9e-08,7.9e-08,0.0,,3.9499999999999997,0.08,25.0,36.44990688654595,2.915992543533593,0.0,0.0,0.0,0.0,0.0,0.0,0.0005333333333333334,0.31695571205692136,0
transfer,transfer::4.0|0.08|25.0,4.0|0.08|25.0,1,8e-08,8e-08,0.0,,4.0,0.08,25.0,37.098093415043365,2.967847465813386,0.0,0.0,0.0,0.0,0.0,0.0,0.0005333333333333334,0.322592116652551,0
transfer,transfer::4.05|0.08|25.0,4.05|0.08|25.0,1,8.100000000000001e-08,8.100000000000001e-08,0.0,,4.05,0.08,25.0,37.74627994354077,3.019702388093178,0.0,0.0,0.0,0.0,0.0,0.0,0.0005333333333333334,0.32822852124818064,0
transfer,transfer::4.1|0.08|25.0,4.1|0.08|25.0,1,8.2e-08,8.2e-08,0.0,,4.1,0.08,25.0,38.39446647203818,3.071557310372971,0.0,0.0,0.0,0.0,0.0,0.0,0.0005333333333333334,0.3338649258438103,0
transfer,transfer::4.15|0.08|25.0,4.15|0.08|25.0,1,8.3e-08,8.3e-08,0.0,,4.15,0.08,25.0,39.042653000535594,3.1234122326527642,0.0,0.0,0.0,0.0,0.0,0.0,0.0005333333333333334,0.33950133043944,0
transfer,transfer::4.2|0.08|25.0,4.2|0.08|25.0,1,8.400000000000001e-08,8.400000000000001e-08,0.0,,4.2,0.08,25.0,39.690839529033006,3.1752671549325573,0.0,0.0,0.0,0.0,0.0,0.0,0.0005333333333333334,0.3451377350350696,0
transfer,transfer::4.25|0.08|25.0,4.25|0.08|25.0,1,8.500000000000001e-08,8.500000000000001e-08,0.0,,4.25,0.08,25.0,40.33902605753041,3.2271220772123494,0.0,0.0,0.0,0.0,0.0,0.0,0.0005333333333333334,0.3507741396306992,0
transfer,transfer::4.3|0.08|25.0,4.3|0.08|25.0,1,8.6e-08,8.6e-08,0.0,,4.3,0.08,25.0,40.98721258602782,3.2789769994921425,0.0,0.0,0.0,0.0,0.0,0.0,0.0005333333333333334,0.3564105442263289,0
transfer,transfer::4.35|0.08|25.0,4.35|0.08|25.0,1,8.700000000000001e-08,8.700000000000001e-08,0.0,,4.35,0.08,25.0,41.63539911452523,3.330831921771935,0.0,0.0,0.0,0.0,0.0,0.0,0.0005333333333333334,0.3620469488219585,0
transfer,transfer::4.4|0.08|25.0,4.4|0.08|25.0,1,8.800000000000001e-08,8.800000000000001e-08,0.0,,4.4,0.08,25.0,42.28358564302265,3.3826868440517286,0.0,0.0,0.0,0.0,0.0,0.0,0.0005333333333333334,0.36768335341758823,0
transfer,transfer::4.45|0.08|25.0,4.45|0.08|25.0,1,8.9e-08,8.9e-08,0.0,,4.45,0.08,25.0,42.93177217152006,3.434541766331521,0.0,0.0,0.0,0.0,0.0,0.0,0.0005333333333333334,0.37331975801321793,0
transfer,transfer::4.5|0.08|25.0,4.5|0.08|25.0,1,9.000000000000001e-08,9.000000000000001e-08,0.0,,4.5,0.08,25.0,43.579958700017464,3.486396688611314,0.0,0.0,0.0,0.0,0.0,0.0,0.0005333333333333334,0.3789561626088475,0
transfer,transfer::4.55|0.08|25.0,4.55|0.08|25.0,1,9.100000000000001e-08,9.100000000000001e-08,0.0,,4.55,0.08,25.0,44.22814522851487,3.538251610891106,0.0,0.0,0.0,0.0,0.0,0.0,0.0005333333333333334,0.3845925672044771,0
transfer,transfer::4.6|0.08|25.0,4.6|0.08|25.0,1,9.2e-08,9.2e-08,0.0,,4.6,0.08,25.0,44.876331757012274,3.5901065331708986,0.0,0.0,0.0,0.0,0.0,0.0,0.0005333333333333334,0.39022897180010674,0
transfer,transfer::4.65|0.08|25.0,4.65|0.08|25.0,1,9.300000000000001e-08,9.300000000000001e-08,0.0,,4.65,0.08,25.0,45.52451828550969,3.641961455450692,0.0,0.0,0.0,0.0,0.0,0.0,0.0005333333333333334,0.39586537639573643,0
transfer,transfer::4.7|0.08|25.0,4.7|0.08|25.0,1,9.400000000000001e-08,9.400000000000001e-08,0.0,,4.7,0.08,25.0,46.172704814007105,3.693816377730485,0.0,0.0,0.0,0.0,0.0,0.0,0.0005333333333333334,0.40150178099136613,0
transfer,transfer::4.75|0.08|25.0,4.75|0.08|25.0,1,9.5e-08,9.5e-08,0.0,,4.75,0.08,25.0,46.8208913425045,3.745671300010277,0.0,0.0,0.0,0.0,0.0,0.0,0.0005333333333333334,0.40713818558699566,0
transfer,transfer::4.8|0.08|25.0,4.8|0.08|25.0,1,9.600000000000001e-08,9.600000000000001e-08,0.0,,4.8,0.08,25.0,47.469077871001915,3.79752622229007,0.0,0.0,0.0,0.0,0.0,0.0,0.0005333333333333334,0.41277459018262536,0
transfer,transfer::4.85|0.08|25.0,4.85|0.08|25.0,1,9.700000000000001e-08,9.700000000000001e-08,0.0,,4.85,0.08,25.0,48.11726439949933,3.849381144569863,0.0,0.0,0.0,0.0,0.0,0.0,0.0005333333333333334,0.418410994778255,0
transfer,transfer::4.9|0.08|25.0,4.9|0.08|25.0,1,9.8e-08,9.8e-08,0.0,,4.9,0.08,25.0,48.765450927996746,3.9012360668496564,0.0,0.0,0.0,0.0,0.0,0.0,0.0005333333333333334,0.42404739937388475,0
transfer,transfer::4.95|0.08|25.0,4.95|0.08|25.0,1,9.9e-08,9.9e-08,0.0,,4.95,0.08,25.0,49.41363745649414,3.953090989129448,0.0,0.0,0.0,0.0,0.0,0.0,0.0005333333333333334,0.4296838039695143,0
transfer,transfer::5.0|0.08|25.0,5.0|0.08|25.0,1,1.0000000000000001e-07,1.0000000000000001e-07,0.0,,5.0,0.08,25.0,50.06182398499155,4.004945911409241,0.0,0.0,0.0,0.0,0.0,0.0,0.0005333333333333334,0.4353202085651439,0
transfer,transfer::5.05|0.08|25.0,5.05|0.08|25.0,1,1.01e-07,1.01e-07,0.0,,5.05,0.08,25.0,50.71001051348897,4.056800833689034,0.0,0.0,0.0,0.0,0.0,0.0,0.0005333333333333334,0.4409566131607736,0
transfer,transfer::5.1|0.08|25.0,5.1|0.08|25.0,1,1.02e-07,1.02e-07,0.0,,5.1,0.08,25.0,51.358197041986365,4.108655755968826,0.0,0.0,0.0,0.0,0.0,0.0,0.0005333333333333334,0.4465930177564032,0
transfer,transfer::5.15|0.08|25.0,5.15|0.08|25.0,1,1.0300000000000001e-07,1.0300000000000001e-07,0.0,,5.15,0.08,25.0,52.00638357048379,4.16051067824862,0.0,0.0,0.0,0.0,0.0,0.0,0.0005333333333333334,0.45222942235203295,0
transfer,transfer::5.2|0.08|25.0,5.2|0.08|25.0,1,1.04e-07,1.04e-07,0.0,,5.2,0.08,25.0,52.65457009898118,4.212365600528411,0.0,0.0,0.0,0.0,0.0,0.0,0.0005333333333333334,0.4578658269476625,0
transfer,transfer::5.25|0.08|25.0,5.25|0.08|25.0,1,1.05e-07,1.05e-07,0.0,,5.25,0.08,25.0,53.30275662747861,4.2642205228082055,0.0,0.0,0.0,0.0,0.0,0.0,0.0005333333333333334,0.46350223154329223,0
transfer,transfer::5.3|0.08|25.0,5.3|0.08|25.0,1,1.0600000000000001e-07,1.0600000000000001e-07,0.0,,5.3,0.08,25.0,53.950943155976006,4.316075445087997,0.0,0.0,0.0,0.0,0.0,0.0,0.0005333333333333334,0.4691386361389218,0
transfer,transfer::5.35|0.08|25.0,5.35|0.08|25.0,1,1.07e-07,1.07e-07,0.0,,5.35,0.08,25.0,54.599129684473425,4.367930367367791,0.0,0.0,0.0,0.0,0.0,0.0,0.0005333333333333334,0.4747750407345515,0
transfer,transfer::5.4|0.08|25.0,5.4|0.08|25.0,1,1.08e-07,1.08e-07,0.0,,5.4,0.08,25.0,55.247316212970844,4.419785289647584,0.0,0.0,0.0,0.0,0.0,0.0,0.0005333333333333334,0.48041144533018126,0
transfer,transfer::5.45|0.08|25.0,5.45|0.08|25.0,1,1.0900000000000001e-07,1.0900000000000001e-07,0.0,,5.45,0.08,25.0,55.89550274146823,4.471640211927375,0.0,0.0,0.0,0.0,0.0,0.0,0.0005333333333333334,0.4860478499258107,0
transfer,transfer::5.5|0.08|25.0,5.5|0.08|25.0,1,1.1e-07,1.1e-07,0.0,,5.5,0.08,25.0,56.543689269965654,4.523495134207169,0.0,0.0,0.0,0.0,0.0,0.0,0.0005333333333333334,0.4916842545214405,0
transfer,transfer::5.55|0.08|25.0,5.55|0.08|25.0,1,1.11e-07,1.11e-07,0.0,,5.55,0.08,25.0,57.191875798463045,4.57535005648696,0.0,0.0,0.0,0.0,0.0,0.0,0.0005333333333333334,0.49732065911706996,0
transfer,transfer::5.6|0.08|25.0,5.6|0.08|25.0,1,1.1200000000000001e-07,1.1200000000000001e-07,0.0,,5.6,0.08,25.0,57.840062326960464,4.627204978766754,0.0,0.0,0.0,0.0,0.0,0.0,0.0005333333333333334,0.5029570637126997,0
transfer,transfer::5.65|0.08|25.0,5.65|0.08|25.0,1,1.13e-07,1.13e-07,0.0,,5.65,0.08,25.0,58.48824885545788,4.679059901046547,0.0,0.0,0.0,0.0,0.0,0.0,0.0005333333333333334,0.5085934683083294,0
transfer,transfer::5.7|0.08|25.0,5.7|0.08|25.0,1,1.14e-07,1.14e-07,0.0,,5.7,0.08,25.0,59.13643538395529,4.73091482332634,0.0,0.0,0.0,0.0,0.0,0.0,0.0005333333333333334,0.514229872903959,0
transfer,transfer::5.75|0.08|25.0,5.75|0.08|25.0,1,1.1500000000000001e-07,1.1500000000000001e-07,0.0,,5.75,0.08,25.0,59.7846219124527,4.782769745606132,0.0,0.0,0.0,0.0,0.0,0.0,0.0005333333333333334,0.5198662774995887,0
transfer,transfer::5.8|0.08|25.0,5.8|0.08|25.0,1,1.16e-07,1.16e-07,0.0,,5.8,0.08,25.0,60.4328084409501,4.834624667885924,0.0,0.0,0.0,0.0,0.0,0.0,0.0005333333333333334,0.5255026820952182,0
transfer,transfer::5.85|0.08|25.0,5.85|0.08|25.0,1,1.17e-07,1.17e-07,0.0,,5.85,0.08,25.0,61.08099496944752,4.886479590165718,0.0,0.0,0.0,0.0,0.0,0.0,0.0005333333333333334,0.531139086690848,0
transfer,transfer::5.9|0.08|25.0,5.9|0.08|25.0,1,1.1800000000000001e-07,1.1800000000000001e-07,0.0,,5.9,0.08,25.0,61.72918149794493,4.938334512445511,0.0,0.0,0.0,0.0,0.0,0.0,0.0005333333333333334,0.5367754912864776,0
transfer,transfer::5.95|0.08|25.0,5.95|0.08|25.0,1,1.1900000000000001e-07,1.1900000000000001e-07,0.0,,5.95,0.08,25.0,62.377368026442326,4.990189434725303,0.0,0.0,0.0,0.0,0.0,0.0,0.0005333333333333334,0.5424118958821071,0
transfer,transfer::6.0|0.08|25.0,6.0|0.08|25.0,1,1.2000000000000002e-07,1.2000000000000002e-07,0.0,,6.0,0.08,25.0,63.02555455493974,5.0420443570050955,0.0,0.0,0.0,0.0,0.0,0.0,0.0005333333333333334,0.5480483004777369,0
